zone,mae,rmse,mape,smape,fold,model
4,24.583333333333332,44.03123891057348,536.4435142196245,80.83127507292204,1,naive_seasonal_24h
7,10.645833333333334,14.054210519745794,248.06313886277124,80.91877370266641,1,naive_seasonal_24h
10,2.5416666666666665,3.541421560145963,85.86954365079364,91.00654097364622,1,naive_seasonal_24h
12,0.875,1.6708281379802852,76.66666666666667,75.5050505050505,1,naive_seasonal_24h
13,24.3125,33.414380636685955,121.33291221015135,114.41648750910792,1,naive_seasonal_24h
14,2.4166666666666665,3.24037034920393,78.16526610644257,123.70550745550743,1,naive_seasonal_24h
17,4.125,5.232112384114087,114.70375523946952,77.75311952733206,1,naive_seasonal_24h
24,7.9375,9.775607398008576,125.31609593890838,63.996545842176225,1,naive_seasonal_24h
25,6.458333333333333,9.456038635002855,129.36983071129413,90.89499759736331,1,naive_seasonal_24h
26,1.625,2.3003622903070435,71.55092592592592,97.61243386243386,1,naive_seasonal_24h
28,1.3333333333333333,1.8596594670351165,49.33473389355742,95.90277777777777,1,naive_seasonal_24h
33,5.104166666666667,7.26435360739917,85.58185992928638,85.6330795282202,1,naive_seasonal_24h
35,2.2083333333333335,2.9011491975882016,66.41421772671772,62.553959520871295,1,naive_seasonal_24h
36,9.125,14.577379737113251,358.61162646876926,98.99954164485898,1,naive_seasonal_24h
37,10.229166666666666,15.59981303306763,407.29713208657057,84.34435279581068,1,naive_seasonal_24h
39,3.9791666666666665,5.2221483446310994,86.51770180529579,103.63867327489618,1,naive_seasonal_24h
40,1.9791666666666667,2.5860201081971503,96.95402298850576,122.05687830687829,1,naive_seasonal_24h
41,11.75,16.492422502470642,111.89077779321298,54.8394899799213,1,naive_seasonal_24h
42,9.208333333333334,13.388427838995884,158.52560976227653,54.42110812505418,1,naive_seasonal_24h
43,17.583333333333332,23.479601075543567,70.5380548227896,64.15504947953106,1,naive_seasonal_24h
45,6.333333333333333,8.696263565463044,142.37678783634667,76.56861143156783,1,naive_seasonal_24h
48,54.979166666666664,77.95979198706642,147.43444003741334,54.839236581817055,1,naive_seasonal_24h
49,4.8125,6.378675411086537,171.11513842283074,100.55020143255437,1,naive_seasonal_24h
50,24.0,32.56020065458238,225.40992253981648,76.65384739863771,1,naive_seasonal_24h
51,1.9375,2.6180463454008347,89.00421626984127,105.50678488178488,1,naive_seasonal_24h
52,1.7291666666666667,2.4109126902482387,84.62053571428572,103.00324675324676,1,naive_seasonal_24h
55,1.8541666666666667,2.7726341266023544,73.08823529411765,84.61513024013024,1,naive_seasonal_24h
56,1.8125,2.4281337140555777,95.43010752688173,118.60690235690235,1,naive_seasonal_24h
61,5.895833333333333,7.741931283601011,140.91059161241176,63.79763211669811,1,naive_seasonal_24h
62,2.125,2.8210518133017928,107.30357142857143,90.23212898212898,1,naive_seasonal_24h
63,1.4583333333333333,1.9039432764659772,80.83333333333333,98.62103174603175,1,naive_seasonal_24h
65,4.604166666666667,5.746375669353104,139.19737961703527,91.22198725384999,1,naive_seasonal_24h
66,4.375,6.147492713835996,179.4876893939394,95.84161577250318,1,naive_seasonal_24h
68,54.020833333333336,65.5341831921835,150.0152101366175,60.37730035903909,1,naive_seasonal_24h
69,1.9375,2.75,73.07306255835667,85.62289562289561,1,naive_seasonal_24h
70,4.9375,7.355553457535787,67.85996036915154,46.01979921029902,1,naive_seasonal_24h
71,2.4375,3.4550687402713134,65.96596386070071,87.38216644466644,1,naive_seasonal_24h
72,2.8541666666666665,3.9764934301467165,64.79588222235282,90.74733856757852,1,naive_seasonal_24h
74,8.895833333333334,12.227871169313707,129.1596211829127,54.114586234547765,1,naive_seasonal_24h
75,24.9375,31.219318271437853,105.366608286747,67.1618000597485,1,naive_seasonal_24h
76,5.625,7.472170590486631,143.22051978641966,79.9926796895209,1,naive_seasonal_24h
77,1.75,2.4916527312876755,86.40376984126983,83.81403318903318,1,naive_seasonal_24h
78,1.5625,2.286737122335374,64.01493930905696,96.38888888888887,1,naive_seasonal_24h
79,162.08333333333334,301.42771383312896,739.2973689408195,81.28977930548652,1,naive_seasonal_24h
80,11.416666666666666,19.28514108495623,472.5329828901257,95.43262153425621,1,naive_seasonal_24h
82,3.5833333333333335,4.476792006187765,180.32349896480332,97.07223324285683,1,naive_seasonal_24h
83,1.625,2.01038968030247,88.19444444444443,135.20833333333334,1,naive_seasonal_24h
85,1.6458333333333333,2.165063509461097,89.81338481338479,83.90542328042328,1,naive_seasonal_24h
86,1.5833333333333333,2.254624876411447,66.83473389355741,107.54960317460318,1,naive_seasonal_24h
87,22.645833333333332,32.766535265928454,451.0571735203173,79.21644962563936,1,naive_seasonal_24h
88,15.645833333333334,26.268247625856837,342.79569663867136,80.262187433369,1,naive_seasonal_24h
89,3.9583333333333335,5.552777082985894,82.61555856068051,78.90217616443107,1,naive_seasonal_24h
90,45.458333333333336,64.30850125242644,405.17950227315447,70.26637317042177,1,naive_seasonal_24h
91,2.7083333333333335,3.9104560688833554,60.07832080200502,96.99900793650795,1,naive_seasonal_24h
92,2.1041666666666665,3.0516389039334255,114.32291666666666,134.50396825396822,1,naive_seasonal_24h
95,3.4166666666666665,4.232808366400098,101.1210946676063,98.61198986198985,1,naive_seasonal_24h
97,6.645833333333333,9.38416218956173,185.1986514777212,83.68803141136088,1,naive_seasonal_24h
100,38.666666666666664,45.93881800830317,150.37498438152247,74.40217280217541,1,naive_seasonal_24h
106,1.5208333333333333,2.1360009363293826,77.52688172043011,105.20833333333333,1,naive_seasonal_24h
107,55.395833333333336,76.12476053602184,348.06729080436617,70.8379402976536,1,naive_seasonal_24h
112,10.416666666666666,15.627166516465271,380.7859204287776,107.94797640976499,1,naive_seasonal_24h
113,41.1875,61.391672888104296,475.2471534749362,74.83235561930081,1,naive_seasonal_24h
114,73.4375,143.32269824885844,725.8075970361999,71.77714768541533,1,naive_seasonal_24h
116,7.583333333333333,10.283481900601567,156.73603068002316,69.34409485640305,1,naive_seasonal_24h
117,1.6458333333333333,2.358495283014151,75.45977011494253,102.3611111111111,1,naive_seasonal_24h
119,1.5625,2.0866640042581523,102.55952380952382,108.70039682539682,1,naive_seasonal_24h
125,17.333333333333332,23.450302059177545,393.3852655530342,82.39811230783452,1,naive_seasonal_24h
127,2.8541666666666665,3.526683994916471,125.55555555555553,112.9563492063492,1,naive_seasonal_24h
129,4.125,5.004164932000809,112.06095913542723,66.54751226442401,1,naive_seasonal_24h
130,3.7083333333333335,4.396968652757639,103.4484597528076,83.79100338659161,1,naive_seasonal_24h
132,80.375,111.50261581386032,41.07235181063074,34.95579015807553,1,naive_seasonal_24h
134,1.5416666666666667,1.9895560643855537,72.94745484400657,119.2063492063492,1,naive_seasonal_24h
137,38.270833333333336,49.594396524876345,242.8139520506226,70.41070873300491,1,naive_seasonal_24h
138,44.0625,61.88951849869249,53.09814494416114,57.19396803004364,1,naive_seasonal_24h
140,75.4375,95.36650792250566,79.47286997738571,75.76389058888263,1,naive_seasonal_24h
141,48.791666666666664,61.01912268570676,171.92648798465842,65.3987544567911,1,naive_seasonal_24h
142,59.166666666666664,81.30908108364444,121.91279605218912,63.87589951382804,1,naive_seasonal_24h
143,31.666666666666668,45.7688940948617,114.22716012076334,68.91688415940342,1,naive_seasonal_24h
144,50.979166666666664,88.61068878338926,941.0080912452198,74.21179632408507,1,naive_seasonal_24h
145,10.875,14.917830494635158,427.89832342222047,76.09122770617479,1,naive_seasonal_24h
146,3.5833333333333335,4.847679857416329,161.79292929292927,79.09541735453179,1,naive_seasonal_24h
148,93.14583333333333,177.51296900977874,852.459679918591,82.57651343908758,1,naive_seasonal_24h
151,15.729166666666666,23.136821302849707,77.03575301962653,52.83444727635763,1,naive_seasonal_24h
152,4.520833333333333,5.889609494694874,95.13538069335983,76.64456303400812,1,naive_seasonal_24h
155,1.5416666666666667,2.169869427715256,80.6989247311828,100.3042328042328,1,naive_seasonal_24h
157,6.666666666666667,11.04158805003459,629.6296296296297,148.31748575498574,1,naive_seasonal_24h
158,46.229166666666664,78.22283873652246,1266.6291673445946,89.22397196634978,1,naive_seasonal_24h
159,1.7916666666666667,2.282177322938192,104.36274509803923,111.47308709808708,1,naive_seasonal_24h
161,177.97916666666666,254.1749315596118,147.6819478454353,93.82684524255399,1,naive_seasonal_24h
162,129.4375,170.1120341618037,120.03123774338916,93.45360356205676,1,naive_seasonal_24h
163,65.25,91.44989520679252,135.9799633074208,64.64662998032613,1,naive_seasonal_24h
164,70.52083333333333,87.70369148445235,302.96245229374443,84.53994101952976,1,naive_seasonal_24h
165,1.6875,2.5860201081971503,61.111111111111114,97.89682539682538,1,naive_seasonal_24h
166,18.416666666666668,24.213460443866065,138.06672210507506,62.281777429461364,1,naive_seasonal_24h
167,1.75,2.8284271247461903,69.33758769965667,99.39784752284753,1,naive_seasonal_24h
168,2.2708333333333335,2.9825883613622137,70.75123289409004,76.30844208824085,1,naive_seasonal_24h
169,1.2708333333333333,1.8540496217739157,59.77777777777777,105.8531746031746,1,naive_seasonal_24h
170,83.875,100.22765752691886,277.7187361277939,81.49818595153691,1,naive_seasonal_24h
177,3.4166666666666665,4.752192476461084,115.98694434220751,83.98036181511414,1,naive_seasonal_24h
179,2.7083333333333335,3.3478849044334447,101.78616522366522,84.80057252116076,1,naive_seasonal_24h
181,5.583333333333333,8.248737277102883,159.0236635345331,81.51865853007492,1,naive_seasonal_24h
182,1.4583333333333333,2.4409697526461347,58.08641975308642,94.09874847374847,1,naive_seasonal_24h
186,70.41666666666667,86.51035583481706,110.13151359748147,65.42964421107446,1,naive_seasonal_24h
188,3.6875,4.884072754030868,77.53314894981561,69.26613643226747,1,naive_seasonal_24h
189,2.8541666666666665,3.98172910513343,127.25439725439726,118.68589743589742,1,naive_seasonal_24h
191,1.2916666666666667,1.9148542155126762,67.04931972789116,112.11309523809524,1,naive_seasonal_24h
193,2.3958333333333335,3.072051431861127,62.057109557109555,81.97733033936595,1,naive_seasonal_24h
195,5.354166666666667,11.428218000487506,564.3103448275863,111.62364851456533,1,naive_seasonal_24h
196,1.5833333333333333,2.0816659994661326,100.78125,108.82936507936506,1,naive_seasonal_24h
197,3.1041666666666665,4.483767017438201,106.5524211560797,95.35736376196901,1,naive_seasonal_24h
198,4.583333333333333,6.044970361107378,168.23660714285717,120.18041112081359,1,naive_seasonal_24h
205,1.8541666666666667,2.7651100038395096,72.57936507936508,110.1923076923077,1,naive_seasonal_24h
209,9.020833333333334,15.844951877490825,324.1749905867552,85.92261333177066,1,naive_seasonal_24h
211,32.5625,48.97554661937595,559.2758042462024,86.81630769504265,1,naive_seasonal_24h
213,1.9583333333333333,2.886751345948129,96.06060606060606,94.53703703703702,1,naive_seasonal_24h
215,1.9583333333333333,3.0754403478743226,101.17687074829931,82.70072520072519,1,naive_seasonal_24h
216,3.2916666666666665,3.9791121287711073,106.67633179828302,83.99995837495838,1,naive_seasonal_24h
222,1.4583333333333333,2.188987589427283,74.12698412698411,68.27982202982203,1,naive_seasonal_24h
223,4.1875,5.174053858758462,134.83302411873842,111.10902499060394,1,naive_seasonal_24h
224,8.979166666666666,11.072676580965718,127.4464797673559,78.21045906581311,1,naive_seasonal_24h
225,4.5625,5.952940449895329,125.508359439618,76.56444682641482,1,naive_seasonal_24h
226,6.0625,7.540170201438868,111.43835999906089,66.866198657288,1,naive_seasonal_24h
228,2.375,3.082207001484488,87.82000407000407,113.99229242979243,1,naive_seasonal_24h
229,38.645833333333336,48.84008770125896,286.46930190265095,70.30049123697911,1,naive_seasonal_24h
230,82.20833333333333,121.16552039806264,153.88821355497473,63.53503663793689,1,naive_seasonal_24h
231,54.4375,71.61456439393689,586.4025708259975,96.55386280654898,1,naive_seasonal_24h
232,10.854166666666666,14.417148354188031,361.69066255904994,75.24692759118017,1,naive_seasonal_24h
233,26.041666666666668,33.534807787332454,200.8967601418699,77.75353029303089,1,naive_seasonal_24h
234,91.33333333333333,122.83135457474474,523.0124558970323,86.335474104976,1,naive_seasonal_24h
235,1.7083333333333333,2.4409697526461347,64.68559218559218,105.65325877825876,1,naive_seasonal_24h
236,123.70833333333333,165.46487542678054,148.81988406343544,84.16455699826493,1,naive_seasonal_24h
237,143.95833333333334,175.07153299913344,197.92107347754438,90.57626188491065,1,naive_seasonal_24h
238,44.645833333333336,59.7841603882946,127.14662121178432,64.33161212416128,1,naive_seasonal_24h
239,48.1875,64.1185425598555,205.5127833311452,64.25462667077348,1,naive_seasonal_24h
243,3.2708333333333335,4.3851073723076235,82.09343964858671,62.71317386126467,1,naive_seasonal_24h
244,6.333333333333333,8.829401640730437,144.22422039131823,63.35838503069732,1,naive_seasonal_24h
246,57.020833333333336,75.85938197305151,272.0422669728318,84.72693840422578,1,naive_seasonal_24h
247,2.3125,3.06526235962492,120.38610038610038,106.871114996115,1,naive_seasonal_24h
249,103.10416666666667,188.28131656292047,491.75123518268356,74.83620297763447,1,naive_seasonal_24h
254,1.625,2.3540744819709225,75.24410774410775,106.26893939393939,1,naive_seasonal_24h
255,19.520833333333332,32.76335605520289,687.7786607332062,122.88365525470242,1,naive_seasonal_24h
256,10.854166666666666,14.896168411149672,423.30813854987656,106.12426678387119,1,naive_seasonal_24h
258,1.6875,2.5289984842489197,71.27777777777777,109.44444444444444,1,naive_seasonal_24h
260,3.8541666666666665,4.823985212802101,246.07017013993757,99.69247066286539,1,naive_seasonal_24h
261,10.270833333333334,13.568499057252673,150.0087725310523,84.52496555585306,1,naive_seasonal_24h
262,38.3125,55.92237924123043,141.4073477597072,73.50678228123098,1,naive_seasonal_24h
263,44.520833333333336,60.078247588734925,272.5505937021005,62.340757777401244,1,naive_seasonal_24h
264,3.0625,4.771879434073469,66.62799857563128,63.57195600187591,1,naive_seasonal_24h
265,2.3541666666666665,3.06526235962492,150.990990990991,108.07840307840307,1,naive_seasonal_24h
4,29.8125,52.46119597696314,786.0205563909511,91.15527912624003,2,naive_seasonal_24h
7,11.1875,13.406310703048272,179.44970482555408,83.4192483404243,2,naive_seasonal_24h
10,2.4166666666666665,3.3541019662496847,69.53320802005013,104.86772486772486,2,naive_seasonal_24h
12,0.8541666666666666,1.4505745987941008,115.35714285714285,64.19642857142857,2,naive_seasonal_24h
13,21.1875,28.97646314971285,89.55438285131187,103.92615233307849,2,naive_seasonal_24h
14,2.3125,3.073746356917998,90.03851540616247,91.98653198653199,2,naive_seasonal_24h
17,5.895833333333333,6.838158865269706,175.7856400135812,88.37673983219224,2,naive_seasonal_24h
24,8.645833333333334,10.939702159260705,135.9763394602239,70.18117990093526,2,naive_seasonal_24h
25,7.3125,10.030162843477003,337.46316990503044,89.56658552201195,2,naive_seasonal_24h
26,2.0208333333333335,2.832107577994405,103.79032258064515,130.74705387205387,2,naive_seasonal_24h
28,1.375,1.9685019685029528,52.17171717171718,105.07936507936508,2,naive_seasonal_24h
33,4.291666666666667,5.151860505357911,99.68811611668752,95.80255460770167,2,naive_seasonal_24h
35,3.4375,5.3091901453988255,79.87859032501889,84.73592010508149,2,naive_seasonal_24h
36,9.6875,14.776811789647544,551.1178861788618,110.15231277882181,2,naive_seasonal_24h
37,13.208333333333334,18.98985474755753,708.8827202889704,96.35105412980226,2,naive_seasonal_24h
39,3.4583333333333335,5.469613027140647,71.71072711034347,80.63872529068607,2,naive_seasonal_24h
40,2.0208333333333335,3.1174909783349816,84.32266009852216,112.52645502645503,2,naive_seasonal_24h
41,13.166666666666666,16.166129716168925,113.29763970312592,58.05003179580507,2,naive_seasonal_24h
42,11.75,15.94260539142416,118.2854707626366,64.2141969672242,2,naive_seasonal_24h
43,22.020833333333332,26.899310709880034,153.29934775834644,80.54076510376332,2,naive_seasonal_24h
45,6.875,9.527919500079753,189.26302644723697,73.62353625947257,2,naive_seasonal_24h
48,56.541666666666664,73.92817460210958,140.03905124443327,55.64441985685119,2,naive_seasonal_24h
49,5.145833333333333,6.5431261641512,238.55832989761558,93.23379839494895,2,naive_seasonal_24h
50,18.354166666666668,23.878599205146017,320.53879238810157,67.40213735180718,2,naive_seasonal_24h
51,2.125,3.0413812651491097,90.6991341991342,92.82587782587781,2,naive_seasonal_24h
52,1.9791666666666667,2.704163456597992,89.28571428571428,120.99537037037037,2,naive_seasonal_24h
55,1.7916666666666667,2.7613402542968153,67.64790764790764,89.8313492063492,2,naive_seasonal_24h
56,1.9375,2.419538523492996,124.56709956709955,115.21494708994707,2,naive_seasonal_24h
61,6.041666666666667,7.651252620758687,154.46324886645866,67.4774627210464,2,naive_seasonal_24h
62,2.5416666666666665,3.129163892586431,102.27614977614978,94.17684167684168,2,naive_seasonal_24h
63,2.3541666666666665,3.6996621467371855,89.56140350877193,104.3713924963925,2,naive_seasonal_24h
65,5.208333333333333,6.061318613415181,118.68587217326714,88.18843911833774,2,naive_seasonal_24h
66,5.520833333333333,7.24353159722521,181.7271154771155,107.11935136956082,2,naive_seasonal_24h
68,60.0625,76.73045353704094,297.3553412286303,64.71545959780137,2,naive_seasonal_24h
69,2.4583333333333335,3.3711397676947974,100.06377881377881,119.93526149776149,2,naive_seasonal_24h
70,5.916666666666667,7.427426651719064,62.804434649449966,71.28237185653612,2,naive_seasonal_24h
71,3.1041666666666665,3.8201766974840314,103.6117036117036,104.47602438411262,2,naive_seasonal_24h
72,2.8541666666666665,3.5910769044025406,85.85332430727168,89.40608943382419,2,naive_seasonal_24h
74,8.9375,11.529852557600206,80.36762781742547,51.68901859369228,2,naive_seasonal_24h
75,15.416666666666666,20.36566759688144,81.89539697200053,47.40138287647716,2,naive_seasonal_24h
76,5.791666666666667,7.700784592061599,116.44000858382744,82.41477760138305,2,naive_seasonal_24h
77,1.5416666666666667,2.3892118644719083,69.55798587377534,64.9571444637234,2,naive_seasonal_24h
78,1.2916666666666667,1.8680426476216578,83.69047619047619,95.38900913900913,2,naive_seasonal_24h
79,198.83333333333334,355.4312521430832,1055.2159334958621,87.02413961371805,2,naive_seasonal_24h
80,14.458333333333334,21.69077184733944,859.6645021645022,113.09212581410925,2,naive_seasonal_24h
82,4.833333333333333,7.435836648734738,148.64841391101896,85.75802864528355,2,naive_seasonal_24h
83,1.9791666666666667,2.6080803924214706,123.08547008547008,122.3249299719888,2,naive_seasonal_24h
85,1.8333333333333333,2.5228125838701003,78.42436974789915,90.04479316979318,2,naive_seasonal_24h
86,1.8333333333333333,2.5310570914145734,72.46852764094143,116.1964886964887,2,naive_seasonal_24h
87,24.3125,37.96530762858814,623.2992109953492,73.87594396420583,2,naive_seasonal_24h
88,16.416666666666668,22.85187811391732,436.8732004917417,92.87930195590157,2,naive_seasonal_24h
89,3.1458333333333335,4.861626956757035,57.25809719995766,74.38685775858134,2,naive_seasonal_24h
90,58.0625,76.96001396829395,411.1875919003211,77.78233995825073,2,naive_seasonal_24h
91,3.2708333333333335,4.728019317501428,89.97126484626484,109.55001923171427,2,naive_seasonal_24h
92,2.3125,3.017311165038612,141.93548387096777,133.11748436748437,2,naive_seasonal_24h
95,4.895833333333333,9.520263476746148,104.54336437159728,102.8923476196273,2,naive_seasonal_24h
97,6.541666666666667,8.395807485485438,151.62716548029655,91.41492820521735,2,naive_seasonal_24h
100,34.5,41.90465367951393,267.52914623123814,65.59792412682367,2,naive_seasonal_24h
106,1.2083333333333333,1.707825127659933,60.83333333333333,113.69047619047619,2,naive_seasonal_24h
107,61.875,86.02083081052713,452.03736034162915,70.79544756228489,2,naive_seasonal_24h
112,13.520833333333334,19.038885646661853,635.264077008263,119.4219328632487,2,naive_seasonal_24h
113,52.458333333333336,73.3575007525929,1015.3940538598365,79.73010062224444,2,naive_seasonal_24h
114,96.0,176.9385486546106,930.793246399975,77.99683891721861,2,naive_seasonal_24h
116,8.625,10.091250335480401,130.9379562116238,75.8293741970211,2,naive_seasonal_24h
117,1.0625,1.4648663192705789,64.99999999999999,83.93849206349205,2,naive_seasonal_24h
119,1.2083333333333333,1.856856662929766,59.44991789819376,96.96097883597884,2,naive_seasonal_24h
125,17.895833333333332,22.2230642201595,268.5907255962973,79.62013845394479,2,naive_seasonal_24h
127,2.125,2.7782638463616087,113.36996336996334,91.75775613275613,2,naive_seasonal_24h
129,5.291666666666667,6.809154377258114,140.52779006339378,69.65722757257765,2,naive_seasonal_24h
130,4.5625,5.63748614188984,161.3437183383992,91.81898451422445,2,naive_seasonal_24h
132,72.27083333333333,99.89551833457462,41.29907049457173,33.85632528082508,2,naive_seasonal_24h
134,1.5208333333333333,1.9525624189766635,60.74074074074074,128.40277777777777,2,naive_seasonal_24h
137,33.958333333333336,42.50159310739618,258.75946157412,69.07447516120314,2,naive_seasonal_24h
138,72.9375,94.98645736805501,76.60733329715642,67.24231412348293,2,naive_seasonal_24h
140,57.4375,73.40959576240698,90.86458610200081,69.81869307539318,2,naive_seasonal_24h
141,38.0625,48.76783861658556,193.62345018143972,61.64265693782064,2,naive_seasonal_24h
142,51.25,80.26369301662282,128.84254965469287,58.98874692146256,2,naive_seasonal_24h
143,24.979166666666668,40.00872300719765,53.74816578072411,59.090678884601935,2,naive_seasonal_24h
144,73.91666666666667,123.91365441306297,1105.449861111207,91.61956628023228,2,naive_seasonal_24h
145,13.458333333333334,18.283644786165222,295.3683379496146,82.36271768599944,2,naive_seasonal_24h
146,7.583333333333333,10.150944126861633,223.2433917093008,96.14109856436725,2,naive_seasonal_24h
148,124.3125,221.1537455406683,1190.3741097050704,100.03767368996836,2,naive_seasonal_24h
151,13.125,19.558406121154146,84.6463745778563,49.69577050733074,2,naive_seasonal_24h
152,3.9791666666666665,5.416987170005113,99.09344051010717,67.65349915844878,2,naive_seasonal_24h
155,1.5833333333333333,2.1578345627040085,67.9341736694678,117.37433862433862,2,naive_seasonal_24h
157,6.354166666666667,12.790377242286484,268.6984126984127,117.95273135790376,2,naive_seasonal_24h
158,46.833333333333336,74.97110554518099,1061.5713308338395,87.86878930920672,2,naive_seasonal_24h
159,1.8541666666666667,2.5617376914898995,95.4861111111111,93.99054649054648,2,naive_seasonal_24h
161,147.20833333333334,214.77633715099995,222.68801717448235,90.6345949682388,2,naive_seasonal_24h
162,101.64583333333333,136.88061251811132,184.55932245134167,82.41043970826264,2,naive_seasonal_24h
163,61.083333333333336,91.34344530397351,156.91011714360187,68.0129402830412,2,naive_seasonal_24h
164,63.416666666666664,82.58278674558439,397.9010323871638,77.85386548320606,2,naive_seasonal_24h
165,1.4166666666666667,2.0514222708485286,82.20588235294117,115.46296296296298,2,naive_seasonal_24h
166,13.4375,17.04986559086806,135.63500161919387,54.91843513261563,2,naive_seasonal_24h
167,1.625,2.5960707489075356,81.89102564102562,95.7473544973545,2,naive_seasonal_24h
168,2.7916666666666665,3.850054112173836,111.19324473975635,76.52423964923965,2,naive_seasonal_24h
169,1.2916666666666667,1.6457014715109584,79.01041666666666,100.77380952380952,2,naive_seasonal_24h
170,63.25,75.25041528124612,301.08593584674935,73.98120036460017,2,naive_seasonal_24h
177,3.125,4.395783964967645,100.68832118174225,93.88092256900306,2,naive_seasonal_24h
179,3.125,4.309630687966971,116.86097992916176,74.53092781401604,2,naive_seasonal_24h
181,3.7083333333333335,4.924428900898052,88.54667199292442,69.4382460424426,2,naive_seasonal_24h
182,1.8958333333333333,3.1655699855370965,58.64350703060379,97.98433048433048,2,naive_seasonal_24h
186,56.583333333333336,71.25482439807146,232.4013032400099,55.66118494155669,2,naive_seasonal_24h
188,4.229166666666667,5.466755588707682,98.22280036211924,75.21746679213476,2,naive_seasonal_24h
189,3.125,4.21678194835825,196.4035087719298,115.71428571428571,2,naive_seasonal_24h
191,1.5208333333333333,2.1530017804606354,80.93073593073593,102.15277777777777,2,naive_seasonal_24h
193,2.875,3.968626966596886,63.71303960589676,74.0666687328839,2,naive_seasonal_24h
195,5.4375,12.517487767120047,230.86206896551724,98.24001520558193,2,naive_seasonal_24h
196,1.8958333333333333,3.031088913245535,86.93290043290042,98.28444703444704,2,naive_seasonal_24h
197,2.9166666666666665,4.08248290463863,102.5922849760059,93.36127992377992,2,naive_seasonal_24h
198,3.6041666666666665,4.925486439598293,191.26728110599078,120.82747998189173,2,naive_seasonal_24h
205,1.5416666666666667,2.421690181120065,64.36384250669965,99.59595959595958,2,naive_seasonal_24h
209,9.645833333333334,17.097453514095797,516.7613388708927,73.95134445005694,2,naive_seasonal_24h
211,37.291666666666664,55.79874550561151,772.0813578478624,88.10889229664849,2,naive_seasonal_24h
213,2.0416666666666665,3.0345235760055207,66.18577550395732,91.34643134643136,2,naive_seasonal_24h
215,1.8541666666666667,2.7271780286589284,59.64285714285714,107.80575905575904,2,naive_seasonal_24h
216,4.208333333333333,5.418909791953851,155.9178949357521,88.1899088613485,2,naive_seasonal_24h
222,1.625,2.4324199198877374,144.39102564102564,92.6223544973545,2,naive_seasonal_24h
223,3.2916666666666665,4.541475531146237,111.67589516426726,81.31947000368052,2,naive_seasonal_24h
224,9.520833333333334,11.467799120435737,295.5348245288799,86.46557173062985,2,naive_seasonal_24h
225,4.0625,5.3023186751961005,112.5479828813162,73.01097209180817,2,naive_seasonal_24h
226,8.395833333333334,10.935892739049702,163.2318688210994,76.87439769579352,2,naive_seasonal_24h
228,2.4166666666666665,3.008668033089283,100.08442776735458,113.59607984607983,2,naive_seasonal_24h
229,36.875,49.3325239235402,284.53912148516747,68.23666062073931,2,naive_seasonal_24h
230,74.8125,108.34195478514621,117.24815688799477,63.11753956979479,2,naive_seasonal_24h
231,49.8125,67.99532765810702,969.0174502474532,83.6422356368892,2,naive_seasonal_24h
232,15.270833333333334,19.252434910940487,350.81251932615004,86.04382766149676,2,naive_seasonal_24h
233,25.9375,34.932375145892,157.82189059058135,66.69116655453699,2,naive_seasonal_24h
234,79.79166666666667,108.99789753323991,769.2506169217087,79.77249275021722,2,naive_seasonal_24h
235,1.3125,2.1065374432940898,52.7056277056277,81.1811568061568,2,naive_seasonal_24h
236,98.5,133.02349416550447,236.69857254558457,77.64076596426479,2,naive_seasonal_24h
237,118.5,146.8474619574112,225.75348149453382,84.09837077963725,2,naive_seasonal_24h
238,32.479166666666664,48.02538391309329,102.6972256233664,54.762517889903016,2,naive_seasonal_24h
239,44.729166666666664,59.993923303392435,180.72499696737404,60.91312607557455,2,naive_seasonal_24h
243,3.5416666666666665,4.559788006768151,112.2046880767811,68.9640464097771,2,naive_seasonal_24h
244,7.1875,9.87051585953507,113.82021915023692,61.407231127442095,2,naive_seasonal_24h
246,59.9375,76.63019966044719,468.5267770441832,76.47383322309196,2,naive_seasonal_24h
247,1.9791666666666667,2.391390808713624,95.72128851540617,106.57099844599843,2,naive_seasonal_24h
249,119.89583333333333,202.6494818646226,543.8867110221505,82.70270851673912,2,naive_seasonal_24h
254,2.0833333333333335,3.0754403478743226,86.68714797747056,91.24068061568062,2,naive_seasonal_24h
255,23.895833333333332,37.707895945897945,1035.0613069473786,131.0001787976191,2,naive_seasonal_24h
256,14.020833333333334,21.411883382832066,568.978074394741,105.63786887277116,2,naive_seasonal_24h
258,1.6666666666666667,2.950988534937629,82.01587301587303,91.54275599128539,2,naive_seasonal_24h
260,3.2083333333333335,4.712571838532897,86.7109360534599,80.93661195376882,2,naive_seasonal_24h
261,10.645833333333334,14.500718373009434,157.2128962982114,73.03209426931214,2,naive_seasonal_24h
262,29.6875,47.034340291606796,106.02334612578761,59.85441227421192,2,naive_seasonal_24h
263,40.041666666666664,54.794787617071755,512.711774785216,59.39697517256436,2,naive_seasonal_24h
264,3.6041666666666665,4.322904116447646,84.58999656674074,72.84148746986949,2,naive_seasonal_24h
265,2.625,3.272358986011977,133.3783783783784,100.88504088504088,2,naive_seasonal_24h
4,23.541666666666668,41.290131993007726,818.831818505332,82.77607938928864,3,naive_seasonal_24h
7,13.75,16.539095098180756,252.9711442832614,91.38495789769856,3,naive_seasonal_24h
10,2.4166666666666665,3.2080627591533597,61.57398157398156,94.18921356421356,3,naive_seasonal_24h
12,1.2291666666666667,2.1065374432940898,97.16117216117215,89.32659932659931,3,naive_seasonal_24h
13,21.125,31.39532873958587,71.8752167380107,94.66569583941106,3,naive_seasonal_24h
14,2.5,3.640054944640259,102.4375,94.94810744810745,3,naive_seasonal_24h
17,4.104166666666667,5.688072315527174,130.59108527131784,74.66064815169675,3,naive_seasonal_24h
24,6.25,7.929375763576853,77.91639161581926,61.37153935514903,3,naive_seasonal_24h
25,6.229166666666667,7.739239842086129,252.41883116883116,99.74330121775942,3,naive_seasonal_24h
26,1.625,2.4324199198877374,60.99927849927851,86.01851851851852,3,naive_seasonal_24h
28,1.6041666666666667,2.322893310794392,68.24915824915824,99.90079365079363,3,naive_seasonal_24h
33,4.708333333333333,6.711308863900295,121.43980672105674,89.33869847472789,3,naive_seasonal_24h
35,2.25,3.13581462037113,64.45427201524762,70.10331818158409,3,naive_seasonal_24h
36,10.25,16.68332500832293,412.2307256235827,114.72238885885628,3,naive_seasonal_24h
37,13.375,19.128948394166017,351.522792022792,90.0207579673451,3,naive_seasonal_24h
39,3.9375,5.076498136839344,98.78195878195879,98.12183122748138,3,naive_seasonal_24h
40,2.4791666666666665,3.4550687402713134,122.37394957983192,116.44420394420395,3,naive_seasonal_24h
41,14.979166666666666,19.386958675013126,124.44775426548217,63.63513645308148,3,naive_seasonal_24h
42,10.395833333333334,13.52081728298996,90.23754275902283,55.86862514996766,3,naive_seasonal_24h
43,26.0625,37.298625980054545,106.68216370998438,69.41400078295736,3,naive_seasonal_24h
45,6.729166666666667,10.724776609950126,142.74834796497186,74.87208369572062,3,naive_seasonal_24h
48,59.395833333333336,76.18631220020212,123.04459346594565,56.06934343260652,3,naive_seasonal_24h
49,5.583333333333333,7.858116822750856,187.89629289629292,109.14597814078172,3,naive_seasonal_24h
50,17.0,23.485811319461234,179.50199095396636,66.54231365914035,3,naive_seasonal_24h
51,2.0,2.8795254238618324,97.52728174603176,86.19047619047619,3,naive_seasonal_24h
52,2.125,3.5118845842842465,94.59595959595958,110.03968253968253,3,naive_seasonal_24h
55,1.6041666666666667,2.4537386440559095,59.1421568627451,105.18428330928332,3,naive_seasonal_24h
56,2.3333333333333335,3.272358986011977,100.46768707482994,113.34656084656085,3,naive_seasonal_24h
61,6.8125,8.716602931570685,176.23836331653666,77.49207329816456,3,naive_seasonal_24h
62,2.5,3.730504880933232,67.97196797196797,97.29617604617606,3,naive_seasonal_24h
63,2.25,3.2145502536643185,73.92827602505022,114.39683954389837,3,naive_seasonal_24h
65,4.020833333333333,5.178078794301995,155.50746599168406,85.36617563311937,3,naive_seasonal_24h
66,3.875,5.251983752196243,155.73636889426362,90.35046704573783,3,naive_seasonal_24h
68,59.75,73.71425687522508,165.98782583660702,61.91947022065985,3,naive_seasonal_24h
69,1.9375,2.665364265286579,89.72789115646259,81.48055648055647,3,naive_seasonal_24h
70,5.708333333333333,8.253787009609589,65.01234823902242,57.65093268085801,3,naive_seasonal_24h
71,3.2291666666666665,5.014562127776794,92.8859689128568,91.00427351143294,3,naive_seasonal_24h
72,2.2083333333333335,3.265986323710904,83.02250302250303,84.35362174412685,3,naive_seasonal_24h
74,10.270833333333334,14.420038141419738,144.29913018582644,58.21390811230202,3,naive_seasonal_24h
75,19.375,27.77213831642545,81.58411780588902,50.08102356808899,3,naive_seasonal_24h
76,5.25,6.87386354243376,87.49101843957365,76.51449417979204,3,naive_seasonal_24h
77,1.6875,2.331844763272204,65.98639455782312,71.9844276094276,3,naive_seasonal_24h
78,1.4791666666666667,1.9418633662885072,82.81746031746032,95.31655844155843,3,naive_seasonal_24h
79,149.08333333333334,270.42674608847403,611.4958714927905,81.03640424770076,3,naive_seasonal_24h
80,13.6875,20.07537878430525,748.7513118194937,113.9913831480664,3,naive_seasonal_24h
82,3.5833333333333335,4.681523968396046,153.20707070707067,87.67302385723438,3,naive_seasonal_24h
83,2.0416666666666665,2.7913557040740375,113.79310344827587,117.63888888888887,3,naive_seasonal_24h
85,2.2916666666666665,3.0618621784789726,91.54878618113912,102.62115199615198,3,naive_seasonal_24h
86,1.4583333333333333,2.29128784747792,58.2917082917083,84.60978835978835,3,naive_seasonal_24h
87,27.291666666666668,41.53061120025404,464.2095214310934,73.29827798903095,3,naive_seasonal_24h
88,18.75,28.621815688969374,476.5821452929644,86.42096070119658,3,naive_seasonal_24h
89,4.104166666666667,5.7608593109014565,111.2985090714741,99.01536122737105,3,naive_seasonal_24h
90,45.666666666666664,65.54133555754466,306.1017379743872,65.80679485237589,3,naive_seasonal_24h
91,2.5416666666666665,3.9633739835313717,61.26126732744379,96.75802641755327,3,naive_seasonal_24h
92,2.8958333333333335,3.907791362564452,106.6122448979592,122.11774336774336,3,naive_seasonal_24h
95,2.6041666666666665,3.473110997362451,64.50269242952169,80.05626318126318,3,naive_seasonal_24h
97,5.104166666666667,8.029892070673595,190.70709630535836,71.09669599716541,3,naive_seasonal_24h
100,34.958333333333336,43.93223949068231,129.39671679154924,68.196306664664,3,naive_seasonal_24h
106,1.6666666666666667,2.318404623873926,75.95238095238095,106.94444444444444,3,naive_seasonal_24h
107,59.229166666666664,83.13380279204523,328.93534420751223,68.77937426492463,3,naive_seasonal_24h
112,13.666666666666666,18.21972374470407,528.4801025847538,118.92901837169865,3,naive_seasonal_24h
113,48.625,67.68708640993987,1222.8738473969943,79.00148407022077,3,naive_seasonal_24h
114,69.89583333333333,133.3215880243456,777.217581277665,76.87075851762857,3,naive_seasonal_24h
116,7.958333333333333,10.204165815979275,135.30646568589856,77.23483396021781,3,naive_seasonal_24h
117,1.3541666666666667,2.0866640042581523,64.71296296296298,76.93718318718318,3,naive_seasonal_24h
119,1.2291666666666667,1.796988221070652,74.48717948717949,103.24074074074072,3,naive_seasonal_24h
125,17.104166666666668,23.292076621317673,495.8275970734393,77.0264256999306,3,naive_seasonal_24h
127,2.3958333333333335,3.072051431861127,81.73635307781649,91.91468253968253,3,naive_seasonal_24h
129,4.729166666666667,6.043246919771964,107.26059126059124,66.75881229635941,3,naive_seasonal_24h
130,3.6666666666666665,5.07444578254611,120.40143733078514,71.11094528517802,3,naive_seasonal_24h
132,59.916666666666664,81.92730517558437,34.960622585497525,40.79799261073088,3,naive_seasonal_24h
134,1.6875,2.25,88.28125,118.6111111111111,3,naive_seasonal_24h
137,37.875,47.559611716945994,184.39217148313696,69.50449747218741,3,naive_seasonal_24h
138,67.72916666666667,96.97497529431669,66.67385775189322,54.49664780927757,3,naive_seasonal_24h
140,70.39583333333333,90.55028529312686,93.47648351954506,73.9725671662094,3,naive_seasonal_24h
141,50.8125,61.4859401272627,210.6730235804589,62.287312250713605,3,naive_seasonal_24h
142,75.0,111.2160060422959,142.2780004264206,64.96409167403351,3,naive_seasonal_24h
143,29.5625,42.04090270201153,106.38319375736218,60.78076399652502,3,naive_seasonal_24h
144,51.333333333333336,84.40280406084464,995.2321118243121,78.88429529900083,3,naive_seasonal_24h
145,10.916666666666666,14.961060568466841,271.89974878983736,78.30645145080369,3,naive_seasonal_24h
146,4.354166666666667,5.202163011671203,163.0223665223665,80.64924023870101,3,naive_seasonal_24h
148,85.875,158.50157727921825,788.9218148982458,83.23164225971182,3,naive_seasonal_24h
151,19.416666666666668,23.888630489558555,149.80497262393084,63.141826153982215,3,naive_seasonal_24h
152,3.9583333333333335,4.903230227785217,131.31401394052676,69.66324707929645,3,naive_seasonal_24h
155,1.25,2.0207259421636903,53.94444444444445,71.72258297258297,3,naive_seasonal_24h
157,6.666666666666667,13.547755041580382,259.6794871794872,133.0026455026455,3,naive_seasonal_24h
158,44.75,70.62429940655458,823.1053807633508,87.88963965771882,3,naive_seasonal_24h
159,2.0625,2.7726341266023544,80.9157509157509,106.5292809042809,3,naive_seasonal_24h
161,154.5,241.87892976997122,127.81618579145221,80.07246498149516,3,naive_seasonal_24h
162,103.625,148.418046970935,121.20768063389306,77.29368824404902,3,naive_seasonal_24h
163,55.395833333333336,84.90251763051553,101.69965324301688,57.65059609443956,3,naive_seasonal_24h
164,65.22916666666667,87.03627117472347,235.20804617781897,72.7007007947857,3,naive_seasonal_24h
165,2.3125,2.9190466480228325,103.17204301075269,131.20039682539684,3,naive_seasonal_24h
166,9.5,13.372858083945008,97.91782178189182,47.17087768424969,3,naive_seasonal_24h
167,1.4583333333333333,2.273030282830976,101.96581196581198,90.45304232804233,3,naive_seasonal_24h
168,3.0,3.8997863189325304,90.48357327427095,74.72876252288016,3,naive_seasonal_24h
169,1.3958333333333333,2.174664725116648,45.05952380952381,106.15740740740739,3,naive_seasonal_24h
170,65.45833333333333,86.1974477580398,182.06237724018874,70.1322182698702,3,naive_seasonal_24h
177,2.7916666666666665,4.123105625617661,123.72123015873015,78.92160764645284,3,naive_seasonal_24h
179,3.625,5.0703385817254185,134.65026201868307,95.5584854959855,3,naive_seasonal_24h
181,7.083333333333333,12.12607383561005,188.74949124949123,88.10713272750877,3,naive_seasonal_24h
182,1.7291666666666667,2.757565351295716,78.8409090909091,91.81204212454213,3,naive_seasonal_24h
186,70.08333333333333,87.97182314051851,94.4315057430235,61.37846828761591,3,naive_seasonal_24h
188,4.625,5.930148958219065,118.57246104592411,86.66106876284054,3,naive_seasonal_24h
189,3.3333333333333335,5.303300858899107,152.1982038429407,106.57738095238092,3,naive_seasonal_24h
191,1.5416666666666667,2.3717082451262845,60.90686274509803,103.26973951973952,3,naive_seasonal_24h
193,2.875,4.4628092796652945,75.07730364873223,74.86587587131065,3,naive_seasonal_24h
195,5.291666666666667,10.022890467990425,366.9642857142857,127.63101841613839,3,naive_seasonal_24h
196,1.4583333333333333,1.9039432764659772,65.63725490196079,118.88558201058201,3,naive_seasonal_24h
197,3.5208333333333335,4.389855730355308,137.14526214526214,114.48262385762386,3,naive_seasonal_24h
198,4.395833333333333,5.463896655928502,133.37414965986397,113.59096921596922,3,naive_seasonal_24h
205,1.9375,2.4537386440559095,77.18518518518518,121.79112554112555,3,naive_seasonal_24h
209,8.6875,13.98138643578192,338.2736222963752,88.70031309814185,3,naive_seasonal_24h
211,29.0,43.033417247529854,739.301444780458,77.12535940809603,3,naive_seasonal_24h
213,1.7708333333333333,2.331844763272204,68.61507936507937,103.15386002886002,3,naive_seasonal_24h
215,1.9583333333333333,2.943920288775949,73.6996336996337,109.47818385318385,3,naive_seasonal_24h
216,3.3541666666666665,4.038873605350878,95.23595154845154,88.39459151959151,3,naive_seasonal_24h
222,1.8541666666666667,2.7195281453467866,87.72154316271964,96.8297212047212,3,naive_seasonal_24h
223,3.5,4.406434688800762,169.92857142857142,88.97732441850088,3,naive_seasonal_24h
224,8.666666666666666,10.559356040971437,128.3948911538197,82.09590204649311,3,naive_seasonal_24h
225,5.083333333333333,6.211548384528075,144.87368061231697,77.8295013451747,3,naive_seasonal_24h
226,5.854166666666667,7.66621375473795,99.88869846179858,61.41118016492555,3,naive_seasonal_24h
228,2.7708333333333335,3.59687364248454,116.51515151515153,122.6972101972102,3,naive_seasonal_24h
229,38.708333333333336,47.3268774940132,164.25773708417137,62.59188009232085,3,naive_seasonal_24h
230,76.875,111.14573766006504,77.0117268433678,59.442754903966744,3,naive_seasonal_24h
231,46.395833333333336,64.14550516858787,455.73418017311826,81.83869055464962,3,naive_seasonal_24h
232,10.75,14.951309864579313,282.83159142729033,74.31585267017482,3,naive_seasonal_24h
233,25.041666666666668,32.50897312025302,141.4325730284334,65.93382362300251,3,naive_seasonal_24h
234,77.5,103.85125581009281,510.963737405467,80.56944116396585,3,naive_seasonal_24h
235,1.4166666666666667,2.01038968030247,68.30246913580247,94.99849687349688,3,naive_seasonal_24h
236,102.97916666666667,153.70161840397128,170.9537848187641,70.29709530849901,3,naive_seasonal_24h
237,100.0,140.19138703928996,180.6273732501263,66.50958072143705,3,naive_seasonal_24h
238,39.541666666666664,53.13583222898336,114.32113911561343,59.50813624370581,3,naive_seasonal_24h
239,54.208333333333336,69.69576744681129,222.28155821489094,56.86907125649142,3,naive_seasonal_24h
243,4.895833333333333,6.128825336065631,141.00479472218603,84.62638181678429,3,naive_seasonal_24h
244,6.625,9.144670579085941,67.10062067559635,56.20627753071327,3,naive_seasonal_24h
246,57.291666666666664,74.96054517766885,251.48731848427377,82.33475615774843,3,naive_seasonal_24h
247,2.4375,3.2371540999258386,95.61237373737374,113.69750619750619,3,naive_seasonal_24h
249,102.5,183.78565413727662,442.5733903099066,76.74771616311864,3,naive_seasonal_24h
254,1.7291666666666667,2.6339134382131846,68.79509379509379,104.42129629629629,3,naive_seasonal_24h
255,21.6875,38.955369762503004,1258.9205018300413,119.86421341273228,3,naive_seasonal_24h
256,13.583333333333334,18.585388526115526,561.0989328588433,112.17544183855675,3,naive_seasonal_24h
258,1.9791666666666667,2.7271780286589284,94.21866447728516,119.95941558441558,3,naive_seasonal_24h
260,2.8333333333333335,3.9157800414902435,133.79365079365078,81.76182613682614,3,naive_seasonal_24h
261,10.041666666666666,13.173521422408918,166.8138739173357,69.54239029978545,3,naive_seasonal_24h
262,32.208333333333336,46.95299067507131,134.08456652696995,62.06000084044143,3,naive_seasonal_24h
263,49.9375,61.801597875783116,339.8538590533599,64.63465385485502,3,naive_seasonal_24h
264,2.9583333333333335,4.339738855430512,52.01518671030866,77.07788062470725,3,naive_seasonal_24h
265,2.6458333333333335,3.412599204907212,172.276936026936,105.50565175565174,3,naive_seasonal_24h
4,26.895833333333332,44.96781256261713,593.8051003779489,90.9265306177698,4,naive_seasonal_24h
7,16.125,19.893466264077762,431.95537708842676,105.76046076891261,4,naive_seasonal_24h
10,2.5416666666666665,3.5765439556458225,83.65750915750915,90.41836431542315,4,naive_seasonal_24h
12,1.375,2.169869427715256,149.84848484848484,83.86904761904762,4,naive_seasonal_24h
13,17.958333333333332,26.813398392097437,62.072583733047594,84.91987783293337,4,naive_seasonal_24h
14,2.9166666666666665,3.724916106437835,100.10471781305115,121.13065175565175,4,naive_seasonal_24h
17,5.541666666666667,6.846531968814577,134.59094428606622,87.3851616064397,4,naive_seasonal_24h
24,5.979166666666667,7.736547464254754,99.88244596345181,61.33803950211484,4,naive_seasonal_24h
25,8.333333333333334,12.443204303286727,283.68598880794,96.16287211755422,4,naive_seasonal_24h
26,1.5,2.0816659994661326,83.63095238095238,86.17243867243867,4,naive_seasonal_24h
28,1.7291666666666667,2.553592241007427,84.46096913838849,119.97023809523809,4,naive_seasonal_24h
33,4.9375,6.459811658761164,103.29567743469346,100.3397859880058,4,naive_seasonal_24h
35,3.5625,5.359959576962001,88.06820277358035,97.62997416392226,4,naive_seasonal_24h
36,10.416666666666666,15.970024003321557,544.2543859649123,123.72745694753809,4,naive_seasonal_24h
37,13.4375,21.221549582126812,220.68519773876915,84.30998675893034,4,naive_seasonal_24h
39,2.9166666666666665,4.587119648174295,55.843628249975,67.29712167046712,4,naive_seasonal_24h
40,1.875,2.7838821814150108,103.3201058201058,90.04960317460318,4,naive_seasonal_24h
41,12.604166666666666,17.360755551914593,103.13339355971797,57.59147319000116,4,naive_seasonal_24h
42,9.6875,14.772581584363197,126.56688222732421,55.81622241442699,4,naive_seasonal_24h
43,18.125,22.588713996153036,74.19432086468149,68.37384181024797,4,naive_seasonal_24h
45,7.979166666666667,10.520812706250407,116.1306352377781,93.7229755845139,4,naive_seasonal_24h
48,57.395833333333336,82.22542692703598,125.55842663521513,55.43226373457296,4,naive_seasonal_24h
49,4.458333333333333,5.937171043518958,106.09217171717171,80.90715234484584,4,naive_seasonal_24h
50,16.020833333333332,18.413649828320295,100.44744037045301,58.51923147126083,4,naive_seasonal_24h
51,2.125,3.1490739379485304,74.09335288367546,99.10446035446034,4,naive_seasonal_24h
52,1.7083333333333333,2.336307628146031,88.8709677419355,97.00396825396825,4,naive_seasonal_24h
55,2.2291666666666665,3.139134700306227,83.39635854341736,106.09616626063995,4,naive_seasonal_24h
56,1.9791666666666667,2.7195281453467866,86.05350742447516,112.1744227994228,4,naive_seasonal_24h
61,8.916666666666666,11.862054347090698,127.2415012616162,79.88530532539232,4,naive_seasonal_24h
62,2.0208333333333335,2.802528620133373,71.59909909909909,80.26367151367151,4,naive_seasonal_24h
63,2.125,3.013856886670854,79.4828869047619,118.73397435897436,4,naive_seasonal_24h
65,5.333333333333333,6.689544080129826,187.66932758599418,87.63391572021602,4,naive_seasonal_24h
66,5.333333333333333,6.910137480542627,232.38341580446846,101.23616647398232,4,naive_seasonal_24h
68,49.729166666666664,63.79475553157433,202.0348923297518,57.291558201729934,4,naive_seasonal_24h
69,2.125,2.715695122800054,81.68168168168168,97.3847557671087,4,naive_seasonal_24h
70,7.854166666666667,10.184751674275946,181.34564473289964,86.3349652459638,4,naive_seasonal_24h
71,2.6875,4.175823272122517,61.7220936957779,86.34354551537213,4,naive_seasonal_24h
72,3.1666666666666665,4.650268809434569,91.88518997342527,91.90895501557266,4,naive_seasonal_24h
74,9.895833333333334,13.040801355744977,107.74761091225913,58.73034889702317,4,naive_seasonal_24h
75,17.104166666666668,22.949673200287624,169.77799896932112,53.942154547684645,4,naive_seasonal_24h
76,5.5625,7.9908802185157715,104.43067829476307,79.07180348190836,4,naive_seasonal_24h
77,1.9375,2.367312118556965,81.31313131313132,109.68628593628596,4,naive_seasonal_24h
78,1.6458333333333333,2.358495283014151,85.86021505376344,98.60690235690235,4,naive_seasonal_24h
79,157.47916666666666,294.09341628128976,630.3221270592428,80.80965585142597,4,naive_seasonal_24h
80,13.625,21.530017804606356,617.5336438923396,102.59480683705185,4,naive_seasonal_24h
82,4.25,5.755432216610669,170.73708206686928,87.55654920128605,4,naive_seasonal_24h
83,1.6041666666666667,2.3496453633119474,76.55913978494624,121.52417027417027,4,naive_seasonal_24h
85,1.7083333333333333,2.273030282830976,87.16216216216216,97.83542846042845,4,naive_seasonal_24h
86,1.3958333333333333,2.0052015692526606,60.86394557823128,75.62259499759499,4,naive_seasonal_24h
87,22.770833333333332,37.58407242436615,630.0718412339736,73.08523032651767,4,naive_seasonal_24h
88,11.895833333333334,17.535083879658707,413.6603261182731,78.66374162731508,4,naive_seasonal_24h
89,5.0625,7.229857075581324,136.92384910071567,94.19405201267114,4,naive_seasonal_24h
90,45.083333333333336,65.79545323703354,276.22963858445826,66.61581264261245,4,naive_seasonal_24h
91,2.8958333333333335,4.432362048990734,61.22877122877123,94.27294247147188,4,naive_seasonal_24h
92,2.875,4.392227984368146,209.25925925925927,111.07219169719171,4,naive_seasonal_24h
95,3.8958333333333335,5.25,115.89914827719706,114.9212592962593,4,naive_seasonal_24h
97,8.729166666666666,10.928746497197197,235.3157931784376,104.6297373217635,4,naive_seasonal_24h
100,33.333333333333336,39.86017226923804,131.51669717709856,69.102415724961,4,naive_seasonal_24h
106,1.6875,2.367312118556965,93.28125,106.17394179894178,4,naive_seasonal_24h
107,45.625,64.76142112914653,282.0216316919258,63.91943923749665,4,naive_seasonal_24h
112,14.4375,19.65377402264851,665.7271134949706,124.72729567383726,4,naive_seasonal_24h
113,35.416666666666664,55.90728932795794,697.3851857287654,67.04004252639966,4,naive_seasonal_24h
114,71.08333333333333,139.05139936968152,508.133978518227,84.26741799746189,4,naive_seasonal_24h
116,7.729166666666667,11.042531412678889,151.14636301615946,72.97203038228515,4,naive_seasonal_24h
117,1.7708333333333333,2.5617376914898995,58.11274509803921,101.45198483433778,4,naive_seasonal_24h
119,1.4791666666666667,2.0155644370746373,71.04761904761905,110.34722222222221,4,naive_seasonal_24h
125,13.6875,19.87722733850641,360.01339408421364,70.68837838122539,4,naive_seasonal_24h
127,2.1875,3.442988043352266,78.37837837837837,101.2367724867725,4,naive_seasonal_24h
129,6.604166666666667,8.419966349893171,203.5037486667921,87.53925305595702,4,naive_seasonal_24h
130,5.0625,6.552671211040578,103.00255061374142,104.94302606434958,4,naive_seasonal_24h
132,58.583333333333336,82.0802452887823,27.502037065039133,27.77834173306755,4,naive_seasonal_24h
134,1.5416666666666667,2.140872096444188,86.02941176470588,102.45039682539682,4,naive_seasonal_24h
137,29.604166666666668,39.57824528702605,288.43001882953047,59.59772693888237,4,naive_seasonal_24h
138,100.70833333333333,136.2360084559145,716.3724473256399,86.34028871924296,4,naive_seasonal_24h
140,62.5,82.80574657997273,59.99994000169654,66.61254382567405,4,naive_seasonal_24h
141,34.020833333333336,47.9845895401152,148.83782136087538,53.00066719665046,4,naive_seasonal_24h
142,48.916666666666664,70.9941312128451,95.50133685273666,59.527301768547204,4,naive_seasonal_24h
143,22.979166666666668,38.026580615844665,95.90411060834468,59.53957324689676,4,naive_seasonal_24h
144,54.0625,94.49988977065881,913.0794349061475,81.11781171336482,4,naive_seasonal_24h
145,13.854166666666666,17.2922188666849,279.52115517332913,93.63316714896666,4,naive_seasonal_24h
146,5.854166666666667,7.66621375473795,228.8978000556948,89.44573776326872,4,naive_seasonal_24h
148,93.4375,180.91877781663976,1186.2795022396756,80.6784012686244,4,naive_seasonal_24h
151,12.875,18.61115257043475,86.2448171779988,52.747987748584514,4,naive_seasonal_24h
152,3.6041666666666665,4.977030573879704,79.01162329733758,75.72830235919986,4,naive_seasonal_24h
155,1.6666666666666667,2.282177322938192,61.365546218487395,95.31084656084654,4,naive_seasonal_24h
157,4.645833333333333,6.85109480302236,285.632183908046,144.4421367031661,4,naive_seasonal_24h
158,40.729166666666664,66.19809287283131,805.7706337181278,82.06704114977013,4,naive_seasonal_24h
159,1.8333333333333333,2.282177322938192,87.32456140350878,94.619708994709,4,naive_seasonal_24h
161,143.4375,201.36363251590393,98.10906363201332,79.74928286507918,4,naive_seasonal_24h
162,89.5625,118.02833346277495,97.03051050491855,73.77180240717009,4,naive_seasonal_24h
163,55.854166666666664,74.51775515495171,105.78041131689935,58.1070291170925,4,naive_seasonal_24h
164,57.4375,77.46652502855669,342.0318015595573,71.90710180599599,4,naive_seasonal_24h
165,2.2291666666666665,3.1983068437325812,81.0328392146574,117.67857142857144,4,naive_seasonal_24h
166,13.083333333333334,17.222804649649834,52.43557505395992,46.92396604616709,4,naive_seasonal_24h
167,2.0208333333333335,2.641811247357893,80.63227513227513,113.91804954304955,4,naive_seasonal_24h
168,3.0,3.702476648587177,110.57001254917922,100.17660144866026,4,naive_seasonal_24h
169,1.4166666666666667,1.8708286933869707,69.44444444444444,112.45039682539682,4,naive_seasonal_24h
170,60.708333333333336,71.47639470482545,240.49117738726272,69.61961964053464,4,naive_seasonal_24h
177,3.9375,5.379358697837503,140.93181400402943,91.57593291784468,4,naive_seasonal_24h
179,3.9166666666666665,5.773502691896258,107.82977439227437,93.35622886029232,4,naive_seasonal_24h
181,8.104166666666666,12.585540645253717,294.21390778533635,115.92463369792488,4,naive_seasonal_24h
182,1.875,2.8722813232690143,67.8448275862069,107.41906377935788,4,naive_seasonal_24h
186,75.91666666666667,100.19252300779068,110.88545881214567,62.27518051528242,4,naive_seasonal_24h
188,4.208333333333333,5.0124844139408555,121.8448164102999,77.70451118864513,4,naive_seasonal_24h
189,3.0625,4.763139720814412,172.11111111111111,111.21362433862434,4,naive_seasonal_24h
191,1.5,2.3892118644719083,64.79575163398692,103.26058201058201,4,naive_seasonal_24h
193,3.2083333333333335,4.541475531146237,96.7481229088372,82.78215098455036,4,naive_seasonal_24h
195,5.041666666666667,10.12628592657084,365.7307060755337,120.92765955669181,4,naive_seasonal_24h
196,1.625,2.207940216581962,86.29032258064517,114.68253968253968,4,naive_seasonal_24h
197,3.0416666666666665,3.8997863189325304,89.76635188173648,106.76361832611832,4,naive_seasonal_24h
198,5.229166666666667,7.347051562815294,268.4848484848485,140.91570466570465,4,naive_seasonal_24h
205,1.875,3.142451272494134,70.12626262626263,97.05266955266956,4,naive_seasonal_24h
209,7.75,11.993053545004013,171.77837915876682,82.64034581632599,4,naive_seasonal_24h
211,28.083333333333332,45.51648053178101,887.7197192979171,75.06626271496074,4,naive_seasonal_24h
213,2.1666666666666665,3.0069364254447857,77.44716752781268,92.36032486032487,4,naive_seasonal_24h
215,2.1666666666666665,2.8939592256975564,82.00329828901258,122.11910774410774,4,naive_seasonal_24h
216,3.7083333333333335,4.627814458971607,117.00424883758215,87.61687386687386,4,naive_seasonal_24h
222,2.0833333333333335,3.3291640592396967,113.69047619047619,106.01851851851852,4,naive_seasonal_24h
223,3.6041666666666665,5.076498136839344,127.36928104575165,78.20931383431383,4,naive_seasonal_24h
224,8.25,9.787321731028703,211.00517583775763,85.65796826109931,4,naive_seasonal_24h
225,5.854166666666667,7.128288714691626,153.8583968941112,91.80833299254351,4,naive_seasonal_24h
226,6.520833333333333,7.89910332463966,134.72261079669545,67.80967789083036,4,naive_seasonal_24h
228,2.2083333333333335,3.0276503540974917,69.4298245614035,105.67640692640691,4,naive_seasonal_24h
229,26.229166666666668,35.07759256277431,121.38936432053207,56.21015357337625,4,naive_seasonal_24h
230,60.666666666666664,92.50292788159014,84.65573104074696,49.30284665982446,4,naive_seasonal_24h
231,42.520833333333336,58.35255635645566,866.582550703506,81.80272675335944,4,naive_seasonal_24h
232,11.854166666666666,15.10035871538598,254.9211000154588,77.0743474162783,4,naive_seasonal_24h
233,22.229166666666668,28.272115237456145,127.31427249404052,65.85404124468357,4,naive_seasonal_24h
234,66.08333333333333,87.98011138888153,602.149955025708,79.78527909596532,4,naive_seasonal_24h
235,1.6875,2.331844763272204,77.13010204081631,112.93560606060605,4,naive_seasonal_24h
236,80.66666666666667,106.7391680687085,100.58258449078514,66.39855082948166,4,naive_seasonal_24h
237,94.27083333333333,112.00771922803654,179.62937292455703,72.3907843863317,4,naive_seasonal_24h
238,21.291666666666668,36.156488583194395,56.50128476555846,41.86081185202748,4,naive_seasonal_24h
239,41.604166666666664,59.155691470333885,191.29607961111176,55.70436500196635,4,naive_seasonal_24h
243,4.354166666666667,5.829165177507553,120.85651729918649,87.24415801299186,4,naive_seasonal_24h
244,6.645833333333333,9.555757426808196,76.10682181114566,52.95633092303613,4,naive_seasonal_24h
246,46.666666666666664,58.868143620580845,310.26025319757673,76.90307069452258,4,naive_seasonal_24h
247,2.1041666666666665,2.5940637360455634,86.16195436507937,108.32956395456394,4,naive_seasonal_24h
249,99.27083333333333,176.29278440518584,368.11013859418836,78.5957640021994,4,naive_seasonal_24h
254,1.6666666666666667,2.327373340628157,78.6912901912902,102.95406935112817,4,naive_seasonal_24h
255,24.3125,38.95376532934054,856.4119601328905,124.04661569076133,4,naive_seasonal_24h
256,14.9375,22.24344472722994,720.6806952737184,122.30849749256986,4,naive_seasonal_24h
258,1.4791666666666667,2.367312118556965,65.3000992063492,104.21266233766232,4,naive_seasonal_24h
260,4.854166666666667,6.42099421169858,205.00649051891284,99.34792522292521,4,naive_seasonal_24h
261,9.4375,12.55736835487436,128.03368099631902,69.29482100999591,4,naive_seasonal_24h
262,26.770833333333332,48.31774173806829,88.89878705177398,57.034432606180836,4,naive_seasonal_24h
263,40.541666666666664,55.25131974291052,233.32714779872683,61.69820869336815,4,naive_seasonal_24h
264,2.4166666666666665,3.1885210782848317,64.30900621118013,57.84577690827691,4,naive_seasonal_24h
265,2.2916666666666665,3.0482235263619804,130.28735632183907,111.22354497354497,4,naive_seasonal_24h
4,25.0,43.31522057352742,589.5608563666575,83.90904039819729,5,naive_seasonal_24h
7,7.645833333333333,9.56229574945264,173.07720057720056,78.94172567484726,5,naive_seasonal_24h
10,2.5208333333333335,3.5910769044025406,79.35672514619884,97.53234510587451,5,naive_seasonal_24h
12,1.5208333333333333,2.742413778650722,63.118943022789175,65.52864959114959,5,naive_seasonal_24h
13,16.041666666666668,25.65719522213343,98.0472115379732,85.58826568398469,5,naive_seasonal_24h
14,2.0625,2.9047375096555625,79.7093837535014,99.29538054538055,5,naive_seasonal_24h
17,3.9166666666666665,5.759050847723665,123.31657848324514,75.69274369325969,5,naive_seasonal_24h
24,5.458333333333333,6.925195544772244,82.35650018560892,56.041325979263576,5,naive_seasonal_24h
25,6.416666666666667,8.736894948054104,170.93662151801686,99.57650459037198,5,naive_seasonal_24h
26,1.4583333333333333,2.318404623873926,69.88505747126436,84.76190476190476,5,naive_seasonal_24h
28,1.6041666666666667,2.0052015692526606,75.05952380952381,113.3531746031746,5,naive_seasonal_24h
33,3.2083333333333335,4.218016911614588,61.08097031173955,86.12037826101799,5,naive_seasonal_24h
35,2.4791666666666665,3.573630273731928,91.3894110275689,68.34894331242374,5,naive_seasonal_24h
36,9.541666666666666,15.994790818680103,564.6212121212121,106.14791535386219,5,naive_seasonal_24h
37,11.208333333333334,18.06008490197836,580.8928282365783,87.41484248185621,5,naive_seasonal_24h
39,3.6041666666666665,5.281650625830275,79.96039761977924,86.68562894220788,5,naive_seasonal_24h
40,1.6458333333333333,2.203217344400381,109.48275862068965,127.52314814814814,5,naive_seasonal_24h
41,11.270833333333334,15.26092504841477,70.43078576938959,54.180157753303604,5,naive_seasonal_24h
42,10.416666666666666,14.763411981426696,96.80360738434581,61.234774409163585,5,naive_seasonal_24h
43,17.791666666666668,24.86211978090364,40.63677989303055,62.61911043098468,5,naive_seasonal_24h
45,6.458333333333333,9.989577902327339,239.9808622177043,71.56011459378624,5,naive_seasonal_24h
48,51.708333333333336,74.69772419558711,133.93386025716148,52.7193157813928,5,naive_seasonal_24h
49,3.5833333333333335,5.5113519212621505,104.21607145291357,85.40717595671155,5,naive_seasonal_24h
50,13.6875,17.66882848408462,306.3700665653082,59.82112251873275,5,naive_seasonal_24h
51,2.1458333333333335,3.152380053229623,67.83666154633896,101.43413299663298,5,naive_seasonal_24h
52,1.3125,2.0463381929681126,69.64285714285714,86.01190476190476,5,naive_seasonal_24h
55,2.1666666666666665,3.4217441946079683,78.75057234432235,100.51421957671955,5,naive_seasonal_24h
56,1.2291666666666667,1.796988221070652,67.47747747747749,101.03174603174602,5,naive_seasonal_24h
61,4.791666666666667,6.503204338375557,92.11655278504402,62.7187005900916,5,naive_seasonal_24h
62,2.2916666666666665,3.142451272494134,92.74219024219023,98.68524993524994,5,naive_seasonal_24h
63,1.5416666666666667,2.449489742783178,58.58465608465608,99.27188552188551,5,naive_seasonal_24h
65,3.7291666666666665,5.161960221982859,91.24308004087416,78.41279858533471,5,naive_seasonal_24h
66,4.0625,5.379358697837503,183.9543650793651,93.27339936141591,5,naive_seasonal_24h
68,45.145833333333336,57.22452125910127,181.41082260732512,59.438259192528015,5,naive_seasonal_24h
69,1.7916666666666667,2.565800719723442,96.90255731922399,89.32810245310246,5,naive_seasonal_24h
70,6.166666666666667,7.648529270389178,66.41168163976585,73.40787477073953,5,naive_seasonal_24h
71,2.4791666666666665,3.8649062084350767,51.6756338899196,74.15086547439488,5,naive_seasonal_24h
72,3.2291666666666665,4.289036410819257,102.40803911535619,99.68699268138123,5,naive_seasonal_24h
74,7.3125,9.692135987490063,57.032974748749254,45.14869972920881,5,naive_seasonal_24h
75,15.479166666666666,22.187177227699184,50.12986359456637,47.07811892796503,5,naive_seasonal_24h
76,5.104166666666667,8.292818177997955,69.52865221163178,62.55187788320749,5,naive_seasonal_24h
77,1.3958333333333333,2.066599461272874,65.42568542568542,81.98216135716136,5,naive_seasonal_24h
78,1.4375,2.1065374432940898,63.56481481481481,107.80934343434343,5,naive_seasonal_24h
79,158.72916666666666,309.4086092855207,529.7575883511801,76.01713074206386,5,naive_seasonal_24h
80,10.291666666666666,16.230116039839846,558.5840455840456,96.96219374151526,5,naive_seasonal_24h
82,2.4583333333333335,3.2015621187164243,150.07575757575756,84.43302068302069,5,naive_seasonal_24h
83,0.9375,1.25,62.857142857142854,89.02777777777777,5,naive_seasonal_24h
85,1.5208333333333333,2.6731691553909065,55.37795537795538,91.87049062049061,5,naive_seasonal_24h
86,1.375,2.1505813167606567,58.80471380471381,76.9131794131794,5,naive_seasonal_24h
87,19.854166666666668,29.430355644017173,316.2468904730621,76.83557242128823,5,naive_seasonal_24h
88,11.895833333333334,17.667649343739345,351.10429817243545,82.9752001273359,5,naive_seasonal_24h
89,3.0833333333333335,4.945536708319263,47.709620363296835,75.28630706189904,5,naive_seasonal_24h
90,43.4375,65.26404701926883,436.1925566569711,69.50635465812933,5,naive_seasonal_24h
91,2.875,4.198213905936666,74.11387036387038,99.54887364813835,5,naive_seasonal_24h
92,2.1458333333333335,2.704163456597992,113.87096774193549,127.38365800865802,5,naive_seasonal_24h
95,2.5208333333333335,3.514849451493857,79.58078958078958,107.48346560846561,5,naive_seasonal_24h
97,6.354166666666667,8.818777315100622,149.39526881387346,98.2169718174094,5,naive_seasonal_24h
100,30.354166666666668,35.715601166250394,119.30972668407517,66.44224374795981,5,naive_seasonal_24h
106,1.8333333333333333,3.38501600193165,69.25925925925927,114.8611111111111,5,naive_seasonal_24h
107,45.166666666666664,63.671029518926424,232.04585103673972,65.13975499410725,5,naive_seasonal_24h
112,10.333333333333334,15.744046493833789,375.7872200263505,105.05986474928147,5,naive_seasonal_24h
113,42.75,63.116294779293455,440.9482313025882,75.66251737897706,5,naive_seasonal_24h
114,75.9375,151.62034549052666,493.21720388510306,72.7034507912761,5,naive_seasonal_24h
116,5.104166666666667,8.59142013871979,48.38737832358015,50.394529386169744,5,naive_seasonal_24h
117,1.4791666666666667,2.0463381929681126,67.593537414966,96.63690476190476,5,naive_seasonal_24h
119,1.6041666666666667,2.322893310794392,99.75,100.62409812409813,5,naive_seasonal_24h
125,14.958333333333334,21.94785486860466,450.8402245220517,80.87122573137216,5,naive_seasonal_24h
127,1.5625,2.545420724883544,87.96703296703296,86.82310744810745,5,naive_seasonal_24h
129,3.3958333333333335,4.502314219746699,97.4994027711419,64.55534729431787,5,naive_seasonal_24h
130,3.1458333333333335,4.085033659592048,110.25730911600475,89.55295555837351,5,naive_seasonal_24h
132,62.833333333333336,90.5874347430886,39.074250985295706,30.53591861540346,5,naive_seasonal_24h
134,1.0833333333333333,1.4288690166235205,63.57142857142858,116.66666666666667,5,naive_seasonal_24h
137,22.958333333333332,29.007183018464005,145.92181938676003,53.535592973338225,5,naive_seasonal_24h
138,38.604166666666664,54.6219964849327,41.825514164841884,51.35039175424294,5,naive_seasonal_24h
140,53.75,68.76621021015093,92.38082692090579,71.06620738711477,5,naive_seasonal_24h
141,31.604166666666668,45.038640817265645,111.87854947335427,49.02942941090523,5,naive_seasonal_24h
142,50.083333333333336,69.63954815093696,87.55810851734202,58.28066143020411,5,naive_seasonal_24h
143,21.791666666666668,35.33294024938579,96.2123715682119,57.9274135886065,5,naive_seasonal_24h
144,55.75,105.06624894163998,871.0945782055451,73.59251084308369,5,naive_seasonal_24h
145,6.6875,8.966372361960735,235.11527479612582,70.97860836136282,5,naive_seasonal_24h
146,4.291666666666667,5.350233639758174,162.52129307007357,100.84088744789206,5,naive_seasonal_24h
148,99.0625,199.08797259838008,886.2542063054905,74.00231484976443,5,naive_seasonal_24h
151,11.354166666666666,16.833127061442468,73.13088719136957,45.807185136158296,5,naive_seasonal_24h
152,4.625,5.954690028316616,83.40192378427672,75.40011700060158,5,naive_seasonal_24h
155,1.3541666666666667,2.025874296857203,78.93557422969188,101.94444444444444,5,naive_seasonal_24h
157,8.166666666666666,17.32652109724665,214.3939393939394,145.5348124098124,5,naive_seasonal_24h
158,36.625,69.44452222217866,1176.2006689522411,76.82665886126075,5,naive_seasonal_24h
159,1.4791666666666667,1.984313483298443,76.37254901960785,94.90410052910052,5,naive_seasonal_24h
161,113.22916666666667,161.14621983362397,91.34399466439204,73.56526897417586,5,naive_seasonal_24h
162,76.125,95.32488307537196,111.87027571934065,76.02280405099303,5,naive_seasonal_24h
163,47.541666666666664,65.82109590903715,92.29752202606663,53.145097558649205,5,naive_seasonal_24h
164,48.0,62.347814717117394,277.45314419819516,67.01601045483238,5,naive_seasonal_24h
165,1.3958333333333333,2.155419526062927,69.93827160493828,83.8690476190476,5,naive_seasonal_24h
166,13.0,15.989579940281942,89.41032603515133,57.72019136928114,5,naive_seasonal_24h
167,1.6875,2.7348065135703234,62.61068149957039,110.65085377585376,5,naive_seasonal_24h
168,2.9166666666666665,3.7969285832981723,119.48060537346252,102.53249004893742,5,naive_seasonal_24h
169,1.4166666666666667,2.131118642090737,89.66145833333333,101.4748677248677,5,naive_seasonal_24h
170,52.770833333333336,65.3753585076212,172.7133861259796,66.54638908982147,5,naive_seasonal_24h
177,3.5,4.864839839775475,100.59977324263039,102.91031276228644,5,naive_seasonal_24h
179,2.8958333333333335,3.688382662721788,107.93300901996552,90.38582944832943,5,naive_seasonal_24h
181,6.333333333333333,9.742518497116988,200.90327380952382,107.73769767112158,5,naive_seasonal_24h
182,1.5833333333333333,2.5248762345905194,71.58119658119658,80.03577441077441,5,naive_seasonal_24h
186,68.95833333333333,83.79041313499614,102.75594361842725,62.24684195664307,5,naive_seasonal_24h
188,3.4583333333333335,4.568916720624267,48.90476418146697,82.65293388366817,5,naive_seasonal_24h
189,2.0208333333333335,3.497022543059548,130.16081871345028,96.34199134199135,5,naive_seasonal_24h
191,1.4791666666666667,2.212653007891959,74.42927170868349,83.79629629629629,5,naive_seasonal_24h
193,2.6041666666666665,3.3509948771471834,88.41820987654322,107.54668398050751,5,naive_seasonal_24h
195,4.541666666666667,8.720187306856813,298.8405797101449,118.84617222398786,5,naive_seasonal_24h
196,1.4375,2.174664725116648,69.16666666666667,108.10185185185185,5,naive_seasonal_24h
197,3.5,4.168333000133266,111.92147034252298,120.92652717652716,5,naive_seasonal_24h
198,3.5416666666666665,5.259911279353167,187.5974025974026,110.46748816485656,5,naive_seasonal_24h
205,2.0833333333333335,3.3416562759605704,74.34484563055992,119.63624338624338,5,naive_seasonal_24h
209,8.479166666666666,13.855654681994158,276.04248655385027,80.86337060175649,5,naive_seasonal_24h
211,24.958333333333332,44.89153595055531,923.0005369586062,70.59471084678198,5,naive_seasonal_24h
213,1.7916666666666667,2.6060826285186485,65.47332569391394,93.83254477004478,5,naive_seasonal_24h
215,1.8125,2.6100766272276377,82.02702702702703,90.68274318274318,5,naive_seasonal_24h
216,2.9375,3.966001344763598,123.94714623438028,73.03571428571429,5,naive_seasonal_24h
222,1.5833333333333333,2.622022120425379,100.70607553366173,84.37169312169313,5,naive_seasonal_24h
223,2.2708333333333335,2.802528620133373,108.2900432900433,89.60766085766086,5,naive_seasonal_24h
224,8.291666666666666,10.537630979810721,182.6744427310659,67.96569853938246,5,naive_seasonal_24h
225,4.979166666666667,6.450129197672451,136.4813704813705,96.19187099761537,5,naive_seasonal_24h
226,4.208333333333333,5.389032071408248,112.60880952516983,60.63946899080654,5,naive_seasonal_24h
228,2.9791666666666665,4.552929459882579,107.33333333333334,118.66402116402116,5,naive_seasonal_24h
229,28.145833333333332,35.102528398962946,125.71667653728707,58.15428902794552,5,naive_seasonal_24h
230,60.791666666666664,99.78936149042475,82.26769791236475,49.821950316890536,5,naive_seasonal_24h
231,37.291666666666664,52.707526344283444,493.14609416672045,73.74486038664689,5,naive_seasonal_24h
232,10.0625,13.586911594128617,183.70227204594215,72.0933020234559,5,naive_seasonal_24h
233,17.604166666666668,21.511140524543713,124.2347046606352,61.68564686253483,5,naive_seasonal_24h
234,63.166666666666664,81.31804842714809,367.57882113826884,71.40194132317272,5,naive_seasonal_24h
235,1.5,2.160246899469287,73.46390168970814,93.51521164021165,5,naive_seasonal_24h
236,64.79166666666667,93.20430068761134,85.83760192403932,65.08485551615503,5,naive_seasonal_24h
237,96.66666666666667,116.54666447393508,134.80499542099167,72.85313638874098,5,naive_seasonal_24h
238,27.770833333333332,37.64610426945485,91.17927707097931,51.344470751252004,5,naive_seasonal_24h
239,34.354166666666664,46.69560114900189,118.42537818622453,51.2058683849444,5,naive_seasonal_24h
243,3.7291666666666665,4.75,81.6349418555301,99.59161209161209,5,naive_seasonal_24h
244,6.25,8.727351641057364,46.612792100653266,65.40875921912006,5,naive_seasonal_24h
246,42.458333333333336,53.74321662622487,212.20098796679778,74.9463302971809,5,naive_seasonal_24h
247,2.1458333333333335,3.078825533651861,72.89987789987791,97.17231842231843,5,naive_seasonal_24h
249,95.79166666666667,180.0906021978937,396.6089665886749,70.63803664312726,5,naive_seasonal_24h
254,1.8333333333333333,2.8722813232690143,91.2826420890937,104.36995265942635,5,naive_seasonal_24h
255,23.854166666666668,41.36398393127367,492.54529658375816,123.37710517802759,5,naive_seasonal_24h
256,11.75,18.719419506669183,527.2300138133472,105.81473403800489,5,naive_seasonal_24h
258,1.8125,2.688710967483613,105.68027210884354,126.91468253968253,5,naive_seasonal_24h
260,2.0416666666666665,2.57390753524675,79.375,90.55224867724867,5,naive_seasonal_24h
261,10.0625,14.036410984768626,134.46386171495953,74.59263067748668,5,naive_seasonal_24h
262,25.145833333333332,45.090880452703516,79.38058594555626,54.69146445636358,5,naive_seasonal_24h
263,34.833333333333336,47.53638956981623,184.81522373537786,53.79457357793742,5,naive_seasonal_24h
264,4.020833333333333,4.960258729811043,115.56026990686084,82.91847966847966,5,naive_seasonal_24h
265,1.8125,2.4706611800622658,83.96396396396396,96.34920634920634,5,naive_seasonal_24h
4,20.895833333333332,32.73281992129612,342.97473428195076,86.65441779211336,6,naive_seasonal_24h
7,5.1875,6.4630359223304135,98.74723424723426,63.16031975361269,6,naive_seasonal_24h
10,2.2083333333333335,3.115819849306653,85.54232804232804,104.24993987493987,6,naive_seasonal_24h
12,1.5208333333333333,2.6339134382131846,66.97330447330448,65.77305796055795,6,naive_seasonal_24h
13,16.0625,24.307491986354055,66.87382300407296,85.93693070207935,6,naive_seasonal_24h
14,2.25,2.8284271247461903,85.8641975308642,121.79950768186062,6,naive_seasonal_24h
17,3.3541666666666665,4.225419111362406,102.66611295681065,69.0572363366481,6,naive_seasonal_24h
24,6.666666666666667,9.17196816392207,79.34419301335389,50.43664013133158,6,naive_seasonal_24h
25,5.395833333333333,7.660776723022281,175.36630036630038,105.07323861047445,6,naive_seasonal_24h
26,0.9583333333333334,1.5275252316519468,73.61111111111111,96.1111111111111,6,naive_seasonal_24h
28,1.4583333333333333,1.848422751068236,85.16666666666667,123.09523809523807,6,naive_seasonal_24h
33,3.7083333333333335,4.7871355387816905,106.38005202080834,86.81396673201031,6,naive_seasonal_24h
35,2.875,3.931708704028483,89.93487993487994,72.44980287743446,6,naive_seasonal_24h
36,7.979166666666667,11.753545564353479,480.701754385965,128.86304161304162,6,naive_seasonal_24h
37,7.5625,11.318311122542385,426.7334286084286,79.57798559295742,6,naive_seasonal_24h
39,3.8958333333333335,5.198156724583565,128.08018716925596,89.73506748256322,6,naive_seasonal_24h
40,1.7708333333333333,2.8613807855648994,92.5287356321839,107.56944444444444,6,naive_seasonal_24h
41,11.875,15.599145275730121,95.62406647373584,55.31493333595728,6,naive_seasonal_24h
42,9.625,13.318220601867203,116.0720219878006,61.03090740288524,6,naive_seasonal_24h
43,22.354166666666668,30.961333412284855,57.82748589177032,59.32108035637143,6,naive_seasonal_24h
45,6.041666666666667,9.064583093924766,107.31288230873844,68.44542576088541,6,naive_seasonal_24h
48,55.729166666666664,74.42627784145418,99.16893881105464,58.443106675565446,6,naive_seasonal_24h
49,3.6875,5.4333077709010125,179.17924893534646,93.53543281692258,6,naive_seasonal_24h
50,13.25,16.301840386901105,149.6956214907886,63.54152808017657,6,naive_seasonal_24h
51,2.1041666666666665,2.8540906315906183,106.4965986394558,88.66251803751804,6,naive_seasonal_24h
52,1.625,2.0615528128088303,83.33333333333333,110.51587301587301,6,naive_seasonal_24h
55,1.5416666666666667,2.1505813167606567,82.0952380952381,100.34544159544159,6,naive_seasonal_24h
56,1.1041666666666667,1.4068285846778443,77.29885057471265,104.72222222222221,6,naive_seasonal_24h
61,6.270833333333333,8.637370355997632,164.90840314369726,90.11895079923563,6,naive_seasonal_24h
62,1.8541666666666667,2.4109126902482387,77.65625,105.08165445665446,6,naive_seasonal_24h
63,1.5208333333333333,2.056493779875511,77.65625,100.75396825396825,6,naive_seasonal_24h
65,3.7291666666666665,4.823985212802101,95.27281746031746,82.76001703473436,6,naive_seasonal_24h
66,4.208333333333333,5.830951894845301,130.5501443001443,80.05383106555956,6,naive_seasonal_24h
68,37.416666666666664,44.201244326376155,264.55173208452555,53.74117331540037,6,naive_seasonal_24h
69,2.4375,3.031088913245535,83.88548752834467,110.92444592444592,6,naive_seasonal_24h
70,6.729166666666667,8.998842518161249,56.864580938991104,70.2396373040288,6,naive_seasonal_24h
71,1.6041666666666667,2.2407216099581255,64.3050193050193,70.86945461945461,6,naive_seasonal_24h
72,2.6666666666666665,3.8078865529319543,75.18635531135531,106.33302629793859,6,naive_seasonal_24h
74,9.479166666666666,11.83127916442963,84.63299174410554,51.12299046242339,6,naive_seasonal_24h
75,14.833333333333334,19.944715256595334,53.8194030607684,52.16708816820094,6,naive_seasonal_24h
76,3.8958333333333335,5.26584909265986,107.17566250174946,71.79831013083238,6,naive_seasonal_24h
77,1.4583333333333333,2.140872096444188,65.52380952380953,77.62293262293262,6,naive_seasonal_24h
78,1.3958333333333333,1.7853571071357126,90.01536098310291,97.41732804232804,6,naive_seasonal_24h
79,112.83333333333333,192.53895709699896,312.7478193169107,75.59627018748766,6,naive_seasonal_24h
80,10.125,15.790292376436016,489.22077922077926,111.22278086710371,6,naive_seasonal_24h
82,2.0625,2.5124689052802225,95.01552795031056,83.81944444444444,6,naive_seasonal_24h
83,1.2083333333333333,1.6583123951777,74.07407407407408,118.33333333333333,6,naive_seasonal_24h
85,1.8125,2.419538523492996,72.55555555555556,130.38690476190476,6,naive_seasonal_24h
86,1.6875,2.165063509461097,78.95658263305322,114.13690476190476,6,naive_seasonal_24h
87,16.083333333333332,23.20380715888379,151.5041151208832,66.05821299245385,6,naive_seasonal_24h
88,9.083333333333334,12.10027547895777,136.50101175239348,76.8969524186348,6,naive_seasonal_24h
89,3.2083333333333335,4.102844541697057,102.89878772021628,89.91487809532164,6,naive_seasonal_24h
90,37.375,50.029158164680986,168.808622660225,67.49130927187078,6,naive_seasonal_24h
91,2.5208333333333335,3.2564039470966537,95.45366795366796,116.15951178451178,6,naive_seasonal_24h
92,1.7916666666666667,2.362907813126304,112.3938223938224,127.59108946608946,6,naive_seasonal_24h
95,2.3958333333333335,3.158981903504144,74.04621020005635,102.64990592196473,6,naive_seasonal_24h
97,4.645833333333333,6.8632475306276595,117.57282013379573,73.36178317965356,6,naive_seasonal_24h
100,31.0625,36.94167700578846,106.82193209480386,68.74437852198494,6,naive_seasonal_24h
106,1.5,2.336307628146031,80.76923076923077,122.51262626262626,6,naive_seasonal_24h
107,38.75,48.30631428705775,132.5512276594725,62.147336197429574,6,naive_seasonal_24h
112,7.625,11.341296222213755,320.22938443670154,101.80083332528984,6,naive_seasonal_24h
113,42.020833333333336,52.826958080131774,430.81009978142583,83.29762002833561,6,naive_seasonal_24h
114,62.083333333333336,111.02833722373161,479.44436993678386,81.36031774731988,6,naive_seasonal_24h
116,6.979166666666667,8.484053669482924,139.6147667870474,75.08900602331477,6,naive_seasonal_24h
117,2.2291666666666665,3.185252475602732,88.58465608465607,127.63888888888887,6,naive_seasonal_24h
119,1.5,1.9578900207451218,75.33854166666667,105.4752886002886,6,naive_seasonal_24h
125,13.625,16.662082702951633,179.50028770147776,80.71914201145233,6,naive_seasonal_24h
127,1.8541666666666667,2.4706611800622658,105.86021505376341,99.17658730158729,6,naive_seasonal_24h
129,2.8125,3.8917648096118724,86.75308641975309,64.67565182638712,6,naive_seasonal_24h
130,3.0416666666666665,3.9210967853395307,92.69527573875398,80.79986830272871,6,naive_seasonal_24h
132,39.895833333333336,52.59138871209493,22.29150230108449,25.211293617396336,6,naive_seasonal_24h
134,1.1041666666666667,1.3919410907075054,78.66666666666667,116.7063492063492,6,naive_seasonal_24h
137,21.541666666666668,26.935880655116264,104.63208420468281,56.3435074612563,6,naive_seasonal_24h
138,76.64583333333333,101.82000049106266,62.170395206804564,79.00843750812139,6,naive_seasonal_24h
140,52.0,68.83010484761252,65.61182904500895,68.7840383768617,6,naive_seasonal_24h
141,36.895833333333336,48.38969415071767,100.98833595422423,57.597068705894934,6,naive_seasonal_24h
142,57.208333333333336,90.74391623317419,89.3725540895962,60.435949836718116,6,naive_seasonal_24h
143,21.354166666666668,32.86493825746013,69.62938827575873,59.27842919309753,6,naive_seasonal_24h
144,44.458333333333336,71.94587085673044,705.7768933914336,78.17194264945566,6,naive_seasonal_24h
145,6.520833333333333,8.26513762740827,165.54787515725016,69.74557291417145,6,naive_seasonal_24h
146,2.9583333333333335,3.9738730058554546,116.98214285714286,92.9012477174242,6,naive_seasonal_24h
148,75.66666666666667,143.26781448276046,782.6592934354217,75.47425231809547,6,naive_seasonal_24h
151,12.041666666666666,16.146465041405605,51.725289040233946,39.51014036471303,6,naive_seasonal_24h
152,3.6458333333333335,4.483767017438201,70.90085638998681,73.61825817514672,6,naive_seasonal_24h
155,1.25,1.9364916731037085,72.2108843537415,81.45833333333333,6,naive_seasonal_24h
157,4.604166666666667,6.962698231768103,169.71014492753622,127.32323232323232,6,naive_seasonal_24h
158,33.6875,52.09746474957619,516.0959561616095,83.90323434750265,6,naive_seasonal_24h
159,1.4166666666666667,2.0514222708485286,59.350998463901696,91.38227513227513,6,naive_seasonal_24h
161,124.6875,199.05699560678596,81.98657772056532,73.25785560695716,6,naive_seasonal_24h
162,51.75,68.77953910866225,74.33387097896927,56.76198616044062,6,naive_seasonal_24h
163,57.354166666666664,90.73966883342698,67.78124603912178,55.392028551305316,6,naive_seasonal_24h
164,49.145833333333336,61.04352955064115,245.3596621939637,73.86317819037188,6,naive_seasonal_24h
165,1.3541666666666667,2.0766559657295187,83.39999999999999,104.90079365079366,6,naive_seasonal_24h
166,16.645833333333332,24.770193782043773,102.15416666819313,58.566156062803564,6,naive_seasonal_24h
167,1.75,2.6457513110645907,94.02457757296467,93.02452177452177,6,naive_seasonal_24h
168,3.0625,3.8595120589698038,129.7809101467638,93.13819214554508,6,naive_seasonal_24h
169,1.5625,2.376096238230542,132.66666666666666,116.6693722943723,6,naive_seasonal_24h
170,40.0625,53.53678641831241,105.63841443084814,57.48559487275542,6,naive_seasonal_24h
177,2.6666666666666665,3.872983346207417,80.3143274853801,81.44248725131078,6,naive_seasonal_24h
179,2.9791666666666665,3.886407938787006,107.76087947140579,97.2584919953341,6,naive_seasonal_24h
181,4.520833333333333,7.451230323465604,150.2521731833229,75.29784519969941,6,naive_seasonal_24h
182,1.3958333333333333,2.0155644370746373,72.88786482334869,88.3498677248677,6,naive_seasonal_24h
186,96.9375,124.20421691714013,69.95397536393929,62.43343730034541,6,naive_seasonal_24h
188,3.0625,4.0697051490249265,90.30654761904762,75.03780740816346,6,naive_seasonal_24h
189,2.2916666666666665,3.2914029430219167,159.58333333333331,129.63924963924964,6,naive_seasonal_24h
191,1.4791666666666667,2.1937410968480306,98.76344086021506,105.46118233618233,6,naive_seasonal_24h
193,2.2708333333333335,3.0584582172504278,72.61923261923262,83.05705868205868,6,naive_seasonal_24h
195,3.5208333333333335,7.383822406676188,184.0224358974359,99.37107578411924,6,naive_seasonal_24h
196,1.2708333333333333,1.773649721149397,71.38888888888889,105.09920634920634,6,naive_seasonal_24h
197,3.3125,4.269562819149833,141.69339919339922,117.38299690505572,6,naive_seasonal_24h
198,3.6041666666666665,5.035292113340264,172.24386724386727,115.90217652717654,6,naive_seasonal_24h
205,1.9583333333333333,2.950988534937629,90.89181286549707,105.53210678210678,6,naive_seasonal_24h
209,5.104166666666667,6.929706583494956,117.26765658583842,86.01336395397675,6,naive_seasonal_24h
211,20.375,31.078529566245567,508.8000250697319,71.15447017909655,6,naive_seasonal_24h
213,1.1875,1.8085445345175588,82.5036075036075,71.40491452991452,6,naive_seasonal_24h
215,1.8958333333333333,2.569857324184879,91.05026455026454,113.31018518518518,6,naive_seasonal_24h
216,2.5,3.559026084010437,108.0301461823201,60.336087523587516,6,naive_seasonal_24h
222,1.2916666666666667,1.9148542155126762,69.64285714285714,83.03435262994087,6,naive_seasonal_24h
223,2.1041666666666665,2.577951383043003,93.7194337194337,79.15267602767602,6,naive_seasonal_24h
224,7.333333333333333,9.235348757175696,145.02440792143958,71.29078935040413,6,naive_seasonal_24h
225,4.604166666666667,6.0878978309429606,138.008547008547,81.57141535368869,6,naive_seasonal_24h
226,3.4375,4.823985212802101,61.16063691890897,52.87398377647738,6,naive_seasonal_24h
228,1.8125,2.780137886268713,100.58333333333334,92.00727513227513,6,naive_seasonal_24h
229,28.291666666666668,36.383375324452786,132.0517330276955,59.478531019621705,6,naive_seasonal_24h
230,78.20833333333333,126.5900535850533,99.6363408513223,58.87307469806036,6,naive_seasonal_24h
231,36.541666666666664,45.266341432312224,332.3589054471427,87.94290722183132,6,naive_seasonal_24h
232,9.5625,12.083908032310298,216.7306986355468,75.1706736985851,6,naive_seasonal_24h
233,17.416666666666668,21.031722072463143,162.12075274567127,64.09362329929559,6,naive_seasonal_24h
234,65.125,86.3437895855863,229.35323014621392,79.17093078544451,6,naive_seasonal_24h
235,1.5833333333333333,2.5,56.54898741105639,87.66143578643579,6,naive_seasonal_24h
236,90.29166666666667,122.59673051649189,75.99659719639959,73.35985317733368,6,naive_seasonal_24h
237,92.33333333333333,122.32112791064893,137.1845993429815,73.20529858401925,6,naive_seasonal_24h
238,33.041666666666664,42.44604418160386,76.08713023470712,55.94670509367838,6,naive_seasonal_24h
239,47.979166666666664,65.13719495546816,114.46084115499393,60.43475653961542,6,naive_seasonal_24h
243,3.625,4.614289399969043,142.05334071613143,81.36882521073697,6,naive_seasonal_24h
244,5.083333333333333,6.258327785172862,73.85982823434448,51.844836203650466,6,naive_seasonal_24h
246,49.5,61.552484379863444,223.91080252073033,75.20952599778771,6,naive_seasonal_24h
247,3.5625,5.186119294167203,159.6246246246246,99.93205868205867,6,naive_seasonal_24h
249,78.33333333333333,119.11444077021056,246.61295293184372,78.98126312499882,6,naive_seasonal_24h
254,1.8958333333333333,3.017311165038612,112.04081632653062,88.24013949013948,6,naive_seasonal_24h
255,21.4375,38.63531415686949,1091.1577150239941,116.95400063451659,6,naive_seasonal_24h
256,11.4375,18.006364615509337,495.9635503385504,106.19086305019114,6,naive_seasonal_24h
258,0.9583333333333334,1.620185174601965,43.02083333333333,82.77116402116401,6,naive_seasonal_24h
260,2.3541666666666665,4.16082924427331,112.08333333333333,87.11742777919248,6,naive_seasonal_24h
261,7.4375,11.113992681900296,79.56249805701931,54.81721066414743,6,naive_seasonal_24h
262,28.041666666666668,39.75288249506779,80.4335666384651,57.69719080826118,6,naive_seasonal_24h
263,35.208333333333336,44.01183552939671,96.70493195851044,56.17833437276992,6,naive_seasonal_24h
264,3.2291666666666665,4.0594539862728665,71.26981068588752,64.93562630597393,6,naive_seasonal_24h
265,1.6875,2.2684429314693664,97.68549280177187,75.21494708994707,6,naive_seasonal_24h
4,25.729166666666668,46.069919687362166,493.7612288769862,85.2766730343247,7,naive_seasonal_24h
7,6.125,7.976528066771908,163.80463820701618,69.95626022434813,7,naive_seasonal_24h
10,2.0833333333333335,3.1024184114977142,91.93138651471985,87.2387566137566,7,naive_seasonal_24h
12,0.9583333333333334,1.5138251770487459,101.44927536231883,87.91666666666667,7,naive_seasonal_24h
13,18.625,27.34273212391183,56.20737240546809,85.96645967941656,7,naive_seasonal_24h
14,1.4583333333333333,2.03100960115899,52.24581724581725,89.23941798941799,7,naive_seasonal_24h
17,3.6666666666666665,4.587119648174295,123.46998608626517,91.89835598697827,7,naive_seasonal_24h
24,6.75,8.32416161944653,86.90928284065656,65.44881248267704,7,naive_seasonal_24h
25,5.354166666666667,6.94172168845741,165.19580948152378,90.63351265128085,7,naive_seasonal_24h
26,1.5625,2.384848003542364,74.42528735632185,102.1031746031746,7,naive_seasonal_24h
28,1.1458333333333333,1.7380544678845176,54.52380952380953,92.8968253968254,7,naive_seasonal_24h
33,4.020833333333333,5.242057484105517,75.81868825618827,87.39142035581663,7,naive_seasonal_24h
35,3.3541666666666665,4.25,121.7563321181742,97.95069271923491,7,naive_seasonal_24h
36,10.479166666666666,16.67145764472921,762.2379197379197,125.82083259457266,7,naive_seasonal_24h
37,9.833333333333334,14.255116040682845,434.4877784623209,85.91514554335998,7,naive_seasonal_24h
39,2.8958333333333335,4.661455423648999,41.95831665999733,72.95358807858807,7,naive_seasonal_24h
40,1.6458333333333333,2.545420724883544,98.8888888888889,111.35912698412697,7,naive_seasonal_24h
41,12.104166666666666,15.105876340020794,120.6625486972013,62.34755848288472,7,naive_seasonal_24h
42,9.875,13.238202294873727,115.97505544244373,63.23529937153506,7,naive_seasonal_24h
43,23.520833333333332,30.127852562039664,183.7819676964505,71.81063097206705,7,naive_seasonal_24h
45,7.166666666666667,10.21844737064622,232.02408628210765,88.75942213293656,7,naive_seasonal_24h
48,60.25,82.13860237427954,117.44012635186343,54.76742384509816,7,naive_seasonal_24h
49,4.625,6.2182527020592095,139.26151761517613,100.50890830302596,7,naive_seasonal_24h
50,12.333333333333334,16.296727687892847,134.66562588050962,50.80141152795559,7,naive_seasonal_24h
51,2.1041666666666665,2.802528620133373,86.39705882352942,137.5748556998557,7,naive_seasonal_24h
52,1.4583333333333333,2.101586702153082,70.29761904761905,96.7063492063492,7,naive_seasonal_24h
55,2.0208333333333335,3.0516389039334255,67.54551820728292,86.7646705146705,7,naive_seasonal_24h
56,1.2291666666666667,1.7260262647673315,80.95959595959596,114.06746031746032,7,naive_seasonal_24h
61,4.916666666666667,7.135591542869215,58.099052696274924,56.30199818101823,7,naive_seasonal_24h
62,1.8541666666666667,2.436698586202241,61.93186217576462,99.66720779220778,7,naive_seasonal_24h
63,1.9166666666666667,2.8357832545289257,81.30265567765566,110.81336487586486,7,naive_seasonal_24h
65,3.8541666666666665,5.039427877580285,112.75021812812508,79.8898962163281,7,naive_seasonal_24h
66,4.25,5.612486080160912,140.9889971139971,89.14298242607065,7,naive_seasonal_24h
68,50.354166666666664,67.52638373258263,242.6497400284306,58.96361097832889,7,naive_seasonal_24h
69,1.625,2.5413251136628174,77.36656200941916,79.1559829059829,7,naive_seasonal_24h
70,4.604166666666667,6.479133172475055,41.46839135326499,55.87334895616926,7,naive_seasonal_24h
71,2.6458333333333335,3.8649062084350767,80.28275028275029,88.59126984126983,7,naive_seasonal_24h
72,2.4375,3.7165171868296265,78.86859210388623,77.92151296988759,7,naive_seasonal_24h
74,8.395833333333334,11.482776957977833,79.72584873046928,50.10286599251501,7,naive_seasonal_24h
75,19.979166666666668,25.484881138955046,150.83688161426602,61.367016535080666,7,naive_seasonal_24h
76,4.375,6.898067362191626,51.14781835071002,72.32603368267525,7,naive_seasonal_24h
77,1.75,2.8136571693556887,118.31746031746032,79.89251489251488,7,naive_seasonal_24h
78,1.1458333333333333,1.8874586088176875,48.15668202764977,71.33597883597884,7,naive_seasonal_24h
79,163.5,302.80280987247573,605.6280293348434,82.20141058987944,7,naive_seasonal_24h
80,11.708333333333334,20.288543565273482,353.45535714285717,103.91418234360594,7,naive_seasonal_24h
82,1.8333333333333333,2.4409697526461347,103.0050505050505,85.65325877825876,7,naive_seasonal_24h
83,1.2708333333333333,1.796988221070652,91.3978494623656,100.97222222222221,7,naive_seasonal_24h
85,1.4791666666666667,1.8984642916490861,73.62193362193362,93.28583453583452,7,naive_seasonal_24h
86,1.5,2.0,78.22510822510822,100.53571428571429,7,naive_seasonal_24h
87,25.520833333333332,37.386216265713045,597.4102755557236,81.24775873120238,7,naive_seasonal_24h
88,15.0625,22.99229943553566,383.39721249921695,89.67483304817638,7,naive_seasonal_24h
89,3.625,5.5565276927232174,70.08666818049811,79.33307770928627,7,naive_seasonal_24h
90,43.354166666666664,64.45783505517386,292.0491408624578,64.17198908254932,7,naive_seasonal_24h
91,2.5208333333333335,3.2564039470966537,70.50516476987066,105.76905908562254,7,naive_seasonal_24h
92,1.6458333333333333,2.1360009363293826,107.14285714285714,118.29365079365078,7,naive_seasonal_24h
95,2.4583333333333335,3.541421560145963,74.74107142857143,96.57000407000407,7,naive_seasonal_24h
97,5.791666666666667,7.516648189186454,151.55583016180157,96.94582718479778,7,naive_seasonal_24h
100,34.041666666666664,41.839474980772245,123.32597989689748,69.55694273653502,7,naive_seasonal_24h
106,1.6875,2.577951383043003,94.04761904761905,117.43055555555554,7,naive_seasonal_24h
107,48.5625,75.51807178859022,483.6859896378622,64.25949373345591,7,naive_seasonal_24h
112,8.729166666666666,13.783293026946305,388.3839918946301,100.85232569671858,7,naive_seasonal_24h
113,39.25,59.79618159492572,742.1583629507669,67.82796041730062,7,naive_seasonal_24h
114,80.4375,152.6165538203507,879.4278073116803,84.47569595763314,7,naive_seasonal_24h
116,7.541666666666667,9.38083151964686,145.26314775553996,78.60276511385268,7,naive_seasonal_24h
117,1.5625,2.376096238230542,72.59469696969697,113.10948310948311,7,naive_seasonal_24h
119,1.5208333333333333,2.1262251370288454,85.75757575757575,123.88888888888887,7,naive_seasonal_24h
125,16.9375,22.506943373101556,253.26221687712538,80.5967981031002,7,naive_seasonal_24h
127,2.1458333333333335,2.839454172900137,99.10401002506266,111.38888888888887,7,naive_seasonal_24h
129,3.2708333333333335,4.366062299143245,92.95508274231679,60.59652518534097,7,naive_seasonal_24h
130,4.0625,5.234102915814068,120.34734093067425,95.47570485070484,7,naive_seasonal_24h
132,65.27083333333333,86.0877701341292,34.56284458558916,30.893522047463566,7,naive_seasonal_24h
134,1.3958333333333333,1.865252440466616,78.39080459770116,112.43055555555554,7,naive_seasonal_24h
137,26.604166666666668,32.12832343379696,224.21747840165528,59.16627994398235,7,naive_seasonal_24h
138,55.791666666666664,78.66516594613739,61.27251912840463,52.58860780689563,7,naive_seasonal_24h
140,57.25,73.89209475083696,68.4783508886504,64.21247511896203,7,naive_seasonal_24h
141,41.0625,58.03860066082457,220.6218499776047,62.02945257769206,7,naive_seasonal_24h
142,49.708333333333336,72.10929205033149,98.49049780409258,59.01173011412954,7,naive_seasonal_24h
143,21.916666666666668,38.953497917388624,71.93374291470195,52.51507188789256,7,naive_seasonal_24h
144,58.5625,101.27509976955507,1091.931514193792,79.12868244405524,7,naive_seasonal_24h
145,7.145833333333333,9.348573866282136,237.33173019114324,67.5881772831272,7,naive_seasonal_24h
146,3.3333333333333335,4.57802723160679,85.47619047619048,69.06883897692721,7,naive_seasonal_24h
148,95.72916666666667,175.09896011493996,712.9151140493104,88.57969100134103,7,naive_seasonal_24h
151,13.8125,18.45772196128222,71.83368811470743,51.13153907761413,7,naive_seasonal_24h
152,3.6666666666666665,4.668154524720306,51.88693735205363,67.34341619920937,7,naive_seasonal_24h
155,1.5416666666666667,2.4324199198877374,79.21875,87.91666666666667,7,naive_seasonal_24h
157,4.395833333333333,7.8885465496925775,295.97222222222223,129.89489676989677,7,naive_seasonal_24h
158,49.729166666666664,89.82355388946338,1260.280355604751,81.12868355680313,7,naive_seasonal_24h
159,1.9375,2.6100766272276377,86.8639455782313,100.69266381766381,7,naive_seasonal_24h
161,142.54166666666666,205.43835247262538,145.77817391719992,78.25065049660624,7,naive_seasonal_24h
162,90.875,116.31225931373987,129.87595912778647,77.08512178977104,7,naive_seasonal_24h
163,62.979166666666664,88.55000941087847,155.68473241342966,66.50420473085708,7,naive_seasonal_24h
164,53.166666666666664,69.212534991864,181.82428787426608,69.51002306304373,7,naive_seasonal_24h
165,1.3333333333333333,2.0,55.45068027210884,84.07407407407408,7,naive_seasonal_24h
166,15.6875,24.08362168224151,79.7179580999824,49.9312956827353,7,naive_seasonal_24h
167,1.125,1.4288690166235205,67.9416282642089,96.37987012987013,7,naive_seasonal_24h
168,2.1458333333333335,2.7651100038395096,78.0971202710333,73.84417665667665,7,naive_seasonal_24h
169,1.5208333333333333,2.212653007891959,77.1505376344086,116.4285714285714,7,naive_seasonal_24h
170,61.6875,74.87225231463701,164.78434496675104,67.50829926700266,7,naive_seasonal_24h
177,2.9791666666666665,4.02336923485777,97.08952313118982,101.64653715114746,7,naive_seasonal_24h
179,2.8125,3.514849451493857,128.48476049695563,78.42820918188565,7,naive_seasonal_24h
181,3.8541666666666665,5.182100603680584,125.1941892795551,94.450006012506,7,naive_seasonal_24h
182,1.25,2.207940216581962,55.78002244668912,78.81944444444444,7,naive_seasonal_24h
186,80.58333333333333,110.27786873771788,138.65331334397172,66.12970791508778,7,naive_seasonal_24h
188,3.5416666666666665,5.062114182829147,79.58642495766559,73.0457748250015,7,naive_seasonal_24h
189,2.4375,3.344772040064913,138.3838383838384,112.41707366707367,7,naive_seasonal_24h
191,1.3125,1.9094065395649333,65.59934318555007,113.16468253968253,7,naive_seasonal_24h
193,2.6875,3.886407938787006,69.67094413522985,81.18114728408845,7,naive_seasonal_24h
195,5.416666666666667,10.539607835841585,504.4666666666667,126.45741732412141,7,naive_seasonal_24h
196,1.1875,1.713913650100261,63.44086021505376,103.51190476190476,7,naive_seasonal_24h
197,2.7083333333333335,3.7693942926328807,99.07218907218909,104.21266233766234,7,naive_seasonal_24h
198,3.4583333333333335,5.0,149.44444444444443,121.03736541236542,7,naive_seasonal_24h
205,1.9791666666666667,3.1655699855370965,71.60163139329806,103.65289802789802,7,naive_seasonal_24h
209,8.291666666666666,14.13329402510257,236.100650871707,74.51532104328332,7,naive_seasonal_24h
211,29.958333333333332,43.88526707981469,457.0805110195203,87.87110596183045,7,naive_seasonal_24h
213,1.9375,2.9895651857753496,75.69408369408369,104.69729344729343,7,naive_seasonal_24h
215,1.7708333333333333,2.7271780286589284,70.72245006455532,91.7596755096755,7,naive_seasonal_24h
216,3.375,4.373213921133975,96.10389610389609,87.41091328262381,7,naive_seasonal_24h
222,1.3541666666666667,2.0155644370746373,65.4040404040404,93.81613756613756,7,naive_seasonal_24h
223,2.6666666666666665,3.1091263510296048,116.40151515151513,84.85976985976986,7,naive_seasonal_24h
224,7.958333333333333,10.175542573576442,154.94632732722465,67.57347613805238,7,naive_seasonal_24h
225,4.5,5.715476066494082,158.38390066171397,80.59837685285255,7,naive_seasonal_24h
226,4.8125,6.498397238293967,119.07012819696644,61.779849228316316,7,naive_seasonal_24h
228,1.4583333333333333,1.8257418583505538,61.45299145299145,74.01334776334777,7,naive_seasonal_24h
229,29.708333333333332,37.216707717547145,161.70827008103618,61.942480805802155,7,naive_seasonal_24h
230,69.97916666666667,109.04462007209098,93.53023510099639,56.030278554875046,7,naive_seasonal_24h
231,42.083333333333336,59.063172394761644,506.77672737065353,75.94404122548342,7,naive_seasonal_24h
232,14.916666666666666,17.30004816948978,293.62894413925426,92.8080371291998,7,naive_seasonal_24h
233,20.041666666666668,26.114331952652616,89.29191424329373,60.530957442750186,7,naive_seasonal_24h
234,63.645833333333336,84.15598116988873,437.2064012384399,72.78792636091093,7,naive_seasonal_24h
235,1.7708333333333333,2.6259918760981216,82.39087301587301,93.30236892736893,7,naive_seasonal_24h
236,94.375,126.27846213824431,150.58967629362684,74.97256325765635,7,naive_seasonal_24h
237,114.41666666666667,137.43877424754146,142.8980752358619,77.565602051372,7,naive_seasonal_24h
238,33.270833333333336,45.602677187492695,122.27292532746843,58.770921263155266,7,naive_seasonal_24h
239,43.4375,54.293377435312806,135.0855875771204,56.520270222412854,7,naive_seasonal_24h
243,4.145833333333333,6.005206074732157,165.4640666707419,84.00952935635429,7,naive_seasonal_24h
244,6.270833333333333,8.898735865278843,89.3192647134589,67.27935734301364,7,naive_seasonal_24h
246,51.5,64.32987900916132,319.1423414887231,71.1537332827911,7,naive_seasonal_24h
247,2.875,4.663689526544408,66.80825584671739,96.73963087566028,7,naive_seasonal_24h
249,102.20833333333333,180.80191739396275,421.1219476461502,79.36326630267017,7,naive_seasonal_24h
254,1.9166666666666667,2.715695122800054,61.13415258576549,101.37175324675324,7,naive_seasonal_24h
255,20.666666666666668,38.17121515837119,953.4466738246382,115.98396146417008,7,naive_seasonal_24h
256,12.229166666666666,17.52676524633111,693.8600442696554,113.18190967351252,7,naive_seasonal_24h
258,1.6458333333333333,2.3139072294858036,87.09770114942529,127.26851851851852,7,naive_seasonal_24h
260,2.8333333333333335,3.8351444996679502,163.1453634085213,108.12812187812187,7,naive_seasonal_24h
261,11.125,17.040393187951974,103.41931220923861,69.56024193865294,7,naive_seasonal_24h
262,32.229166666666664,50.67893217764821,97.4902515391144,58.377623081531276,7,naive_seasonal_24h
263,43.9375,57.02247363978522,227.94903762172316,64.7530083796738,7,naive_seasonal_24h
264,2.9583333333333335,3.7416573867739413,58.30356296819712,83.43398247137814,7,naive_seasonal_24h
265,2.0416666666666665,2.865018906278514,97.08815958815957,92.98520923520924,7,naive_seasonal_24h
4,24.9375,43.040436413524745,1025.0264902995818,81.3288359007307,8,naive_seasonal_24h
7,10.333333333333334,13.181426326464068,190.04638960677758,82.19349505315441,8,naive_seasonal_24h
10,2.2916666666666665,2.9650744791095325,80.49567099567099,93.02308802308801,8,naive_seasonal_24h
12,0.8958333333333334,1.4215601757693317,84.1304347826087,73.32010582010582,8,naive_seasonal_24h
13,22.145833333333332,32.18792475447897,101.05661922841219,93.37508011857419,8,naive_seasonal_24h
14,2.0416666666666665,3.0069364254447857,69.63659147869673,101.94624819624819,8,naive_seasonal_24h
17,3.5416666666666665,4.536885862938733,133.5756439327868,76.7566314718943,8,naive_seasonal_24h
24,8.354166666666666,10.742245264996201,85.87143359307036,67.73185240933275,8,naive_seasonal_24h
25,5.979166666666667,8.564704703996902,183.3562981733713,92.059959251409,8,naive_seasonal_24h
26,1.6041666666666667,2.419538523492996,76.49659863945578,107.3611111111111,8,naive_seasonal_24h
28,1.4583333333333333,1.9148542155126762,66.33333333333334,113.75,8,naive_seasonal_24h
33,5.0625,7.169088738001039,76.10680985680986,94.20796779454572,8,naive_seasonal_24h
35,2.875,3.7693942926328807,101.8945243945244,98.32940931459684,8,naive_seasonal_24h
36,8.0,12.914784809150582,395.8536585365853,109.25594688094687,8,naive_seasonal_24h
37,11.916666666666666,18.874586088176873,360.71344140493073,90.77401730453944,8,naive_seasonal_24h
39,2.9791666666666665,4.389855730355308,68.50889350889351,83.33828805967833,8,naive_seasonal_24h
40,2.0,3.29772648956823,98.58585858585857,108.08366402116401,8,naive_seasonal_24h
41,13.791666666666666,18.09465851202135,103.07899819577386,60.29719765570241,8,naive_seasonal_24h
42,11.1875,15.838376389853433,121.99036451285534,64.37927785538376,8,naive_seasonal_24h
43,24.9375,34.7002041300432,74.7571054526091,57.39575298308199,8,naive_seasonal_24h
45,7.854166666666667,9.80114789195633,194.7439998726763,91.38303946811271,8,naive_seasonal_24h
48,66.04166666666667,83.44134666538726,117.69830218154975,59.845950492718146,8,naive_seasonal_24h
49,4.1875,5.75,109.68198468198469,99.18108755279808,8,naive_seasonal_24h
50,19.708333333333332,22.984596291139564,192.57097560266513,76.86116749349218,8,naive_seasonal_24h
51,2.2083333333333335,3.517811819867572,74.24019607843138,112.65091390091389,8,naive_seasonal_24h
52,1.6041666666666667,2.4109126902482387,90.44444444444444,86.51695526695528,8,naive_seasonal_24h
55,1.8125,2.802528620133373,63.16666666666666,96.72619047619048,8,naive_seasonal_24h
56,1.2291666666666667,1.7017148213885114,79.79797979797979,108.10515873015872,8,naive_seasonal_24h
61,7.020833333333333,9.306135968632022,112.61524487722221,87.11123830786589,8,naive_seasonal_24h
62,2.0,2.865018906278514,81.72398589065256,95.79485694617273,8,naive_seasonal_24h
63,1.6875,2.6180463454008347,68.22871572871573,117.9692760942761,8,naive_seasonal_24h
65,3.9583333333333335,5.251983752196243,82.05533506824754,81.44802926691472,8,naive_seasonal_24h
66,4.208333333333333,5.762667206540157,132.5994350994351,78.79748703390008,8,naive_seasonal_24h
68,64.77083333333333,74.60325618452141,209.17193379230176,67.94878482547595,8,naive_seasonal_24h
69,1.7916666666666667,3.020761493398643,72.83549783549783,69.68470187220187,8,naive_seasonal_24h
70,4.520833333333333,6.6442330884258824,45.90601742440338,53.34823725298934,8,naive_seasonal_24h
71,2.25,3.452052529534663,47.0817229908139,71.14007316213197,8,naive_seasonal_24h
72,2.8958333333333335,3.971250852481285,72.54382055852643,92.60288079367025,8,naive_seasonal_24h
74,10.416666666666666,14.14066240786949,115.94671737903705,59.26951434440209,8,naive_seasonal_24h
75,14.770833333333334,19.479155525843517,61.12422775324351,47.571304087829326,8,naive_seasonal_24h
76,4.354166666666667,6.995534289816611,55.973122135130424,67.00222780580593,8,naive_seasonal_24h
77,1.7291666666666667,2.4706611800622658,99.2526455026455,90.05094442594441,8,naive_seasonal_24h
78,1.1875,1.8085445345175588,57.76190476190477,87.3611111111111,8,naive_seasonal_24h
79,159.5,291.36782309193535,617.685664329462,83.40092697820367,8,naive_seasonal_24h
80,12.229166666666666,19.106608804285496,502.159064480493,106.37493645305581,8,naive_seasonal_24h
82,2.6458333333333335,3.75,102.61183261183263,92.00216450216449,8,naive_seasonal_24h
83,1.625,2.254624876411447,55.65907522429262,122.85984848484848,8,naive_seasonal_24h
85,2.125,3.415650255319866,76.39682539682539,108.74669312169311,8,naive_seasonal_24h
86,1.7916666666666667,2.886751345948129,73.88624338624338,109.57611832611832,8,naive_seasonal_24h
87,25.833333333333332,36.71171475156125,415.4584221823005,85.01170787007148,8,naive_seasonal_24h
88,16.041666666666668,24.59844168506073,504.73423347228214,87.81015390951798,8,naive_seasonal_24h
89,3.8541666666666665,5.11737237261468,92.62186323161934,103.42422946003508,8,naive_seasonal_24h
90,51.8125,67.765680842149,312.24733484910024,75.16430240903361,8,naive_seasonal_24h
91,2.9791666666666665,4.502314219746699,69.84992784992785,99.8053988495165,8,naive_seasonal_24h
92,2.2083333333333335,3.5237290853109955,84.53061224489798,118.74639249639249,8,naive_seasonal_24h
95,2.3958333333333335,3.2945662334617993,85.01221001221,104.00462962962963,8,naive_seasonal_24h
97,4.25,6.244997998398398,136.29697176208805,73.72721936353481,8,naive_seasonal_24h
100,39.645833333333336,46.435214726182394,179.31799854611404,78.00868790929191,8,naive_seasonal_24h
106,1.5208333333333333,2.0361319538117693,81.4102564102564,131.94444444444443,8,naive_seasonal_24h
107,53.520833333333336,70.61500666761044,286.76601859466575,71.44370755257599,8,naive_seasonal_24h
112,11.666666666666666,16.952138508164687,567.5816212772736,109.136878158993,8,naive_seasonal_24h
113,46.666666666666664,66.28819653603497,605.5282027640638,74.55184369767731,8,naive_seasonal_24h
114,81.125,158.0454839595235,569.4707713741924,75.99599248642618,8,naive_seasonal_24h
116,7.6875,10.017692681783899,145.7594835899434,80.77035993414141,8,naive_seasonal_24h
117,1.4375,2.331844763272204,65.88571428571429,76.61285473785473,8,naive_seasonal_24h
119,1.5,2.217355782608345,70.3968253968254,92.37373737373737,8,naive_seasonal_24h
125,18.0,24.600135500981832,390.0155854575746,77.90795109783467,8,naive_seasonal_24h
127,2.0625,2.704163456597992,72.66666666666666,119.61189273689274,8,naive_seasonal_24h
129,4.770833333333333,7.238496621076322,126.91075701542414,68.12337162234523,8,naive_seasonal_24h
130,3.0,3.570714214271425,90.43385987534924,73.85580594780221,8,naive_seasonal_24h
132,73.10416666666667,104.42471370960676,38.57938212587674,34.74976781621026,8,naive_seasonal_24h
134,1.125,1.632993161855452,72.75510204081634,111.52116402116401,8,naive_seasonal_24h
137,28.9375,34.567265343578065,171.24959070666418,62.49678494677047,8,naive_seasonal_24h
138,76.35416666666667,105.57136212060541,61.05341942353216,74.18628302361866,8,naive_seasonal_24h
140,61.458333333333336,82.14874720083482,73.00927798902256,67.72537116873646,8,naive_seasonal_24h
141,46.291666666666664,56.860941485932734,150.29123904157825,64.0723592654162,8,naive_seasonal_24h
142,66.375,104.92894421146785,78.31899582177358,55.13083917816014,8,naive_seasonal_24h
143,31.0,42.67122371497369,112.00106434216217,68.63232567500262,8,naive_seasonal_24h
144,55.833333333333336,95.81688264601391,1018.3775360303898,82.53681740687637,8,naive_seasonal_24h
145,8.854166666666666,11.896252911456335,177.3486798182038,70.35432924552052,8,naive_seasonal_24h
146,4.0625,5.539629951540085,176.96232429186975,86.53834985446743,8,naive_seasonal_24h
148,96.625,181.26867719860851,923.7743767179331,87.52155592302586,8,naive_seasonal_24h
151,19.479166666666668,24.865890291722916,102.02885664516026,67.5959659757571,8,naive_seasonal_24h
152,3.4583333333333335,4.55521678957215,50.2181034766174,69.31043851781078,8,naive_seasonal_24h
155,1.625,2.207940216581962,76.82539682539684,118.06878306878305,8,naive_seasonal_24h
157,5.8125,11.065147988165364,317.04545454545456,151.59653008490218,8,naive_seasonal_24h
158,48.145833333333336,78.73438998726456,564.7073899264112,93.67866377485551,8,naive_seasonal_24h
159,1.4375,1.920286436967152,63.26804915514593,94.54455266955267,8,naive_seasonal_24h
161,132.8125,191.9316827241749,141.27857345539755,72.49238805992037,8,naive_seasonal_24h
162,96.72916666666667,132.24275342465208,117.65991054790493,74.47054389224228,8,naive_seasonal_24h
163,65.95833333333333,94.00421089859042,192.09038571416198,62.987783826409405,8,naive_seasonal_24h
164,59.916666666666664,77.33477010159574,205.23115169000982,70.92543330665852,8,naive_seasonal_24h
165,1.5208333333333333,2.3935677693908453,66.94444444444446,90.27777777777779,8,naive_seasonal_24h
166,16.125,22.291627725822686,100.67154876296509,60.556725897269395,8,naive_seasonal_24h
167,1.5,2.309401076758503,72.71604938271604,102.38275613275613,8,naive_seasonal_24h
168,2.7291666666666665,3.923752455664518,79.0878169449598,82.3086786611867,8,naive_seasonal_24h
169,1.1458333333333333,1.7260262647673315,60.37634408602152,110.87301587301586,8,naive_seasonal_24h
170,63.416666666666664,81.98348410909765,149.61763378855713,71.07080650337969,8,naive_seasonal_24h
177,2.4375,3.4064889059949492,90.4938725490196,98.71301084536378,8,naive_seasonal_24h
179,3.375,4.382731264101569,131.4803891958475,92.56317756317758,8,naive_seasonal_24h
181,3.625,5.041494487418058,96.81009049430102,93.97474633639494,8,naive_seasonal_24h
182,1.4375,2.1360009363293826,76.08678955453149,108.10756373256372,8,naive_seasonal_24h
186,79.20833333333333,103.3686767513899,122.0257088529063,67.2060455264036,8,naive_seasonal_24h
188,3.7291666666666665,5.0723925978444,78.83582042957042,81.75160571841091,8,naive_seasonal_24h
189,2.5833333333333335,3.5648749393679062,126.97344322344321,114.20905483405483,8,naive_seasonal_24h
191,1.5625,2.3496453633119474,80.65873015873017,102.35449735449735,8,naive_seasonal_24h
193,2.5,3.5059473279937716,67.6907103736372,88.27628533317387,8,naive_seasonal_24h
195,4.645833333333333,8.586568969423507,353.81944444444446,112.51659805336276,8,naive_seasonal_24h
196,1.8125,2.4537386440559095,120.36458333333333,110.29761904761905,8,naive_seasonal_24h
197,2.7083333333333335,3.69120576505835,87.15538847117796,104.12217412217414,8,naive_seasonal_24h
198,3.7708333333333335,5.0641715347461655,187.8299319727891,116.15079365079366,8,naive_seasonal_24h
205,1.6666666666666667,2.6457513110645907,57.507974481658685,94.24242424242425,8,naive_seasonal_24h
209,9.645833333333334,16.455115719232523,367.8517466994398,84.72694651714771,8,naive_seasonal_24h
211,31.1875,48.4086338717933,743.2826265689614,81.11737103773034,8,naive_seasonal_24h
213,1.9375,3.2113081446662823,69.7273425499232,100.56848244348244,8,naive_seasonal_24h
215,1.7708333333333333,2.6496855159307744,102.07142857142857,91.69973544973544,8,naive_seasonal_24h
216,3.1875,4.220485754033533,120.65011223344557,76.32870084116887,8,naive_seasonal_24h
222,1.4166666666666667,2.1213203435596424,74.73809523809524,93.96855459355459,8,naive_seasonal_24h
223,2.9166666666666665,3.570714214271425,122.72486772486772,79.66991341991341,8,naive_seasonal_24h
224,8.458333333333334,11.33210777687305,147.45066448248946,77.32123678874315,8,naive_seasonal_24h
225,5.0625,6.920681565664854,129.27498247010442,91.88239915196918,8,naive_seasonal_24h
226,6.583333333333333,14.364307617610162,80.36115607056522,55.44360894642609,8,naive_seasonal_24h
228,1.8125,2.277608394786075,108.58333333333334,100.54232804232804,8,naive_seasonal_24h
229,32.979166666666664,40.635831889273945,120.89611556234365,60.26378371300867,8,naive_seasonal_24h
230,75.45833333333333,116.46709120319497,94.71899232789805,55.12487701300074,8,naive_seasonal_24h
231,56.854166666666664,75.7535752731623,692.7728442519278,95.96414503436772,8,naive_seasonal_24h
232,11.458333333333334,14.621616417710685,256.21259292869524,77.82890676838795,8,naive_seasonal_24h
233,24.166666666666668,30.115748925326983,144.4373942603275,63.39330353761118,8,naive_seasonal_24h
234,76.54166666666667,95.38649450175498,432.07645889343354,81.91830142155759,8,naive_seasonal_24h
235,1.2708333333333333,1.8540496217739157,62.96082949308756,92.57159507159507,8,naive_seasonal_24h
236,93.4375,135.63331387728212,146.72187575836477,70.75274198627066,8,naive_seasonal_24h
237,119.54166666666667,150.79400960692482,160.71958045845685,77.86440915981093,8,naive_seasonal_24h
238,40.4375,52.50218249431795,122.15966142648054,62.94233014883369,8,naive_seasonal_24h
239,56.416666666666664,75.61084578286372,130.09441645580438,57.765262712005985,8,naive_seasonal_24h
243,3.4166666666666665,5.311151789709397,89.70020499782404,77.22069048260731,8,naive_seasonal_24h
244,5.729166666666667,7.378177281686853,77.43845106244962,56.84703251447389,8,naive_seasonal_24h
246,62.479166666666664,77.3513359074468,284.5173176502636,77.00623711086727,8,naive_seasonal_24h
247,1.9583333333333333,2.692582403567252,111.93342151675485,83.01065832315832,8,naive_seasonal_24h
249,109.52083333333333,184.72338554353823,478.02983621752935,83.07249487762034,8,naive_seasonal_24h
254,1.7083333333333333,2.669269563007828,88.69791666666666,112.89072039072039,8,naive_seasonal_24h
255,23.770833333333332,42.53111606028383,596.5412218906008,114.13969174623196,8,naive_seasonal_24h
256,11.583333333333334,16.405029716522918,515.9020398793126,116.28253288875175,8,naive_seasonal_24h
258,1.7708333333333333,2.5860201081971503,94.62081128747796,112.23184223184222,8,naive_seasonal_24h
260,3.3333333333333335,7.435836648734738,65.26534279317949,83.3084622737984,8,naive_seasonal_24h
261,11.729166666666666,14.229517443211721,191.662534104784,79.09184555123137,8,naive_seasonal_24h
262,35.8125,50.95034347283637,91.42007082351218,62.216756655518225,8,naive_seasonal_24h
263,44.270833333333336,56.255925613811264,226.79064693848235,65.50948653079361,8,naive_seasonal_24h
264,3.8541666666666665,5.0723925978444,99.81554621089504,81.62860418543683,8,naive_seasonal_24h
265,2.1458333333333335,2.9615592739861434,150.1020408163265,101.63359788359787,8,naive_seasonal_24h
4,22.729166666666668,40.86333931533252,655.1872211926559,70.05572802896849,9,naive_seasonal_24h
7,7.5625,9.586231445846346,229.18585240813684,74.56528595800216,9,naive_seasonal_24h
10,2.625,3.6285901761795403,95.4424603174603,93.87055210584622,9,naive_seasonal_24h
12,1.0416666666666667,1.6708281379802852,82.31884057971013,64.6329365079365,9,naive_seasonal_24h
13,18.979166666666668,28.138422722912765,69.48371742500036,81.58667197279004,9,naive_seasonal_24h
14,1.875,2.4664414311581235,94.33719433719435,104.80008417508418,9,naive_seasonal_24h
17,4.375,6.137317546507322,181.3298050188294,87.61117847442874,9,naive_seasonal_24h
24,6.0625,7.969995817648422,85.9870602507924,51.51406288163608,9,naive_seasonal_24h
25,5.5625,7.487489565935968,167.3039738039738,86.5062523684394,9,naive_seasonal_24h
26,1.7083333333333333,2.4324199198877374,69.18586789554533,98.66432178932179,9,naive_seasonal_24h
28,1.3125,1.796988221070652,68.54838709677419,115.38359788359787,9,naive_seasonal_24h
33,3.0,4.4628092796652945,55.240551115551106,69.38206262299343,9,naive_seasonal_24h
35,3.1875,5.344389581607987,72.87397523691382,78.79750148042483,9,naive_seasonal_24h
36,12.4375,19.93583456993963,518.6967418546367,115.73312721939423,9,naive_seasonal_24h
37,10.916666666666666,15.648482354528825,455.2824463118581,99.03969522616937,9,naive_seasonal_24h
39,3.1875,4.8584119490494695,59.788978759567,96.3172492339159,9,naive_seasonal_24h
40,1.8541666666666667,2.436698586202241,130.16666666666666,138.94179894179894,9,naive_seasonal_24h
41,11.395833333333334,15.776432845650925,117.27384131388374,62.12421712512141,9,naive_seasonal_24h
42,7.5,10.897247358851684,73.02338117386702,51.11453145007676,9,naive_seasonal_24h
43,24.479166666666668,34.42110544418932,49.11303919656687,67.11072610826756,9,naive_seasonal_24h
45,8.208333333333334,12.115761084911945,349.37431705384995,74.9688544147888,9,naive_seasonal_24h
48,51.375,73.05591465902447,136.31387821998578,54.44687058810732,9,naive_seasonal_24h
49,4.958333333333333,6.683312551921141,210.24786429723403,88.37287891273961,9,naive_seasonal_24h
50,15.666666666666666,20.143237078483686,171.01805155586135,67.28778428591697,9,naive_seasonal_24h
51,2.4375,3.442988043352266,66.38188608776844,121.63563288563289,9,naive_seasonal_24h
52,1.5416666666666667,2.1213203435596424,107.06605222734255,85.8829365079365,9,naive_seasonal_24h
55,2.7708333333333335,3.875671984744495,80.34992784992787,130.43040293040292,9,naive_seasonal_24h
56,0.9791666666666666,1.479019945774904,47.74509803921569,81.59722222222221,9,naive_seasonal_24h
61,6.208333333333333,8.359126748650244,120.10811747845591,81.13144850978237,9,naive_seasonal_24h
62,1.8958333333333333,2.6964482812272395,71.30777159348588,80.29829239388063,9,naive_seasonal_24h
63,1.7083333333333333,2.6536138880151094,54.48261416003351,117.21153846153845,9,naive_seasonal_24h
65,4.645833333333333,6.01906692658145,155.99577582910914,76.94914560501918,9,naive_seasonal_24h
66,4.6875,6.289872812704562,137.68717393717392,98.76115986301693,9,naive_seasonal_24h
68,41.6875,51.37910567536185,208.80739836489033,55.528359244602825,9,naive_seasonal_24h
69,1.6875,2.445233458520202,78.05659983291562,71.37693325193324,9,naive_seasonal_24h
70,4.875,6.664583007710735,37.840739077880684,49.413527446328715,9,naive_seasonal_24h
71,2.75,4.138236339311712,77.21824224498022,116.40649827182335,9,naive_seasonal_24h
72,2.4791666666666665,3.307189138830738,95.84193584193585,91.00793427418814,9,naive_seasonal_24h
74,8.979166666666666,11.490031911763054,81.89691714190131,54.71661668593446,9,naive_seasonal_24h
75,13.270833333333334,17.469616481193857,87.14111129016496,46.98095234656876,9,naive_seasonal_24h
76,5.6875,7.998697810685603,64.93633049813535,82.89018386267009,9,naive_seasonal_24h
77,2.1458333333333335,2.846781808756454,81.18367346938776,101.005291005291,9,naive_seasonal_24h
78,1.3125,1.7380544678845176,81.19868637110017,95.91600529100528,9,naive_seasonal_24h
79,132.5,247.8481557997423,515.1311490228386,73.91042026128251,9,naive_seasonal_24h
80,12.1875,20.681614218108475,732.5876108018964,114.65537346971627,9,naive_seasonal_24h
82,3.0625,3.7165171868296265,129.39024390243904,107.55291005291004,9,naive_seasonal_24h
83,1.5,1.9039432764659772,78.0,117.63888888888887,9,naive_seasonal_24h
85,1.3125,1.984313483298443,69.74386724386724,83.61531986531986,9,naive_seasonal_24h
86,1.5,2.273030282830976,65.41666666666667,108.93518518518518,9,naive_seasonal_24h
87,23.916666666666668,32.98800286973028,389.8932883052219,82.80747162259985,9,naive_seasonal_24h
88,12.5625,18.189397094644637,257.8753698417192,85.63638822074297,9,naive_seasonal_24h
89,3.4791666666666665,5.467708234108083,62.21851195447452,75.29552460347318,9,naive_seasonal_24h
90,40.729166666666664,55.68269479829438,250.11023279703903,69.60159813547436,9,naive_seasonal_24h
91,2.7291666666666665,4.110454151712841,56.3134484563056,87.11006403440614,9,naive_seasonal_24h
92,2.2291666666666665,2.868652413009751,102.15572715572713,122.51984126984125,9,naive_seasonal_24h
95,2.5208333333333335,3.1191612120354835,77.17839105339105,86.39921421171421,9,naive_seasonal_24h
97,5.625,6.892024376045111,147.97482279625137,88.22831253713605,9,naive_seasonal_24h
100,35.520833333333336,43.569150018485935,112.27174894402314,70.79513495523304,9,naive_seasonal_24h
106,1.4375,1.865252440466616,95.40229885057471,111.98412698412697,9,naive_seasonal_24h
107,44.166666666666664,57.75234482974118,311.3928246957002,64.28892474782371,9,naive_seasonal_24h
112,7.895833333333333,12.030343580574357,314.12530591102023,95.4245313406841,9,naive_seasonal_24h
113,38.645833333333336,54.827950596996295,786.2322847979381,70.16219309710702,9,naive_seasonal_24h
114,67.25,139.74843469606378,1012.2471299681488,64.08254901902392,9,naive_seasonal_24h
116,7.229166666666667,9.357483636106451,166.8590572594378,69.82251436376608,9,naive_seasonal_24h
117,1.3125,2.212653007891959,59.396258503401356,84.80820105820106,9,naive_seasonal_24h
119,1.1041666666666667,1.6770509831248424,60.82649151614669,102.24025974025973,9,naive_seasonal_24h
125,13.208333333333334,17.473789896108208,269.07094285866947,70.0673683955658,9,naive_seasonal_24h
127,2.3333333333333335,3.1024184114977142,127.8174603174603,101.85064935064933,9,naive_seasonal_24h
129,4.229166666666667,5.903741751352837,172.42987914862914,67.9370877476696,9,naive_seasonal_24h
130,3.25,3.9895697345286076,81.01461038961038,80.3356970113936,9,naive_seasonal_24h
132,59.729166666666664,82.21655855118237,32.653723376467,31.27361123200606,9,naive_seasonal_24h
134,1.0833333333333333,1.3844373104863459,68.60215053763442,103.69047619047619,9,naive_seasonal_24h
137,26.020833333333332,32.3345145832334,147.95423573905703,55.88760259020787,9,naive_seasonal_24h
138,66.9375,94.2004732826044,52.8816877762468,51.30809220625664,9,naive_seasonal_24h
140,57.625,74.67708260682568,134.44956010172646,68.90207990969671,9,naive_seasonal_24h
141,33.8125,45.076093072344534,129.0097024600076,52.86259211935408,9,naive_seasonal_24h
142,62.041666666666664,101.01856265063367,81.05278329167558,60.61574151476656,9,naive_seasonal_24h
143,21.958333333333332,33.01325491374639,79.4225611322719,55.92744211961627,9,naive_seasonal_24h
144,51.645833333333336,85.01262161193085,780.5660601425084,78.03980704756889,9,naive_seasonal_24h
145,8.854166666666666,15.312712583558364,284.8756906989004,67.86856906329153,9,naive_seasonal_24h
146,4.270833333333333,5.599479142444114,157.94481358434845,78.71768220742679,9,naive_seasonal_24h
148,86.8125,163.82657242747078,862.6203625671116,85.92551802694128,9,naive_seasonal_24h
151,15.291666666666666,20.349037651283005,84.4695999232193,50.39192431815803,9,naive_seasonal_24h
152,3.4375,4.511559227879721,73.3871974278951,63.270812177651294,9,naive_seasonal_24h
155,1.8333333333333333,2.5900450446533423,79.39814814814814,112.55952380952381,9,naive_seasonal_24h
157,5.208333333333333,9.411871935663667,311.33333333333337,123.13727938727938,9,naive_seasonal_24h
158,34.395833333333336,63.03983528954794,534.5837215161243,73.18416367576641,9,naive_seasonal_24h
159,1.7083333333333333,2.23606797749979,79.60317460317461,89.28451178451178,9,naive_seasonal_24h
161,138.08333333333334,195.0251052215244,99.7543979525367,78.08337076119028,9,naive_seasonal_24h
162,79.52083333333333,113.0646017401851,88.61127589615117,66.11150036071506,9,naive_seasonal_24h
163,57.333333333333336,84.6726539877742,118.81664881562631,59.576363538510606,9,naive_seasonal_24h
164,58.583333333333336,80.41714162208619,313.53870884797163,72.65198981038203,9,naive_seasonal_24h
165,1.8125,2.704163456597992,75.88122605363985,107.59920634920634,9,naive_seasonal_24h
166,12.083333333333334,16.273700664978858,70.4413132680258,42.91556479874934,9,naive_seasonal_24h
167,1.3958333333333333,2.25,76.37096774193549,77.57846320346319,9,naive_seasonal_24h
168,2.375,3.2080627591533597,99.73655730234678,89.771571021571,9,naive_seasonal_24h
169,1.375,2.03100960115899,83.28125,94.62301587301586,9,naive_seasonal_24h
170,58.541666666666664,74.05150234802802,197.7602077043886,68.74593802694237,9,naive_seasonal_24h
177,2.5208333333333335,3.467107343785787,62.82843282843283,94.14170717769788,9,naive_seasonal_24h
179,2.875,3.605551275463989,135.17711962833917,99.60227272727273,9,naive_seasonal_24h
181,5.854166666666667,8.09963990969146,200.75680272108846,101.49899850397027,9,naive_seasonal_24h
182,1.6666666666666667,2.5248762345905194,51.64421997755332,99.88095238095237,9,naive_seasonal_24h
186,67.375,85.70005834303731,105.86981151876125,61.80315221462475,9,naive_seasonal_24h
188,3.3958333333333335,4.552929459882579,68.97452547452548,80.66028550875097,9,naive_seasonal_24h
189,2.8958333333333335,3.8595120589698038,167.72486772486775,101.47290209790208,9,naive_seasonal_24h
191,1.7083333333333333,2.4748737341529163,83.12807881773398,121.69642857142856,9,naive_seasonal_24h
193,2.3125,3.491060010942235,66.72718253968254,73.57799539784833,9,naive_seasonal_24h
195,1.375,2.169869427715256,112.62626262626263,105.23148148148148,9,naive_seasonal_24h
196,1.5833333333333333,2.169869427715256,64.04761904761904,101.71626984126983,9,naive_seasonal_24h
197,3.5,4.668154524720306,84.7039785611214,114.98556998556997,9,naive_seasonal_24h
198,5.041666666666667,6.940220937885671,272.27891156462584,131.67267917267915,9,naive_seasonal_24h
205,2.0,2.979093821953246,79.48492865159533,89.5638158138158,9,naive_seasonal_24h
209,6.333333333333333,10.406328202909355,273.1905471072138,72.66764970319277,9,naive_seasonal_24h
211,29.020833333333332,44.29141188387052,522.5449342663536,76.95069478783556,9,naive_seasonal_24h
213,1.75,2.7913557040740375,60.31498015873016,94.31089743589742,9,naive_seasonal_24h
215,1.9375,2.996525766060867,53.066378066378064,100.06162818662818,9,naive_seasonal_24h
216,3.1041666666666665,4.190763653560053,105.87328113063406,85.03836806468385,9,naive_seasonal_24h
222,1.8541666666666667,2.875905654456233,95.17724867724868,102.649642024642,9,naive_seasonal_24h
223,2.8125,3.6996621467371855,100.33658008658008,78.06608839503576,9,naive_seasonal_24h
224,7.583333333333333,9.738240771994361,137.7205667643508,70.64794516775542,9,naive_seasonal_24h
225,4.0625,5.410252612709811,146.54887747911002,73.77201165894125,9,naive_seasonal_24h
226,5.25,7.82889945437203,129.87867473621148,63.66896640195831,9,naive_seasonal_24h
228,3.3333333333333335,5.248015497944596,129.38095238095238,128.4612332112332,9,naive_seasonal_24h
229,28.354166666666668,36.41342472220925,112.01476987407834,55.22566687087385,9,naive_seasonal_24h
230,59.104166666666664,90.74265351347549,76.97549144472343,48.640840583406536,9,naive_seasonal_24h
231,42.833333333333336,55.95869012048084,602.0862156401155,80.58285440830774,9,naive_seasonal_24h
232,10.833333333333334,13.99255754559068,221.7815707373378,75.72595972358975,9,naive_seasonal_24h
233,21.645833333333332,27.957184526820054,111.7595235737189,61.05457194690072,9,naive_seasonal_24h
234,66.47916666666667,89.03615838523133,519.5185302949781,75.98331167229762,9,naive_seasonal_24h
235,1.375,2.207940216581962,55.93701996927803,73.3685064935065,9,naive_seasonal_24h
236,83.16666666666667,116.94835042302506,110.5020749496617,67.08797371350975,9,naive_seasonal_24h
237,97.0,122.83491631725349,170.5069582596129,74.01752744743708,9,naive_seasonal_24h
238,31.125,42.14459237751229,109.55187580448771,50.72197864814596,9,naive_seasonal_24h
239,43.270833333333336,56.82594037937252,153.8401152905787,55.77801307895634,9,naive_seasonal_24h
243,3.625,4.856267428111155,159.2826200247541,83.21227520327612,9,naive_seasonal_24h
244,5.041666666666667,6.2216021516433635,91.19600586256597,56.35062767914519,9,naive_seasonal_24h
246,33.979166666666664,45.102429720212044,192.599255636092,62.07526089290343,9,naive_seasonal_24h
247,1.75,2.48327740429189,83.57142857142857,100.76028138528137,9,naive_seasonal_24h
249,78.60416666666667,144.72682600909434,294.6814262196762,65.26560360539166,9,naive_seasonal_24h
254,1.8958333333333333,2.787621447279622,88.68742368742369,101.28577441077441,9,naive_seasonal_24h
255,21.583333333333332,35.09926399988087,559.523722464899,127.78366680457889,9,naive_seasonal_24h
256,12.020833333333334,17.613323555384618,435.079294090922,116.61644292526644,9,naive_seasonal_24h
258,1.8541666666666667,2.817356917396161,69.90783410138248,109.9750712250712,9,naive_seasonal_24h
260,2.2291666666666665,2.809952550014561,122.43686868686868,99.14125226625225,9,naive_seasonal_24h
261,8.395833333333334,11.470069746954461,118.32346672745034,62.235989437878466,9,naive_seasonal_24h
262,32.3125,48.59119433258115,91.04164459422235,59.49047982748552,9,naive_seasonal_24h
263,38.979166666666664,53.655731287533484,239.22214973221378,57.62704259164865,9,naive_seasonal_24h
264,3.0,4.0155946010522525,87.31220484061394,61.922170819067276,9,naive_seasonal_24h
265,1.8958333333333333,2.504163200219453,92.45173745173744,102.88149350649348,9,naive_seasonal_24h
4,24.958333333333332,42.41265534405189,774.0424602997797,86.68416538002805,10,naive_seasonal_24h
7,7.604166666666667,9.760677913615085,211.1508160816614,76.91913901238219,10,naive_seasonal_24h
10,2.3333333333333335,3.547299442298794,65.68763027096361,101.43855463708404,10,naive_seasonal_24h
12,0.9583333333333334,1.6708281379802852,68.01948051948052,61.57076719576719,10,naive_seasonal_24h
13,16.541666666666668,24.75042087184243,96.76623941501299,73.38068568396814,10,naive_seasonal_24h
14,2.3958333333333335,3.139134700306227,75.1305067481538,112.87379287379287,10,naive_seasonal_24h
17,2.75,3.3541019662496847,64.20737992166563,70.96289467612996,10,naive_seasonal_24h
24,8.3125,10.813764376941084,66.53989234639184,61.69287693678168,10,naive_seasonal_24h
25,4.75,6.782329983125268,146.08620765860584,84.40570970853479,10,naive_seasonal_24h
26,1.9791666666666667,3.024207885270676,77.14285714285715,117.82317219817219,10,naive_seasonal_24h
28,1.5833333333333333,2.2638462845343543,81.74731182795698,110.48941798941799,10,naive_seasonal_24h
33,4.354166666666667,5.695392874947259,78.48082453649681,89.03232062512136,10,naive_seasonal_24h
35,2.2708333333333335,3.3260336739125176,72.27427842812459,69.96641333812386,10,naive_seasonal_24h
36,8.75,15.208276255600655,428.3531746031746,113.15586642889275,10,naive_seasonal_24h
37,11.229166666666666,17.08252030585651,236.03403700242927,86.9081414046048,10,naive_seasonal_24h
39,4.145833333333333,5.907269532815761,69.27558129774197,107.09659454344558,10,naive_seasonal_24h
40,1.7708333333333333,2.376096238230542,86.84920634920634,104.46428571428571,10,naive_seasonal_24h
41,15.5,20.83566653601463,111.16077218793802,68.87557547031967,10,naive_seasonal_24h
42,10.916666666666666,14.818344486930156,91.40384853010599,61.86423386361978,10,naive_seasonal_24h
43,22.708333333333332,29.098969053902923,53.18907134883055,64.03000612675157,10,naive_seasonal_24h
45,9.1875,13.055171389146908,363.13113676198714,80.38279893953897,10,naive_seasonal_24h
48,56.125,74.28744846876893,125.48766557550483,54.89816439880872,10,naive_seasonal_24h
49,4.1875,5.226136240091718,127.90844186677519,109.29873424648967,10,naive_seasonal_24h
50,13.166666666666666,16.544132897596455,153.52023399169835,50.78795935750146,10,naive_seasonal_24h
51,1.7291666666666667,2.4790791301072526,57.64172335600907,100.23027898027898,10,naive_seasonal_24h
52,1.4375,2.155419526062927,80.3921568627451,79.8313492063492,10,naive_seasonal_24h
55,1.5625,2.367312118556965,57.46485260770976,87.9001322751323,10,naive_seasonal_24h
56,1.2916666666666667,1.8819316317727024,73.21428571428571,117.5,10,naive_seasonal_24h
61,5.0625,6.998511746554882,83.06251431820691,59.21504043047724,10,naive_seasonal_24h
62,1.8541666666666667,2.376096238230542,77.00066137566138,88.31203518703518,10,naive_seasonal_24h
63,1.6875,2.445233458520202,68.5303776683087,109.51388888888887,10,naive_seasonal_24h
65,5.708333333333333,7.213991035943049,214.55647522334127,83.58572725412283,10,naive_seasonal_24h
66,3.9166666666666665,4.979123082096552,126.87916299758406,92.6909909572953,10,naive_seasonal_24h
68,48.479166666666664,62.03006663438841,184.53340699223293,53.88354144753715,10,naive_seasonal_24h
69,2.3333333333333335,3.2596012026013246,83.97619047619047,111.55603655603655,10,naive_seasonal_24h
70,6.083333333333333,8.66506395437064,52.27654273385613,70.83771365020833,10,naive_seasonal_24h
71,2.8125,4.370831347314452,69.87029897186147,95.44664485840957,10,naive_seasonal_24h
72,2.7291666666666665,4.2793106921559225,65.40637494238602,95.93565301445737,10,naive_seasonal_24h
74,10.979166666666666,14.558073361540668,110.04037872308947,55.5500695573586,10,naive_seasonal_24h
75,13.75,17.804493814764857,58.3865537480331,56.02991658000834,10,naive_seasonal_24h
76,5.270833333333333,8.452070752188483,53.82665023990477,82.14577581218934,10,naive_seasonal_24h
77,1.5833333333333333,2.3540744819709225,63.49867724867724,77.1019721019721,10,naive_seasonal_24h
78,1.3958333333333333,2.116404183200049,84.43650793650794,88.46560846560847,10,naive_seasonal_24h
79,162.85416666666666,289.8049272067908,557.5311530351244,83.29805533684437,10,naive_seasonal_24h
80,10.125,17.668238923748646,252.88575119970469,85.76833320632007,10,naive_seasonal_24h
82,2.0,2.533114025595111,64.3421052631579,91.97270322270322,10,naive_seasonal_24h
83,0.8125,1.2162099599438687,35.648148148148145,89.30555555555554,10,naive_seasonal_24h
85,1.6875,2.358495283014151,100.43526785714285,96.56415343915343,10,naive_seasonal_24h
86,1.5416666666666667,2.41522945769824,76.24149659863944,81.3425925925926,10,naive_seasonal_24h
87,29.916666666666668,45.06476820458897,393.6575836750357,85.20982289858814,10,naive_seasonal_24h
88,15.541666666666666,23.18764038591824,303.6487254184789,89.00898231532176,10,naive_seasonal_24h
89,3.125,4.924428900898052,60.74250368368015,81.60450655688071,10,naive_seasonal_24h
90,41.291666666666664,59.84563476144271,223.52680464670937,59.027461434967314,10,naive_seasonal_24h
91,2.4375,3.816084380618437,61.803250761584096,90.97884249860458,10,naive_seasonal_24h
92,1.2083333333333333,1.8257418583505538,78.78787878787878,93.05555555555554,10,naive_seasonal_24h
95,2.125,3.088958832141773,50.729854940381244,97.19696969696969,10,naive_seasonal_24h
97,7.229166666666667,8.915108898194495,155.77385461760463,99.06750138910327,10,naive_seasonal_24h
100,31.729166666666668,38.071478826018826,134.3510047383468,67.79368758166294,10,naive_seasonal_24h
106,1.2083333333333333,1.6583123951777,82.8395061728395,94.52380952380952,10,naive_seasonal_24h
107,49.5625,70.56512949042182,240.85045775535917,62.90301058423163,10,naive_seasonal_24h
112,8.916666666666666,13.132339217874831,419.91160605656404,108.19651674721335,10,naive_seasonal_24h
113,40.6875,59.949805393067514,381.1255411956718,64.7196261535863,10,naive_seasonal_24h
114,81.5,152.64378467530213,407.0275837472934,77.83191739668122,10,naive_seasonal_24h
116,7.729166666666667,11.224044131535953,126.60035281272958,68.80864509936494,10,naive_seasonal_24h
117,1.8125,2.6259918760981216,71.53361344537815,105.08419820919819,10,naive_seasonal_24h
119,1.1875,1.6520189667999174,64.24603174603175,98.24074074074075,10,naive_seasonal_24h
125,13.708333333333334,19.845234524523345,208.62114530588437,69.9584225776912,10,naive_seasonal_24h
127,1.9375,2.384848003542364,104.92599742599744,110.8853415103415,10,naive_seasonal_24h
129,3.2291666666666665,4.8326148891326595,141.31205673758868,61.082667332667334,10,naive_seasonal_24h
130,3.4791666666666665,4.303583777891785,108.50040083373416,93.59243606792627,10,naive_seasonal_24h
132,65.60416666666667,93.0269898112012,48.22578945838967,32.692282469760926,10,naive_seasonal_24h
134,1.3125,1.689427911059441,57.94444444444444,115.4563492063492,10,naive_seasonal_24h
137,26.333333333333332,33.291640592396966,216.42748496310787,58.89671181568364,10,naive_seasonal_24h
138,57.916666666666664,78.41369990845563,56.95999267073882,60.490539248571196,10,naive_seasonal_24h
140,62.645833333333336,79.34563104964676,126.10559240174635,74.46170158356804,10,naive_seasonal_24h
141,38.708333333333336,49.0446225390715,179.76473991177045,57.03559852368878,10,naive_seasonal_24h
142,59.916666666666664,92.65662415607424,113.36557029501111,55.359484965758504,10,naive_seasonal_24h
143,27.125,37.79274621758343,92.57742612097356,65.10641464631391,10,naive_seasonal_24h
144,58.395833333333336,100.71194483939496,1163.032905542742,78.53800049409057,10,naive_seasonal_24h
145,6.5,7.939878252635028,122.10527925233808,69.74624751582014,10,naive_seasonal_24h
146,4.4375,5.8505697728227,195.8129181424636,95.88862483405826,10,naive_seasonal_24h
148,103.91666666666667,190.01491169554737,579.0220865233792,89.30454689064715,10,naive_seasonal_24h
151,17.25,23.41295937438637,119.10592886949074,59.412710746174405,10,naive_seasonal_24h
152,5.083333333333333,6.87386354243376,137.67936225341367,78.09299494116745,10,naive_seasonal_24h
155,1.6458333333333333,2.537222891273055,71.54421768707483,73.16468253968254,10,naive_seasonal_24h
157,4.208333333333333,7.463801533624359,216.9047619047619,131.56889406889408,10,naive_seasonal_24h
158,41.4375,69.24187677987939,492.7175313850383,76.39749633519857,10,naive_seasonal_24h
159,2.0,2.7309949346956564,76.81372549019608,110.19323269323269,10,naive_seasonal_24h
161,130.83333333333334,187.76847445724215,94.83425348037694,72.42232718061521,10,naive_seasonal_24h
162,83.1875,110.50688138452435,111.491471828324,72.87079029157037,10,naive_seasonal_24h
163,51.583333333333336,76.46813061661702,88.81468855879821,55.70635406723459,10,naive_seasonal_24h
164,51.958333333333336,68.3553826215122,212.6177297149314,68.63629049339012,10,naive_seasonal_24h
165,1.7916666666666667,2.8284271247461903,65.38265306122449,82.60912698412697,10,naive_seasonal_24h
166,15.375,20.21756661915573,91.30891208641981,57.03131109450138,10,naive_seasonal_24h
167,1.5416666666666667,2.4238399287081647,88.23604710701484,100.66798941798942,10,naive_seasonal_24h
168,2.0625,2.742413778650722,79.77545489740612,78.57142857142857,10,naive_seasonal_24h
169,0.875,1.35400640077266,56.79487179487178,82.93650793650794,10,naive_seasonal_24h
170,52.5625,70.79356726897343,187.0876012985792,60.767699376840824,10,naive_seasonal_24h
177,2.5,3.4641016151377544,73.93410643410643,83.9735518537763,10,naive_seasonal_24h
179,3.1666666666666665,4.203173404306164,129.05418192918194,87.89432585388467,10,naive_seasonal_24h
181,2.6458333333333335,4.054318685056714,115.61560729243656,79.75455154150974,10,naive_seasonal_24h
182,1.3541666666666667,2.0155644370746373,77.13492063492065,89.14351851851852,10,naive_seasonal_24h
186,85.83333333333333,104.95038510331123,210.80871657188533,72.34600831781877,10,naive_seasonal_24h
188,2.6458333333333335,3.608439182435161,66.75025516488931,68.95861989031494,10,naive_seasonal_24h
189,2.0,2.776388541492947,107.44897959183675,92.43957431457432,10,naive_seasonal_24h
191,1.7291666666666667,2.340761984198023,86.73881673881674,113.72023809523807,10,naive_seasonal_24h
193,2.6458333333333335,3.722118572354549,62.29560412487242,98.05007492507491,10,naive_seasonal_24h
195,1.7291666666666667,2.376096238230542,123.85057471264366,126.17063492063492,10,naive_seasonal_24h
196,1.5833333333333333,2.41522945769824,74.50520833333333,102.12962962962962,10,naive_seasonal_24h
197,3.0,3.8351444996679502,96.96267696267695,109.156223893066,10,naive_seasonal_24h
198,3.0625,5.1214418542698175,150.6451612903226,112.04156223893067,10,naive_seasonal_24h
205,1.375,2.3892118644719083,61.27777777777778,80.94877344877345,10,naive_seasonal_24h
209,9.645833333333334,13.693824642273368,331.66829984388926,97.14608186066238,10,naive_seasonal_24h
211,28.791666666666668,42.949582846247374,505.69525392347174,81.43374074787712,10,naive_seasonal_24h
213,1.875,2.8722813232690143,68.84803921568627,80.66109816109815,10,naive_seasonal_24h
215,1.7916666666666667,2.5,78.17567567567568,102.61574074074072,10,naive_seasonal_24h
216,2.875,3.69120576505835,89.08987837559266,78.07150330176646,10,naive_seasonal_24h
222,1.7083333333333333,2.7838821814150108,75.99616858237547,90.76719576719576,10,naive_seasonal_24h
223,3.0208333333333335,3.934357211370959,131.35135135135135,94.7042772042772,10,naive_seasonal_24h
224,10.041666666666666,12.421419671948398,215.65582419275233,87.8324496938621,10,naive_seasonal_24h
225,4.104166666666667,5.080600358225394,124.06492398410465,86.10259446517387,10,naive_seasonal_24h
226,4.104166666666667,5.2855936279664935,83.867162268192,56.07500672524517,10,naive_seasonal_24h
228,3.75,5.8273779123490295,161.9019274376417,113.44291551528393,10,naive_seasonal_24h
229,30.479166666666668,37.72791848662384,167.50405317657527,60.093366055092076,10,naive_seasonal_24h
230,62.291666666666664,95.48691009766732,104.37716332931038,53.66564657064894,10,naive_seasonal_24h
231,42.125,56.18570399428429,364.16741006520283,77.41267509554392,10,naive_seasonal_24h
232,13.9375,17.68297203526602,292.45913712512373,80.4441103911074,10,naive_seasonal_24h
233,21.0,26.578500083087206,92.96465978172093,59.03444540242892,10,naive_seasonal_24h
234,69.4375,94.79660243560069,260.79478092698866,68.91074452843993,10,naive_seasonal_24h
235,1.6666666666666667,2.5495097567963922,59.86979166666666,105.78884078884077,10,naive_seasonal_24h
236,99.33333333333333,135.72060762217848,110.5093325829033,62.50708640564249,10,naive_seasonal_24h
237,101.6875,131.30570246565836,102.39773450390163,61.52867420424931,10,naive_seasonal_24h
238,34.375,48.33218389437829,99.1186321913761,51.69498642729868,10,naive_seasonal_24h
239,46.791666666666664,61.85096334469389,143.89578343881627,53.48222502520531,10,naive_seasonal_24h
243,3.7291666666666665,4.557502971291772,117.81828020464384,71.57619846184087,10,naive_seasonal_24h
244,6.0625,8.382770027463078,75.94465263190196,62.20095586097572,10,naive_seasonal_24h
246,50.541666666666664,66.48715414774998,307.77266340497283,68.64343974643512,10,naive_seasonal_24h
247,2.8333333333333335,4.907477288111819,90.23504273504275,87.98400673400674,10,naive_seasonal_24h
249,104.4375,184.61846919164577,333.3967854967351,73.24259040021427,10,naive_seasonal_24h
254,1.3541666666666667,2.1457321982639557,66.62570404505888,82.67110204610204,10,naive_seasonal_24h
255,21.5625,37.57353900464173,823.28427208862,121.55451483523346,10,naive_seasonal_24h
256,12.041666666666666,18.866858067344793,539.6521365289753,107.87480462212027,10,naive_seasonal_24h
258,1.1666666666666667,1.8257418583505538,67.0,96.66666666666667,10,naive_seasonal_24h
260,2.0208333333333335,2.742413778650722,112.28513356562135,72.99903799903801,10,naive_seasonal_24h
261,7.229166666666667,10.133484099755622,84.55449512050095,58.59933867082162,10,naive_seasonal_24h
262,35.770833333333336,52.481941338584896,81.91632090045502,68.22639790391061,10,naive_seasonal_24h
263,41.979166666666664,54.12658773652741,185.78274107851956,61.01483416505892,10,naive_seasonal_24h
264,2.875,3.6685601171758564,66.74636285431738,60.14605421502099,10,naive_seasonal_24h
265,2.6875,3.43693177121688,133.5479797979798,101.72709235209236,10,naive_seasonal_24h
4,22.583333333333332,37.41768743967662,253.08562921832882,76.13478372260647,11,naive_seasonal_24h
7,7.875,9.80221063502174,186.04038154229968,74.95529015664764,11,naive_seasonal_24h
10,2.625,3.9370039370059056,85.23809523809524,97.96626984126983,11,naive_seasonal_24h
12,1.1666666666666667,1.9039432764659772,87.5,77.71645021645021,11,naive_seasonal_24h
13,19.3125,27.95271304661976,71.2740896163539,96.11691458274807,11,naive_seasonal_24h
14,2.5625,3.3634060117684275,62.94091710758377,115.82762145262144,11,naive_seasonal_24h
17,4.5625,5.882530634571031,106.03412370457823,87.17878583237022,11,naive_seasonal_24h
24,7.229166666666667,9.408551075130184,76.1797865647239,60.19877225522856,11,naive_seasonal_24h
25,5.75,7.164728420068226,171.91290191290193,98.27715599849324,11,naive_seasonal_24h
26,1.6875,2.2958295523259853,73.30357142857142,102.8339947089947,11,naive_seasonal_24h
28,1.3541666666666667,1.7017148213885114,68.33333333333333,122.20238095238096,11,naive_seasonal_24h
33,4.208333333333333,5.619905100029122,73.1483580522042,93.12146426157676,11,naive_seasonal_24h
35,3.6458333333333335,4.823985212802101,92.63286867453533,86.75862364329856,11,naive_seasonal_24h
36,9.770833333333334,16.567412793392535,294.2042042042042,119.05127373449876,11,naive_seasonal_24h
37,9.395833333333334,13.395428324618814,276.1572298230805,92.6954607831912,11,naive_seasonal_24h
39,4.770833333333333,7.298687096549169,89.4787547017464,95.4945201814358,11,naive_seasonal_24h
40,2.0,2.8722813232690143,93.89983579638752,120.7936507936508,11,naive_seasonal_24h
41,19.833333333333332,24.33447485906911,105.32775859264663,71.22525243428514,11,naive_seasonal_24h
42,13.708333333333334,17.07825127659933,124.15811958082071,65.5338218411734,11,naive_seasonal_24h
43,25.291666666666668,33.526730628957345,74.83007823569295,67.54263008228844,11,naive_seasonal_24h
45,8.1875,12.31107225224513,160.2372855326116,77.9780254505889,11,naive_seasonal_24h
48,50.416666666666664,66.89824362417896,97.56164554684396,54.45833696753675,11,naive_seasonal_24h
49,4.5625,5.959935681979575,125.72983233697519,99.35175018766351,11,naive_seasonal_24h
50,19.0625,27.910944687224998,115.15368900299343,69.15876504243447,11,naive_seasonal_24h
51,2.4375,3.2691742076555053,110.20699270699271,116.25931938431938,11,naive_seasonal_24h
52,1.8125,2.665364265286579,72.54901960784314,102.90013227513226,11,naive_seasonal_24h
55,1.9166666666666667,2.8136571693556887,81.27413127413126,79.5186988936989,11,naive_seasonal_24h
56,1.4166666666666667,2.23606797749979,95.27027027027027,93.0026455026455,11,naive_seasonal_24h
61,7.875,10.354145707557594,156.07541391908399,86.75060232783557,11,naive_seasonal_24h
62,2.625,3.6113247800034083,100.5154056469846,94.33486652236651,11,naive_seasonal_24h
63,2.2291666666666665,3.275540667838924,68.88020833333333,122.17171717171716,11,naive_seasonal_24h
65,4.25,5.361902647381804,76.82066080738964,83.93802244345723,11,naive_seasonal_24h
66,6.75,8.796306042879591,160.21320403673346,111.02561068167073,11,naive_seasonal_24h
68,41.75,51.277025394745095,86.71080029931444,54.23561672091342,11,naive_seasonal_24h
69,1.625,2.29128784747792,70.49479166666667,84.67878186628185,11,naive_seasonal_24h
70,6.083333333333333,9.613358760946491,59.59470722571901,59.175696295378884,11,naive_seasonal_24h
71,2.7708333333333335,4.175823272122517,72.85573993907327,61.010460808254926,11,naive_seasonal_24h
72,3.3333333333333335,4.847679857416329,112.31417435221782,94.57767103897135,11,naive_seasonal_24h
74,18.208333333333332,23.122860261366167,96.3336668571258,67.6729777739291,11,naive_seasonal_24h
75,16.458333333333332,23.05518741339282,37.31746096662496,41.27296466614472,11,naive_seasonal_24h
76,5.25,7.376765325443576,99.81782586124322,86.70912818619861,11,naive_seasonal_24h
77,1.8333333333333333,2.362907813126304,81.35176651305683,106.6850048100048,11,naive_seasonal_24h
78,1.5208333333333333,2.2407216099581255,93.25396825396825,104.77182539682538,11,naive_seasonal_24h
79,133.91666666666666,208.4087530151585,366.33158673115076,84.61692910763065,11,naive_seasonal_24h
80,13.229166666666666,21.878928218722233,604.0665154950871,110.85460515026891,11,naive_seasonal_24h
82,4.104166666666667,5.367727638395972,153.49206349206347,111.77784715284714,11,naive_seasonal_24h
83,1.5833333333333333,2.041241452319315,123.75,138.61111111111111,11,naive_seasonal_24h
85,1.875,2.7309949346956564,85.76576576576576,79.48893698893698,11,naive_seasonal_24h
86,2.2708333333333335,3.5677957714346076,78.2998511904762,113.7367724867725,11,naive_seasonal_24h
87,24.333333333333332,33.55406085707064,201.72146606868472,79.01438577702608,11,naive_seasonal_24h
88,13.020833333333334,18.72108882161149,262.3026805798796,88.68654650383375,11,naive_seasonal_24h
89,3.5625,5.328774092916055,77.90825642834508,75.36280547461392,11,naive_seasonal_24h
90,36.916666666666664,47.11599162351002,155.38083584064378,64.80093726919141,11,naive_seasonal_24h
91,2.75,3.758324094593227,75.76241740715425,83.65838001867412,11,naive_seasonal_24h
92,2.0208333333333335,2.6180463454008347,104.36936936936938,129.21855921855922,11,naive_seasonal_24h
95,3.2083333333333335,4.005204946899306,109.26855426855427,123.55507918007918,11,naive_seasonal_24h
97,6.645833333333333,9.268000503524659,104.13553010037944,94.82632399592678,11,naive_seasonal_24h
100,30.520833333333332,38.41413585300772,82.83114432123317,62.79131836551022,11,naive_seasonal_24h
106,1.9791666666666667,2.7950849718747373,91.97530864197532,134.265873015873,11,naive_seasonal_24h
107,43.958333333333336,51.421866295704724,142.06864574997343,65.04534607509012,11,naive_seasonal_24h
112,14.9375,25.007082330145327,643.5103698044875,115.17939458039342,11,naive_seasonal_24h
113,36.520833333333336,50.780778843968115,288.7925216474073,69.51829680479288,11,naive_seasonal_24h
114,60.916666666666664,108.95411878400927,382.4760041647467,71.56054047644078,11,naive_seasonal_24h
116,9.1875,11.96609794377432,127.11988558904896,85.53097513190107,11,naive_seasonal_24h
117,1.6458333333333333,2.340761984198023,65.36243386243386,94.13299663299664,11,naive_seasonal_24h
119,1.4375,2.340761984198023,63.19444444444444,106.94444444444444,11,naive_seasonal_24h
125,14.916666666666666,19.193097717669236,119.69895241033772,77.8321005690702,11,naive_seasonal_24h
127,2.5416666666666665,3.1754264805429417,107.17592592592591,108.67213804713803,11,naive_seasonal_24h
129,5.354166666666667,7.48470662974397,229.48585231193928,83.76240863921463,11,naive_seasonal_24h
130,3.8125,5.53210327693425,87.7128427128427,82.34729167188844,11,naive_seasonal_24h
132,60.604166666666664,84.97781573249966,29.935460944653475,30.516898483989795,11,naive_seasonal_24h
134,0.8958333333333334,1.3307266185559425,51.81159420289855,90.77380952380952,11,naive_seasonal_24h
137,24.4375,29.43318705135412,172.9942705211392,57.93507444824036,11,naive_seasonal_24h
138,70.27083333333333,107.06958407191715,67.34637461936863,55.366259752081014,11,naive_seasonal_24h
140,65.08333333333333,84.3761419675807,60.189659194935544,66.45329652434845,11,naive_seasonal_24h
141,38.875,55.02461570364061,115.15307977648581,54.56569676772892,11,naive_seasonal_24h
142,58.375,89.39052895394829,92.39602003863764,60.756739929913316,11,naive_seasonal_24h
143,27.145833333333332,39.62822016358208,68.17880772444033,59.4016627854808,11,naive_seasonal_24h
144,46.0,72.02111958770612,629.3791297632341,83.29303078118159,11,naive_seasonal_24h
145,12.5,16.527754435090895,163.9774719180442,78.33557142449708,11,naive_seasonal_24h
146,4.5,5.737304826019502,131.05914588057445,84.35680597638802,11,naive_seasonal_24h
148,81.6875,141.71207605564177,716.8053195438371,92.53022722842627,11,naive_seasonal_24h
151,20.625,26.052830940226055,60.85812406732528,60.47450197985779,11,naive_seasonal_24h
152,4.854166666666667,6.802266779047506,84.15244378163038,70.10680319534067,11,naive_seasonal_24h
155,1.375,1.8929694486000912,65.9090909090909,96.01190476190474,11,naive_seasonal_24h
157,6.916666666666667,11.844478319734755,420.4347826086956,139.32501526251528,11,naive_seasonal_24h
158,40.625,57.47390712314589,613.9064774523513,88.01731097926101,11,naive_seasonal_24h
159,2.1041666666666665,2.832107577994405,96.72619047619047,95.7425444925445,11,naive_seasonal_24h
161,140.625,201.69779374103229,101.61979954597018,73.01348467469852,11,naive_seasonal_24h
162,88.16666666666667,111.07261138552563,64.37717954967796,64.33094993399322,11,naive_seasonal_24h
163,65.89583333333333,98.24809158451883,100.62276583428343,58.84515487986559,11,naive_seasonal_24h
164,53.666666666666664,70.51388752106448,137.89194733836604,69.51935844754432,11,naive_seasonal_24h
165,2.0208333333333335,2.883140648667699,86.02564102564104,97.10888648388648,11,naive_seasonal_24h
166,11.25,14.995832754468823,46.56995055262015,41.776708816973134,11,naive_seasonal_24h
167,1.5416666666666667,2.254624876411447,99.86111111111111,92.23063973063972,11,naive_seasonal_24h
168,2.75,3.605551275463989,107.81262098335269,83.24145274803169,11,naive_seasonal_24h
169,1.6666666666666667,2.3717082451262845,96.17283950617285,110.77561327561328,11,naive_seasonal_24h
170,54.416666666666664,67.43206457860632,95.39648342558723,59.96937501647721,11,naive_seasonal_24h
177,3.25,4.439406867289067,131.12728937728937,84.28485725224856,11,naive_seasonal_24h
179,4.020833333333333,5.149838185160125,190.58603896103895,103.10266258795669,11,naive_seasonal_24h
181,2.9166666666666665,3.5765439556458225,83.40592334494772,72.35954004142859,11,naive_seasonal_24h
182,2.0416666666666665,3.13581462037113,78.36206896551725,109.98511904761904,11,naive_seasonal_24h
186,82.8125,111.81057269626457,77.83273330298685,58.64608772739032,11,naive_seasonal_24h
188,3.7291666666666665,5.35218024111047,58.363587978972596,73.87173395618622,11,naive_seasonal_24h
189,2.1666666666666665,2.7003086243366083,116.04166666666667,98.46230158730158,11,naive_seasonal_24h
191,1.7291666666666667,3.010398644698074,67.42424242424242,106.15079365079366,11,naive_seasonal_24h
193,3.5833333333333335,4.747806511081372,101.0598447136909,102.5411708174866,11,naive_seasonal_24h
195,1.9583333333333333,2.6457513110645907,121.8509984639017,134.42460317460316,11,naive_seasonal_24h
196,1.5,2.318404623873926,114.78494623655912,119.39153439153438,11,naive_seasonal_24h
197,2.8333333333333335,3.7360852952433157,112.6305067481538,117.8383190883191,11,naive_seasonal_24h
198,4.791666666666667,6.096447052723961,249.15674603174605,131.62568232421174,11,naive_seasonal_24h
205,2.375,3.4641016151377544,86.93627450980391,125.88955026455024,11,naive_seasonal_24h
209,7.0625,10.601690116832001,189.54849131629925,88.38866282227684,11,naive_seasonal_24h
211,28.333333333333332,40.041644987854,310.5305372120085,86.95688733979846,11,naive_seasonal_24h
213,1.7083333333333333,2.508319490548735,70.14309764309763,87.77229714729714,11,naive_seasonal_24h
215,2.1458333333333335,2.954516316872639,124.78632478632478,101.83531746031746,11,naive_seasonal_24h
216,2.4583333333333335,3.2145502536643185,97.55434782608697,60.689310689310695,11,naive_seasonal_24h
222,1.7708333333333333,2.537222891273055,73.91931216931216,86.38190513190513,11,naive_seasonal_24h
223,3.625,4.9749371855331,119.0950319521748,84.17818246281867,11,naive_seasonal_24h
224,11.020833333333334,13.632834139190084,137.91227694743046,83.32868654358691,11,naive_seasonal_24h
225,4.4375,5.691733772176395,108.37259316910482,79.78860634238208,11,naive_seasonal_24h
226,8.020833333333334,10.80991057625671,116.90140020487165,69.70530349558557,11,naive_seasonal_24h
228,3.6458333333333335,5.218157401484423,168.94241417497233,130.77606421356418,11,naive_seasonal_24h
229,28.8125,37.65329777500681,108.53107585652964,50.54410159475926,11,naive_seasonal_24h
230,56.895833333333336,91.45479302183493,64.44489316716894,46.57626736530376,11,naive_seasonal_24h
231,45.020833333333336,55.76270408316536,286.69861937639524,93.2287674355364,11,naive_seasonal_24h
232,12.333333333333334,14.692685254915114,163.39263771318625,79.35662248794291,11,naive_seasonal_24h
233,18.229166666666668,23.586277790274583,88.39786060208135,55.266879208889975,11,naive_seasonal_24h
234,62.770833333333336,83.69102401094158,298.77412524863695,75.0398389465231,11,naive_seasonal_24h
235,1.4166666666666667,2.1213203435596424,71.06802721088437,102.62896825396824,11,naive_seasonal_24h
236,108.54166666666667,146.16657164573118,69.20452040123651,68.45177828915298,11,naive_seasonal_24h
237,131.47916666666666,169.1450930414477,123.53944393331318,71.66542144274223,11,naive_seasonal_24h
238,33.75,50.050807519293166,75.84170139881476,46.66583715601322,11,naive_seasonal_24h
239,46.6875,61.555361261225656,77.21743331158082,56.42905732878137,11,naive_seasonal_24h
243,5.333333333333333,6.8950465311458675,117.59193101584404,68.89823502026543,11,naive_seasonal_24h
244,7.125,11.018923117377064,70.43388656224614,59.063908924609734,11,naive_seasonal_24h
246,59.125,78.92982114933916,163.91051181628967,77.29645324343939,11,naive_seasonal_24h
247,2.2708333333333335,3.2177890960513036,137.19135802469137,109.10684223184222,11,naive_seasonal_24h
249,83.0,124.0774287827296,225.87626862733438,75.46473189346143,11,naive_seasonal_24h
254,1.75,2.7913557040740375,84.1904761904762,101.79924242424242,11,naive_seasonal_24h
255,25.083333333333332,41.871828238088675,863.8565853338582,129.92992174505468,11,naive_seasonal_24h
256,13.375,20.20416623702481,607.1967158137371,112.22722753136719,11,naive_seasonal_24h
258,1.2916666666666667,1.707825127659933,77.33843537414967,114.90079365079366,11,naive_seasonal_24h
260,4.395833333333333,6.959705453537527,191.08262108262107,107.72172445523269,11,naive_seasonal_24h
261,10.541666666666666,14.011899704655802,113.49438629270561,68.6517094218309,11,naive_seasonal_24h
262,34.104166666666664,52.212107471990315,50.228827607876944,62.157889329669274,11,naive_seasonal_24h
263,39.291666666666664,50.605912039339174,126.47831610671251,53.17391675217041,11,naive_seasonal_24h
264,3.5833333333333335,4.834769901453429,47.88304463794059,74.0707646689483,11,naive_seasonal_24h
265,2.25,2.806243040080456,112.68009768009767,104.84187109187108,11,naive_seasonal_24h
4,18.625,31.384045840734643,444.1670546122162,62.26253705144453,12,naive_seasonal_24h
7,10.479166666666666,11.899754899436655,223.78567059418123,87.94720562976165,12,naive_seasonal_24h
10,3.0,4.010403138505321,115.85317460317461,108.5890035890036,12,naive_seasonal_24h
12,1.2083333333333333,1.8819316317727024,95.8974358974359,73.70761183261182,12,naive_seasonal_24h
13,18.854166666666668,25.062837695148037,72.96015525588821,81.11115946545766,12,naive_seasonal_24h
14,2.2291666666666665,2.996525766060867,72.1602787456446,104.68515281015281,12,naive_seasonal_24h
17,4.9375,6.0604592785255695,139.37281194813477,87.79516176047785,12,naive_seasonal_24h
24,7.291666666666667,9.617692030835672,58.66473392260707,47.15825600012054,12,naive_seasonal_24h
25,7.4375,10.217427921611844,202.53062278630458,86.4995596986051,12,naive_seasonal_24h
26,1.5,2.318404623873926,69.39732142857143,90.90593434343434,12,naive_seasonal_24h
28,1.4166666666666667,2.03100960115899,61.264367816091955,105.57539682539682,12,naive_seasonal_24h
33,5.104166666666667,6.562202374203344,79.89234651971567,74.5464475404687,12,naive_seasonal_24h
35,2.6666666666666665,4.363675820528682,90.81475667189953,62.342816425633764,12,naive_seasonal_24h
36,9.541666666666666,14.784564022430061,440.2478916432405,108.31922605729994,12,naive_seasonal_24h
37,13.583333333333334,19.839984879026495,441.60918188092097,88.56034891743711,12,naive_seasonal_24h
39,4.020833333333333,6.067330549755798,68.14400217658077,103.79339743763232,12,naive_seasonal_24h
40,2.2083333333333335,3.0,148.17567567567568,98.13885188885189,12,naive_seasonal_24h
41,14.708333333333334,18.904364575409563,114.2925525005244,58.670001306787725,12,naive_seasonal_24h
42,10.375,13.290033860002012,142.72656999549048,54.66012871792955,12,naive_seasonal_24h
43,21.625,31.164884084494844,86.9969855140602,64.5796074501991,12,naive_seasonal_24h
45,9.416666666666666,12.616127245183709,214.09488467942924,75.1959068803461,12,naive_seasonal_24h
48,50.708333333333336,69.31780675507076,77.86224258419985,47.92896664422236,12,naive_seasonal_24h
49,5.375,6.689544080129826,148.10635841123647,100.66842667672186,12,naive_seasonal_24h
50,21.583333333333332,25.385363236847066,155.9086965199056,67.51026478003133,12,naive_seasonal_24h
51,1.9583333333333333,2.622022120425379,69.26190476190476,114.97234247234246,12,naive_seasonal_24h
52,2.6041666666666665,3.2818947779192027,139.58020050125313,101.40482202982203,12,naive_seasonal_24h
55,2.2708333333333335,3.3322915038553673,64.18027210884354,107.67921892921892,12,naive_seasonal_24h
56,1.9583333333333333,2.581988897471611,90.41666666666667,114.0079365079365,12,naive_seasonal_24h
61,7.104166666666667,8.966372361960735,168.65988649400992,65.81226112698376,12,naive_seasonal_24h
62,2.1041666666666665,3.2307119958300214,65.5022605022605,79.10984848484848,12,naive_seasonal_24h
63,1.75,2.4664414311581235,106.52777777777777,93.24314574314575,12,naive_seasonal_24h
65,4.833333333333333,6.044970361107378,112.71503521756301,74.39095312069259,12,naive_seasonal_24h
66,6.604166666666667,8.260094833999588,164.75114316577734,89.76812050264375,12,naive_seasonal_24h
68,48.854166666666664,61.759783300569744,148.32397749587588,53.105045427100116,12,naive_seasonal_24h
69,2.0208333333333335,2.868652413009751,75.50264550264549,75.58446183446182,12,naive_seasonal_24h
70,6.1875,8.09963990969146,60.02637158649071,59.3160747836665,12,naive_seasonal_24h
71,2.2708333333333335,3.344772040064913,55.160040576707246,86.69572325822325,12,naive_seasonal_24h
72,2.1458333333333335,2.93328598446634,66.54751294457178,69.58219204542733,12,naive_seasonal_24h
74,12.666666666666666,16.40629960309962,92.46434576596928,49.96601444270288,12,naive_seasonal_24h
75,15.729166666666666,20.410883534689688,58.68094445869314,44.48654497620021,12,naive_seasonal_24h
76,4.041666666666667,5.608772890154613,92.93999772921342,67.24645357304159,12,naive_seasonal_24h
77,1.4791666666666667,2.116404183200049,71.90235690235689,95.62444499944498,12,naive_seasonal_24h
78,1.2291666666666667,1.984313483298443,58.3974358974359,99.50396825396825,12,naive_seasonal_24h
79,138.39583333333334,225.11742306331303,332.3320055653459,77.73252343629015,12,naive_seasonal_24h
80,13.3125,21.29407194502733,465.43650793650795,108.96308595154214,12,naive_seasonal_24h
82,3.2083333333333335,4.133198922545748,156.9688644688645,100.77575202575201,12,naive_seasonal_24h
83,1.2708333333333333,1.6645820296198484,101.82291666666667,113.61111111111109,12,naive_seasonal_24h
85,1.8333333333333333,2.3892118644719083,133.2258064516129,114.9134199134199,12,naive_seasonal_24h
86,1.3958333333333333,2.1065374432940898,84.50617283950615,88.73015873015872,12,naive_seasonal_24h
87,25.354166666666668,35.688758734369,322.95457082334946,74.49762423253004,12,naive_seasonal_24h
88,12.020833333333334,19.669667850101927,240.93819552808932,63.891833454181786,12,naive_seasonal_24h
89,3.375,4.945536708319263,96.0025248541995,77.47051778646826,12,naive_seasonal_24h
90,44.520833333333336,60.23305432512395,161.45242590565888,59.71552311681469,12,naive_seasonal_24h
91,3.0416666666666665,5.004164932000809,66.64734570984572,99.85294829405863,12,naive_seasonal_24h
92,2.125,2.972092416687835,95.4054054054054,111.75925925925925,12,naive_seasonal_24h
95,2.8541666666666665,3.875671984744495,80.25132275132275,109.22378547378547,12,naive_seasonal_24h
97,6.208333333333333,10.171446963600278,165.4396298146298,72.15035725192668,12,naive_seasonal_24h
100,31.3125,38.57001209921165,112.46163761317402,59.922171655476554,12,naive_seasonal_24h
106,1.7083333333333333,2.169869427715256,120.43010752688173,106.96428571428571,12,naive_seasonal_24h
107,52.666666666666664,67.4407147055842,190.84337700384157,65.40223603640987,12,naive_seasonal_24h
112,12.8125,17.96118500173824,572.5877720764084,112.28772458641338,12,naive_seasonal_24h
113,39.625,56.939295160138165,419.01691953804357,65.52542139615531,12,naive_seasonal_24h
114,62.979166666666664,111.69499018905609,392.2321976600273,67.08698868809853,12,naive_seasonal_24h
116,8.75,11.33210777687305,113.49232296842591,62.354196363442725,12,naive_seasonal_24h
117,1.8958333333333333,2.846781808756454,94.80555555555556,101.87169312169311,12,naive_seasonal_24h
119,1.7708333333333333,2.680951323690902,78.87205387205387,102.6190476190476,12,naive_seasonal_24h
125,15.3125,21.05597698200363,291.1053018876544,65.53132617592401,12,naive_seasonal_24h
127,2.7083333333333335,3.5648749393679062,92.8875968992248,82.86886724386723,12,naive_seasonal_24h
129,4.333333333333333,5.346338310781813,162.20651455026456,71.36795565975132,12,naive_seasonal_24h
130,2.9791666666666665,3.783186487605389,82.45937263794409,95.34030784030783,12,naive_seasonal_24h
132,61.8125,80.3185065847218,33.60249524932726,37.44340245210127,12,naive_seasonal_24h
134,1.2916666666666667,2.0207259421636903,106.4814814814815,88.11507936507935,12,naive_seasonal_24h
137,27.229166666666668,33.97026886362053,176.88720173737264,59.880800744670275,12,naive_seasonal_24h
138,68.95833333333333,98.18604788868936,61.51962225027714,57.00358523152442,12,naive_seasonal_24h
140,65.72916666666667,83.14232275642372,99.75635211697792,68.89343352045803,12,naive_seasonal_24h
141,47.166666666666664,60.81015540187346,125.83394047341517,60.0111865821099,12,naive_seasonal_24h
142,65.79166666666667,105.62453155714664,126.30344225038728,54.72127930653798,12,naive_seasonal_24h
143,31.229166666666668,43.14486257559139,154.08402295487934,66.36666441680796,12,naive_seasonal_24h
144,46.6875,78.00360568589122,741.6400287963747,75.45497129760076,12,naive_seasonal_24h
145,12.0625,15.413062641798351,200.4519021047154,87.27053570148836,12,naive_seasonal_24h
146,4.416666666666667,5.627314338711377,179.65367965367966,82.45647913604569,12,naive_seasonal_24h
148,91.97916666666667,159.47276413231194,543.345369831773,82.25501423452775,12,naive_seasonal_24h
151,16.4375,21.797840107068712,78.92586547868487,52.32285338695766,12,naive_seasonal_24h
152,5.229166666666667,6.783865662978103,63.64797040287237,67.84944811101634,12,naive_seasonal_24h
155,1.5208333333333333,1.973786547054502,68.93518518518518,99.38492063492065,12,naive_seasonal_24h
157,5.875,9.622023349240706,440.625,146.71180761867038,12,naive_seasonal_24h
158,43.895833333333336,65.0001602562127,479.0047529455014,82.44209978731494,12,naive_seasonal_24h
159,1.9375,2.6020824993326657,78.84758919241676,116.04929792429793,12,naive_seasonal_24h
161,147.625,197.5436660589248,180.68957255113924,83.19571752300577,12,naive_seasonal_24h
162,109.375,134.08221980063826,123.61348867117717,77.17509953216242,12,naive_seasonal_24h
163,59.0,81.00462949733182,121.76889419326302,57.96137263705547,12,naive_seasonal_24h
164,55.958333333333336,74.5936212643771,197.9553881161616,64.37544629439316,12,naive_seasonal_24h
165,1.3333333333333333,1.9364916731037085,71.37931034482759,91.9212962962963,12,naive_seasonal_24h
166,23.416666666666668,30.887564919667376,74.43905985887862,51.01972436930623,12,naive_seasonal_24h
167,1.9791666666666667,3.017311165038612,66.05734767025089,106.08074795574794,12,naive_seasonal_24h
168,3.1041666666666665,3.8702928399110403,118.65661484979665,75.19805017966783,12,naive_seasonal_24h
169,1.1875,1.689427911059441,64.15816326530613,98.92676767676767,12,naive_seasonal_24h
170,59.875,75.41441064765628,113.54899504222577,58.456317484458545,12,naive_seasonal_24h
177,3.0625,4.125631264828854,117.91715060007743,90.76302238066944,12,naive_seasonal_24h
179,2.8958333333333335,3.8106211217245587,126.76719576719574,78.40424621674622,12,naive_seasonal_24h
181,4.791666666666667,5.979130371550699,141.01322288822286,77.63718258666113,12,naive_seasonal_24h
182,1.4583333333333333,2.188987589427283,66.5142857142857,91.97631072631073,12,naive_seasonal_24h
186,58.895833333333336,75.96613828981086,114.04653628674366,58.0531118097829,12,naive_seasonal_24h
188,4.020833333333333,5.677073776750366,95.2389808853557,86.3607657759798,12,naive_seasonal_24h
189,3.3125,4.370831347314452,142.7336860670194,104.63083213083212,12,naive_seasonal_24h
191,1.7083333333333333,2.5576682088704676,66.82291666666667,112.54960317460318,12,naive_seasonal_24h
193,2.9375,3.7444403231101617,80.92625939264595,84.59569662936536,12,naive_seasonal_24h
195,2.0416666666666665,2.850438562747845,120.38461538461537,103.94751082251082,12,naive_seasonal_24h
196,1.2291666666666667,1.6770509831248424,70.06172839506173,97.9563492063492,12,naive_seasonal_24h
197,2.4375,3.5029749261639505,79.75312975312974,97.60172697672697,12,naive_seasonal_24h
198,4.145833333333333,5.6031984913380795,251.70386904761904,122.68404597351964,12,naive_seasonal_24h
205,1.9166666666666667,2.8136571693556887,74.03127254689754,103.89171014171013,12,naive_seasonal_24h
209,6.770833333333333,9.344115795515378,239.44330775290533,68.65894706480314,12,naive_seasonal_24h
211,23.416666666666668,34.077729775715206,235.29882227805516,62.79806637252822,12,naive_seasonal_24h
213,2.0833333333333335,3.304037933599835,100.3125,101.26897408147407,12,naive_seasonal_24h
215,1.9375,2.9047375096555625,74.38988095238095,101.86808561808562,12,naive_seasonal_24h
216,2.4791666666666665,3.017311165038612,106.43424036281179,75.25822489057784,12,naive_seasonal_24h
222,1.6666666666666667,2.622022120425379,81.9131794131794,79.80468197379962,12,naive_seasonal_24h
223,4.208333333333333,5.188127472091127,202.96485260770973,97.82417813667814,12,naive_seasonal_24h
224,9.041666666666666,11.27866717894155,166.5683392681528,72.63048213592414,12,naive_seasonal_24h
225,5.0625,6.0328959325794225,124.32783790817494,79.31173131310824,12,naive_seasonal_24h
226,5.583333333333333,7.112196097783956,110.29081136329756,58.76684415917948,12,naive_seasonal_24h
228,6.083333333333333,9.192388155425117,285.42900042900044,112.01228369331818,12,naive_seasonal_24h
229,36.854166666666664,43.99313393398262,123.4565216335922,58.26733979563793,12,naive_seasonal_24h
230,58.4375,82.9295634861296,78.13927165647179,47.47439916431504,12,naive_seasonal_24h
231,48.333333333333336,61.95226657139619,510.20260638007784,76.05531636091546,12,naive_seasonal_24h
232,19.708333333333332,24.735264973986702,286.6344479130473,88.72377881744694,12,naive_seasonal_24h
233,22.333333333333332,30.24690066767172,161.32489408728887,57.153594376464554,12,naive_seasonal_24h
234,76.4375,94.4665946247667,318.8851382548982,75.53861492274741,12,naive_seasonal_24h
235,1.5208333333333333,2.25,62.20238095238094,112.58387445887445,12,naive_seasonal_24h
236,117.72916666666667,156.1514355788423,110.26750643727861,70.16559705348942,12,naive_seasonal_24h
237,134.25,160.6429788900426,151.8418107928607,74.0511942087267,12,naive_seasonal_24h
238,37.895833333333336,49.90804043438292,87.54736860920161,49.06634436521738,12,naive_seasonal_24h
239,44.5625,57.99694675871596,121.02262753855922,52.158016597717506,12,naive_seasonal_24h
243,4.395833333333333,5.3716074564944405,97.97043260017556,72.40365434715318,12,naive_seasonal_24h
244,9.083333333333334,11.286053340295712,100.26943930160542,63.41422572430502,12,naive_seasonal_24h
246,50.375,62.70001329080135,296.12242685916556,65.94373106609349,12,naive_seasonal_24h
247,2.4166666666666665,3.529636430757895,64.92706992706994,103.89214271567214,12,naive_seasonal_24h
249,90.1875,148.00682698218125,255.7718317368439,71.31664038986,12,naive_seasonal_24h
254,1.4375,1.9947848672643038,84.73214285714286,95.87812650312651,12,naive_seasonal_24h
255,22.958333333333332,38.021375566909725,793.0435190460768,112.28285411546563,12,naive_seasonal_24h
256,11.541666666666666,16.072751268321593,453.49343591191416,100.24821355861927,12,naive_seasonal_24h
258,1.625,2.4238399287081647,81.71794871794872,111.1111111111111,12,naive_seasonal_24h
260,2.6666666666666665,3.3354160160315836,132.61507936507937,99.75859788359787,12,naive_seasonal_24h
261,10.708333333333334,13.17984572494433,148.9745406716895,61.64122883865065,12,naive_seasonal_24h
262,35.270833333333336,54.46883665607947,102.19829535486822,57.66512054756586,12,naive_seasonal_24h
263,42.354166666666664,54.08037999126855,233.2333587122507,60.14251659502944,12,naive_seasonal_24h
264,3.2083333333333335,4.301162633521313,47.45449941472668,61.88470869749474,12,naive_seasonal_24h
265,2.9791666666666665,3.6257183196345153,139.16666666666669,94.01214526214524,12,naive_seasonal_24h
4,14.895833333333334,23.134119823325893,178.58109869017304,65.60505657810036,13,naive_seasonal_24h
7,6.583333333333333,7.984359711335656,110.45221707148363,63.06542673310016,13,naive_seasonal_24h
10,2.0,2.598076211353316,96.37065637065636,114.16546416546414,13,naive_seasonal_24h
12,1.1458333333333333,2.2407216099581255,57.168803418803414,56.36777574277574,13,naive_seasonal_24h
13,10.479166666666666,16.253845698787718,74.30771676271097,69.85582443570537,13,naive_seasonal_24h
14,1.875,2.9650744791095325,43.74657909140668,108.55311355311353,13,naive_seasonal_24h
17,3.2083333333333335,4.411160089288682,125.78670725409854,76.15567256530879,13,naive_seasonal_24h
24,6.0625,8.905756565278438,47.33806135281234,40.376394555275304,13,naive_seasonal_24h
25,3.3958333333333335,4.361288036043175,120.61556329849013,74.38418811580574,13,naive_seasonal_24h
26,1.5208333333333333,2.6259918760981216,80.3,111.59391534391534,13,naive_seasonal_24h
28,1.125,1.848422751068236,62.54480286738351,92.55952380952381,13,naive_seasonal_24h
33,3.2916666666666665,4.636809247747852,88.32927489177489,77.06107698805235,13,naive_seasonal_24h
35,2.2916666666666665,3.559026084010437,92.27913533834587,90.22666807593278,13,naive_seasonal_24h
36,5.645833333333333,7.6471672315091075,266.242784992785,106.44245161022037,13,naive_seasonal_24h
37,8.333333333333334,10.44629120788809,261.8152854090354,85.00541361658999,13,naive_seasonal_24h
39,2.6458333333333335,4.02336923485777,143.2161503654716,94.96940418679549,13,naive_seasonal_24h
40,1.2708333333333333,2.0463381929681126,64.36781609195401,83.05555555555554,13,naive_seasonal_24h
41,8.895833333333334,12.009544815132115,65.32127268316286,43.4681135909677,13,naive_seasonal_24h
42,9.0625,12.630155712948806,80.94031407608993,53.47129973939591,13,naive_seasonal_24h
43,18.5,29.166904760932955,54.05713638336144,59.48767707872897,13,naive_seasonal_24h
45,5.104166666666667,7.0400639201643616,103.58987220770437,58.43907820034008,13,naive_seasonal_24h
48,45.270833333333336,55.598074007409046,78.99089179337017,48.23350990186708,13,naive_seasonal_24h
49,2.5,3.2339346519887093,117.02482702482702,84.24070142820142,13,naive_seasonal_24h
50,11.333333333333334,14.291605927956452,118.94668869179068,50.50132480587843,13,naive_seasonal_24h
51,1.5833333333333333,2.3979157616563596,66.36363636363636,100.78144078144078,13,naive_seasonal_24h
52,1.125,1.632993161855452,78.1547619047619,100.73412698412699,13,naive_seasonal_24h
55,1.6875,2.3048861143232218,61.53439153439153,106.65674603174602,13,naive_seasonal_24h
56,1.5416666666666667,2.101586702153082,91.51234567901236,124.31457431457432,13,naive_seasonal_24h
61,5.458333333333333,7.1092662537470535,155.56940081117713,67.45424858870813,13,naive_seasonal_24h
62,1.9791666666666667,2.802528620133373,105.24087024087024,109.28240740740739,13,naive_seasonal_24h
63,1.3541666666666667,1.796988221070652,94.33333333333333,105.92261904761904,13,naive_seasonal_24h
65,3.0625,3.8106211217245587,94.43002830502832,80.76180745159577,13,naive_seasonal_24h
66,3.2083333333333335,4.0722639076235385,68.48261697243598,82.8092841530608,13,naive_seasonal_24h
68,32.520833333333336,40.01067565871222,71.97678630993603,44.717946550462756,13,naive_seasonal_24h
69,1.4375,2.222048604328897,89.44444444444444,99.62301587301586,13,naive_seasonal_24h
70,6.395833333333333,8.76189667442691,53.622765187338985,70.46236760329316,13,naive_seasonal_24h
71,2.0,2.7233557730613653,75.95486111111111,127.85415972915973,13,naive_seasonal_24h
72,2.1041666666666665,3.2371540999258386,102.81179138321997,80.44039294039293,13,naive_seasonal_24h
74,6.9375,9.08180415262665,48.36913434828906,41.98234406080508,13,naive_seasonal_24h
75,12.020833333333334,15.590461827668864,54.30654466376149,44.04452823691188,13,naive_seasonal_24h
76,4.229166666666667,6.00173586001028,116.09931232895217,79.52450937420396,13,naive_seasonal_24h
77,1.3333333333333333,1.9790570145063195,82.43589743589746,97.88690476190474,13,naive_seasonal_24h
78,1.125,1.541103500742244,77.46913580246913,88.05555555555554,13,naive_seasonal_24h
79,75.97916666666667,104.39019350494567,139.95707826947435,64.66020627379424,13,naive_seasonal_24h
80,9.770833333333334,13.783293026946305,407.5349883412593,96.48888760385485,13,naive_seasonal_24h
82,2.7291666666666665,3.665719574653795,96.28301523038365,103.40715226131893,13,naive_seasonal_24h
83,1.0,1.3693063937629153,75.51724137931033,102.43055555555554,13,naive_seasonal_24h
85,1.5416666666666667,2.0514222708485286,85.33950617283949,113.9640452140452,13,naive_seasonal_24h
86,1.3333333333333333,1.7559422921421233,68.93333333333334,133.32341269841268,13,naive_seasonal_24h
87,9.645833333333334,12.901065847440668,65.25014807527545,44.917115761714854,13,naive_seasonal_24h
88,5.270833333333333,7.2212071936299775,89.64452399217805,63.045255491580214,13,naive_seasonal_24h
89,2.6875,3.986957904635229,110.68810857676404,96.8599281408879,13,naive_seasonal_24h
90,21.708333333333332,27.733102963786795,113.71422627261956,45.72613061672564,13,naive_seasonal_24h
91,2.1875,3.2691742076555053,92.09183673469389,107.37343674843673,13,naive_seasonal_24h
92,1.7916666666666667,2.5248762345905194,74.03114186851212,92.8703934953935,13,naive_seasonal_24h
95,1.8333333333333333,2.8284271247461903,64.76495726495726,87.87291412291411,13,naive_seasonal_24h
97,3.5625,4.90110531751087,100.28363779865595,83.12545973137203,13,naive_seasonal_24h
100,19.395833333333332,25.937023087984993,98.1846404329667,44.4398444199882,13,naive_seasonal_24h
106,1.3333333333333333,1.9472202409246537,85.0574712643678,117.15277777777777,13,naive_seasonal_24h
107,24.0625,31.185934329437686,70.22662874763522,44.701966994246845,13,naive_seasonal_24h
112,7.75,10.706306552681928,333.5610004871515,84.3979663397905,13,naive_seasonal_24h
113,20.3125,27.653736938552566,154.17182686925872,58.48641986868582,13,naive_seasonal_24h
114,38.979166666666664,73.098535097041,180.9239396406457,53.811270730259146,13,naive_seasonal_24h
116,5.541666666666667,7.1297498787358125,70.47906607281608,51.48121379463553,13,naive_seasonal_24h
117,1.1458333333333333,1.5745369689742652,65.57539682539682,106.66666666666667,13,naive_seasonal_24h
119,1.0625,1.6007810593582121,86.07142857142858,102.91666666666667,13,naive_seasonal_24h
125,7.25,9.467048114380743,88.82823660329652,47.16086949395216,13,naive_seasonal_24h
127,1.5416666666666667,2.03100960115899,68.88888888888887,95.35714285714285,13,naive_seasonal_24h
129,3.9375,5.273755777432247,91.4435504109417,67.53707778084377,13,naive_seasonal_24h
130,2.8125,3.8215398292660336,95.12493898230909,79.427224487209,13,naive_seasonal_24h
132,54.354166666666664,68.60894620965986,28.09241026728903,36.77128622457126,13,naive_seasonal_24h
134,1.1875,1.689427911059441,98.3843537414966,110.42989417989418,13,naive_seasonal_24h
137,18.416666666666668,23.20380715888379,80.71175719881684,49.66557054366391,13,naive_seasonal_24h
138,56.833333333333336,73.88081618390528,51.01001883696371,64.69072842297612,13,naive_seasonal_24h
140,39.270833333333336,62.343971908544084,86.86645673223282,60.709352074950765,13,naive_seasonal_24h
141,32.145833333333336,45.503891774953345,72.49642043526345,45.88669697821362,13,naive_seasonal_24h
142,50.604166666666664,89.81845114822826,72.74000283889434,47.92119379720619,13,naive_seasonal_24h
143,18.6875,30.143061667101215,63.70211596622213,58.93106087604,13,naive_seasonal_24h
144,25.354166666666668,39.94605737741836,217.68889102521308,61.49536043157655,13,naive_seasonal_24h
145,6.645833333333333,8.117624857883822,136.99439397343028,65.96593720376373,13,naive_seasonal_24h
146,3.3541666666666665,4.298740125509644,140.8042328042328,79.01370552105845,13,naive_seasonal_24h
148,47.416666666666664,85.38588876389353,202.66680232974875,60.36119972893399,13,naive_seasonal_24h
151,11.75,16.349057057416697,50.779255199969754,37.560658080738385,13,naive_seasonal_24h
152,3.6458333333333335,4.630064794363034,106.10281763690853,57.404472464598975,13,naive_seasonal_24h
155,1.3125,1.8984642916490861,85.47619047619047,102.32142857142857,13,naive_seasonal_24h
157,5.5,9.746794344808963,282.41511574844907,132.55212786869131,13,naive_seasonal_24h
158,18.75,30.527310177391435,164.96373736539417,58.576895543379955,13,naive_seasonal_24h
159,1.4791666666666667,1.963203164898291,96.66666666666667,119.90079365079366,13,naive_seasonal_24h
161,74.29166666666667,126.20056788039162,58.82455877924478,50.31680683052989,13,naive_seasonal_24h
162,56.958333333333336,84.6790509315419,57.85068332931779,50.86861650551248,13,naive_seasonal_24h
163,33.729166666666664,49.64142255549627,67.38074416299865,42.125645106059785,13,naive_seasonal_24h
164,26.604166666666668,32.62891100440426,70.47866418910546,44.18429791501516,13,naive_seasonal_24h
165,1.1666666666666667,2.0514222708485286,78.8961038961039,85.20833333333333,13,naive_seasonal_24h
166,8.0,12.335585379975555,39.49082943990885,30.34613253960298,13,naive_seasonal_24h
167,1.2083333333333333,1.7320508075688772,69.09722222222223,90.65476190476188,13,naive_seasonal_24h
168,2.0625,2.7348065135703234,107.09939531368103,83.12499999999999,13,naive_seasonal_24h
169,1.2708333333333333,1.773649721149397,100.64102564102564,92.73809523809523,13,naive_seasonal_24h
170,34.291666666666664,46.59443815163637,53.71132450280231,43.321438236602376,13,naive_seasonal_24h
177,2.75,3.8351444996679502,146.1842105263158,94.35515873015872,13,naive_seasonal_24h
179,2.25,3.4217441946079683,73.52384505599278,60.432017959107746,13,naive_seasonal_24h
181,3.5833333333333335,4.958158260214505,103.53111904803633,93.13667539242986,13,naive_seasonal_24h
182,1.4791666666666667,2.331844763272204,68.7991718426501,110.96230158730158,13,naive_seasonal_24h
186,55.5625,79.2342255594134,53.053780955764665,43.51073605229181,13,naive_seasonal_24h
188,3.625,5.342440141608202,123.38077731092436,99.51229063921896,13,naive_seasonal_24h
189,1.5625,2.340761984198023,92.5595238095238,102.3313492063492,13,naive_seasonal_24h
191,1.1666666666666667,1.7199806200458578,91.31944444444443,95.67460317460318,13,naive_seasonal_24h
193,1.8958333333333333,2.6731691553909065,76.68650793650794,80.49545226015813,13,naive_seasonal_24h
195,1.0416666666666667,1.4719601443879744,93.97435897435898,95.3968253968254,13,naive_seasonal_24h
196,1.0833333333333333,1.4719601443879744,83.62068965517241,109.44444444444444,13,naive_seasonal_24h
197,2.625,3.6343270812260875,114.71988795518209,112.9965404965405,13,naive_seasonal_24h
198,3.7291666666666665,4.728019317501428,236.43678160919538,128.53785103785103,13,naive_seasonal_24h
205,1.2916666666666667,2.0615528128088303,62.56410256410256,101.68320105820105,13,naive_seasonal_24h
209,4.354166666666667,5.666053888436525,85.29563580463856,80.79723653932983,13,naive_seasonal_24h
211,14.875,21.783020910791965,263.5346839742992,68.2951481643047,13,naive_seasonal_24h
213,1.2708333333333333,2.155419526062927,83.25690770135213,85.61507936507935,13,naive_seasonal_24h
215,1.5208333333333333,2.1360009363293826,79.14473684210526,99.40806878306877,13,naive_seasonal_24h
216,2.3333333333333335,3.4399612400917157,67.83706631532719,55.31814998726764,13,naive_seasonal_24h
222,1.5833333333333333,2.533114025595111,84.69907407407406,104.83766233766232,13,naive_seasonal_24h
223,2.2083333333333335,2.753785273643051,85.74829931972788,72.87906129817894,13,naive_seasonal_24h
224,7.729166666666667,10.415333247989075,117.7620738762043,63.339873484781116,13,naive_seasonal_24h
225,3.7083333333333335,4.813176359397884,111.80174763508097,68.30395032093524,13,naive_seasonal_24h
226,4.895833333333333,6.756170019569766,97.11811940072809,54.758116619816576,13,naive_seasonal_24h
228,2.5416666666666665,3.4940425488727715,75.62266573295985,106.40320327820326,13,naive_seasonal_24h
229,20.604166666666668,29.31190031369512,45.076602534981284,39.52045833498928,13,naive_seasonal_24h
230,49.729166666666664,69.20245058281294,62.89215677971386,42.751436265726255,13,naive_seasonal_24h
231,26.333333333333332,34.27584183259885,209.28019517066238,73.77600752960014,13,naive_seasonal_24h
232,6.4375,8.081614937622307,137.32007960578008,57.849034703533256,13,naive_seasonal_24h
233,14.625,21.15715009163569,49.56213817014369,40.59022758559082,13,naive_seasonal_24h
234,35.645833333333336,47.34866242390944,134.50661897491608,56.12707928259879,13,naive_seasonal_24h
235,1.3541666666666667,2.0966242709015206,77.31859410430837,97.8318903318903,13,naive_seasonal_24h
236,80.35416666666667,128.25844676537554,63.968015449409485,56.03968639695153,13,naive_seasonal_24h
237,84.6875,128.98877535144936,87.71552135617964,61.30846652214112,13,naive_seasonal_24h
238,27.416666666666668,43.532076296297504,40.781873823797795,41.22933432633875,13,naive_seasonal_24h
239,34.354166666666664,46.055446655815494,69.33466315239555,45.22863616498652,13,naive_seasonal_24h
243,2.7708333333333335,3.3634060117684275,89.45652173913044,63.93677128971246,13,naive_seasonal_24h
244,5.479166666666667,7.148717833756391,79.84940747612838,57.97352070648762,13,naive_seasonal_24h
246,27.375,37.39763807158593,270.22428452216315,52.635463057780555,13,naive_seasonal_24h
247,1.6458333333333333,2.520747243709029,123.0952380952381,98.30026455026454,13,naive_seasonal_24h
249,48.3125,77.60060674161424,112.9826877977386,52.94143809275596,13,naive_seasonal_24h
254,1.4583333333333333,2.2638462845343543,71.01284958427814,113.56691919191917,13,naive_seasonal_24h
255,20.208333333333332,30.37268509697488,449.9657496881811,102.43941730301465,13,naive_seasonal_24h
256,8.458333333333334,11.968709203585824,258.6564777084487,87.56283071095054,13,naive_seasonal_24h
258,0.8541666666666666,1.4215601757693317,52.59259259259259,87.14285714285712,13,naive_seasonal_24h
260,2.2083333333333335,2.908321394435858,73.53741496598639,95.00661375661376,13,naive_seasonal_24h
261,7.083333333333333,10.152996273678689,51.26186836666178,52.313980186614685,13,naive_seasonal_24h
262,26.125,41.72079817069659,51.76836862245736,48.722712454946304,13,naive_seasonal_24h
263,27.375,36.84143953032599,66.11303335525592,45.5134050357948,13,naive_seasonal_24h
264,2.6875,3.491060010942235,62.98399275143459,75.88362692948607,13,naive_seasonal_24h
265,1.4791666666666667,1.973786547054502,84.27927927927928,84.43121693121692,13,naive_seasonal_24h
4,23.875,38.549751404300046,504.6208689866778,81.94533988086535,14,naive_seasonal_24h
7,7.9375,9.32179346120334,148.84257646593173,75.28240358879083,14,naive_seasonal_24h
10,1.8333333333333333,2.4238399287081647,99.25595238095238,98.70039682539682,14,naive_seasonal_24h
12,1.4166666666666667,2.406588179698942,128.57142857142858,82.06349206349206,14,naive_seasonal_24h
13,16.5,22.305642036638773,53.75078416833509,79.91607318182463,14,naive_seasonal_24h
14,1.5416666666666667,2.091650066335189,108.99122807017542,113.77645502645503,14,naive_seasonal_24h
17,5.458333333333333,6.98212002188447,300.49302549302547,108.93509955972097,14,naive_seasonal_24h
24,7.0625,9.123002064379174,127.08522580425708,53.15738497715042,14,naive_seasonal_24h
25,7.8125,10.433320021290763,334.9854819976772,113.0276352180377,14,naive_seasonal_24h
26,0.7708333333333334,1.14564392373896,61.57407407407407,94.30555555555554,14,naive_seasonal_24h
28,0.7916666666666666,1.136515141415488,59.523809523809526,104.16666666666667,14,naive_seasonal_24h
33,5.5,7.277247648206933,169.12773918587868,87.8620854316187,14,naive_seasonal_24h
35,2.4791666666666665,3.59687364248454,177.98611111111111,116.131253006253,14,naive_seasonal_24h
36,11.979166666666666,16.19091823626237,859.1039426523299,153.6195850336806,14,naive_seasonal_24h
37,15.854166666666666,21.082674561512984,697.6911976911978,129.2206984267995,14,naive_seasonal_24h
39,2.5,3.310337344340201,125.34632034632034,116.63283475783476,14,naive_seasonal_24h
40,2.4583333333333335,3.427827300200522,129.03225806451613,118.86544011544011,14,naive_seasonal_24h
41,14.604166666666666,18.479154922957562,106.54776954713212,60.24760240396568,14,naive_seasonal_24h
42,14.854166666666666,17.691217218345002,175.13605866285894,82.38662880295706,14,naive_seasonal_24h
43,32.229166666666664,42.84200625554317,98.70486267910366,80.33513527684754,14,naive_seasonal_24h
45,11.3125,17.434998327119697,431.7866146487933,81.44750569386457,14,naive_seasonal_24h
48,57.166666666666664,75.98766347243479,112.92815018350095,55.521176228188956,14,naive_seasonal_24h
49,5.270833333333333,7.988272654335229,331.92051850588433,106.97162798382828,14,naive_seasonal_24h
50,20.0625,28.09025631780529,149.78757870986584,63.727136627694904,14,naive_seasonal_24h
51,1.4791666666666667,2.322893310794392,81.25,121.94444444444444,14,naive_seasonal_24h
52,1.6875,2.688710967483613,95.58823529411765,90.97222222222221,14,naive_seasonal_24h
55,1.4791666666666667,2.184223737013526,139.58333333333331,115.79365079365078,14,naive_seasonal_24h
56,1.5625,2.553592241007427,113.88888888888889,127.15909090909089,14,naive_seasonal_24h
61,7.729166666666667,9.858372076565177,388.2894070698948,115.87062260775076,14,naive_seasonal_24h
62,2.1666666666666665,3.2080627591533597,113.88888888888889,96.48478835978835,14,naive_seasonal_24h
63,1.625,2.140872096444188,107.6470588235294,137.5,14,naive_seasonal_24h
65,4.666666666666667,5.773502691896258,161.1747877445552,87.36815103397919,14,naive_seasonal_24h
66,5.645833333333333,7.595228765481656,137.13571338089952,89.48090580627127,14,naive_seasonal_24h
68,46.020833333333336,59.94042180921541,178.7063902790518,56.141526921292986,14,naive_seasonal_24h
69,1.4166666666666667,2.091650066335189,102.17391304347827,107.00396825396824,14,naive_seasonal_24h
70,6.5,9.212762886344139,77.4738012193968,65.79743401391251,14,naive_seasonal_24h
71,1.9375,2.384848003542364,142.66233766233768,130.3968253968254,14,naive_seasonal_24h
72,2.8958333333333335,4.205650960315181,237.31884057971016,114.82142857142857,14,naive_seasonal_24h
74,14.229166666666666,18.491552125227347,94.31486715182858,60.219367091968955,14,naive_seasonal_24h
75,12.458333333333334,17.929259140670965,62.81577997225127,45.389221297574785,14,naive_seasonal_24h
76,4.229166666666667,5.198156724583565,253.4772326438993,117.72977810516511,14,naive_seasonal_24h
77,1.6041666666666667,1.9947848672643038,108.33333333333333,138.4722222222222,14,naive_seasonal_24h
78,1.2291666666666667,1.8085445345175588,142.30769230769232,94.02777777777777,14,naive_seasonal_24h
79,148.45833333333334,252.8259447393272,410.0010227957032,80.84878607563017,14,naive_seasonal_24h
80,12.229166666666666,18.8905840742595,709.3344155844155,113.40159072586607,14,naive_seasonal_24h
82,2.3333333333333335,3.3354160160315836,149.48198198198196,101.28374845766149,14,naive_seasonal_24h
83,1.0625,1.5745369689742652,73.68421052631578,104.44444444444444,14,naive_seasonal_24h
85,1.875,2.4409697526461347,127.7310924369748,125.61026936026934,14,naive_seasonal_24h
86,1.0625,1.6393596310755,75.0,102.51984126984127,14,naive_seasonal_24h
87,25.375,33.751543174596726,399.45161587620294,75.22795054264382,14,naive_seasonal_24h
88,12.9375,18.657549857006057,241.61937312624903,81.13991924418372,14,naive_seasonal_24h
89,3.6458333333333335,5.039427877580285,271.07744107744105,110.43523606023605,14,naive_seasonal_24h
90,43.166666666666664,62.213342620373645,234.6642798391017,62.30153823439963,14,naive_seasonal_24h
91,2.1041666666666665,3.031088913245535,147.9090354090354,113.45327126577126,14,naive_seasonal_24h
92,1.6666666666666667,2.345207879911715,122.82608695652173,92.33706108706109,14,naive_seasonal_24h
95,2.0833333333333335,2.7688746209726918,123.69047619047619,129.16305916305916,14,naive_seasonal_24h
97,5.395833333333333,6.737643010232387,195.90089889887662,92.78390333150394,14,naive_seasonal_24h
100,34.520833333333336,41.043422128277754,113.93007782424125,70.60663524862689,14,naive_seasonal_24h
106,1.3541666666666667,1.9525624189766635,81.05555555555556,114.04671717171716,14,naive_seasonal_24h
107,48.0,60.32032548541716,224.73971588507928,65.55166933267134,14,naive_seasonal_24h
112,14.708333333333334,23.175058432144965,723.4546533713202,121.89038889745159,14,naive_seasonal_24h
113,40.25,53.2016603750923,481.66316168481995,74.13047447062365,14,naive_seasonal_24h
114,69.5625,128.87194871913232,531.8936450435511,74.49597217629974,14,naive_seasonal_24h
116,9.375,11.258330249197702,134.88666023070235,71.55048986477274,14,naive_seasonal_24h
117,0.8125,1.1636866703140785,104.76190476190477,101.7063492063492,14,naive_seasonal_24h
119,1.6666666666666667,2.7309949346956564,55.74074074074073,115.83333333333333,14,naive_seasonal_24h
125,12.708333333333334,16.61324772583615,190.10534753432765,64.80111477559738,14,naive_seasonal_24h
127,3.7916666666666665,4.694855340334425,189.7549019607843,115.08748196248196,14,naive_seasonal_24h
129,4.395833333333333,5.440971114301809,172.13718820861678,97.00337564655115,14,naive_seasonal_24h
130,2.6666666666666665,3.559026084010437,126.0839160839161,99.0179580767816,14,naive_seasonal_24h
132,60.041666666666664,91.19073417842407,32.556937251821324,26.175607700782393,14,naive_seasonal_24h
134,0.6666666666666666,1.0992421631894098,33.33333333333333,79.06746031746032,14,naive_seasonal_24h
137,29.6875,37.47860500783525,219.00973688156876,63.535884344219205,14,naive_seasonal_24h
138,49.416666666666664,66.42853302610257,57.25936413900222,60.123890005919634,14,naive_seasonal_24h
140,56.895833333333336,70.55745294911564,65.7502471945436,68.31576485835579,14,naive_seasonal_24h
141,38.770833333333336,50.858668549881116,161.5560272462271,56.55137926464828,14,naive_seasonal_24h
142,49.229166666666664,72.85730917347963,104.2675579449356,55.61461502457584,14,naive_seasonal_24h
143,19.854166666666668,30.67606287210491,98.48459402960943,52.148054413095934,14,naive_seasonal_24h
144,46.75,77.73191107904141,675.676446942859,72.37147041954755,14,naive_seasonal_24h
145,8.75,12.274635093014645,248.6391572841741,73.49883840837471,14,naive_seasonal_24h
146,3.8541666666666665,4.670385423067351,126.3753022576552,77.84509701111868,14,naive_seasonal_24h
148,91.8125,166.31702909403674,650.0742180102783,83.6442937075057,14,naive_seasonal_24h
151,16.166666666666668,22.18013375372956,90.45631120051324,50.89900717228836,14,naive_seasonal_24h
152,4.875,6.261655798056401,147.78538951812607,74.22669249231888,14,naive_seasonal_24h
155,1.0416666666666667,1.5138251770487459,97.05882352941177,114.98015873015872,14,naive_seasonal_24h
157,4.4375,7.358385239530024,285.2272727272727,135.2912793905441,14,naive_seasonal_24h
158,49.8125,81.94090858661502,1014.5154056716732,81.42660901794325,14,naive_seasonal_24h
159,1.9583333333333333,2.57390753524675,205.7142857142857,110.04629629629629,14,naive_seasonal_24h
161,182.14583333333334,233.57194644620031,100.09681607138265,98.70292308325037,14,naive_seasonal_24h
162,79.3125,109.7285476376438,105.82062783568993,66.98333891282074,14,naive_seasonal_24h
163,76.64583333333333,98.341136696027,88.65799809682673,68.86042547916357,14,naive_seasonal_24h
164,54.791666666666664,68.1031692850389,147.1513209280325,69.24009398492112,14,naive_seasonal_24h
165,0.8541666666666666,1.282900359861721,91.66666666666666,94.02777777777777,14,naive_seasonal_24h
166,12.25,16.354153397022216,129.01020523284737,54.19565077720762,14,naive_seasonal_24h
167,1.7291666666666667,2.419538523492996,155.0,126.42857142857144,14,naive_seasonal_24h
168,3.8541666666666665,4.723610906922796,215.7769423558898,117.03777703777705,14,naive_seasonal_24h
169,1.5625,2.212653007891959,101.66666666666666,114.2063492063492,14,naive_seasonal_24h
170,55.958333333333336,69.28834678356816,157.05189950734217,64.81060672267994,14,naive_seasonal_24h
177,2.875,3.7969285832981723,102.71990740740742,133.08471620971622,14,naive_seasonal_24h
179,2.9583333333333335,3.7416573867739413,109.79591836734694,94.14351851851852,14,naive_seasonal_24h
181,5.604166666666667,8.419966349893171,202.45465637778662,109.48107757318282,14,naive_seasonal_24h
182,0.9166666666666666,1.6708281379802852,53.125,81.5079365079365,14,naive_seasonal_24h
186,71.97916666666667,85.17543170813205,103.29433573261977,63.44520737472195,14,naive_seasonal_24h
188,4.375,6.147492713835996,254.5519713261649,129.00647963147964,14,naive_seasonal_24h
189,2.375,3.095695936834452,126.49257552483357,115.59523809523807,14,naive_seasonal_24h
191,1.1666666666666667,1.6832508230603465,62.28070175438597,110.41666666666667,14,naive_seasonal_24h
193,2.9791666666666665,3.727711541057507,106.31766381766383,100.01406001406001,14,naive_seasonal_24h
195,1.8958333333333333,2.641811247357893,195.33333333333334,107.7116402116402,14,naive_seasonal_24h
196,1.4166666666666667,1.8929694486000912,115.15151515151514,118.73015873015872,14,naive_seasonal_24h
197,2.0,2.7003086243366083,154.23076923076923,117.49278499278499,14,naive_seasonal_24h
198,4.333333333333333,5.816642788871716,313.41666666666663,143.06352212602212,14,naive_seasonal_24h
205,1.6875,2.174664725116648,147.1153846153846,136.8939393939394,14,naive_seasonal_24h
209,8.395833333333334,12.180072523046267,277.1847607568889,80.61923001546835,14,naive_seasonal_24h
211,29.416666666666668,41.913601610932936,680.4824324483131,79.38496030016877,14,naive_seasonal_24h
213,1.1875,1.689427911059441,84.70588235294117,116.45833333333333,14,naive_seasonal_24h
215,1.4166666666666667,1.9039432764659772,102.0,107.65873015873014,14,naive_seasonal_24h
216,3.3125,3.918439315169582,206.66666666666669,101.72886073621368,14,naive_seasonal_24h
222,1.375,2.282177322938192,166.66666666666669,118.86904761904763,14,naive_seasonal_24h
223,2.4791666666666665,3.010398644698074,110.55555555555556,80.49186924186922,14,naive_seasonal_24h
224,8.916666666666666,10.897247358851684,204.1923002543024,79.32720238201432,14,naive_seasonal_24h
225,5.604166666666667,7.0222859525940695,321.3495763495764,122.00617066106197,14,naive_seasonal_24h
226,5.5,6.994045086119096,136.6954825198693,63.54312109656312,14,naive_seasonal_24h
228,2.2708333333333335,2.680951323690902,151.04166666666666,120.53571428571429,14,naive_seasonal_24h
229,33.479166666666664,41.52885543009021,127.68554722507525,62.66756981815592,14,naive_seasonal_24h
230,62.395833333333336,94.95602052178332,75.37454159771741,52.130956067117296,14,naive_seasonal_24h
231,40.958333333333336,53.46611076186485,459.67704433242346,72.85352290732519,14,naive_seasonal_24h
232,16.729166666666668,21.500484490665166,224.78771428732483,85.28234764903924,14,naive_seasonal_24h
233,20.520833333333332,25.67545845095403,108.91715471276086,56.667825591064265,14,naive_seasonal_24h
234,75.4375,95.53086325022575,330.20069663080113,78.24755362417933,14,naive_seasonal_24h
235,1.25,1.695582495781317,57.89473684210527,113.51190476190474,14,naive_seasonal_24h
236,110.6875,144.8717104889702,196.61408357391755,77.72617275471875,14,naive_seasonal_24h
237,141.58333333333334,167.527485307138,158.2291151020387,80.11269588773409,14,naive_seasonal_24h
238,24.083333333333332,34.35052158750043,97.87415975175918,45.022186472410944,14,naive_seasonal_24h
239,37.604166666666664,51.23577038228923,98.8534902538492,49.228688828698814,14,naive_seasonal_24h
243,8.270833333333334,10.856065892701032,323.5846560846561,94.28937094178076,14,naive_seasonal_24h
244,9.666666666666666,11.575836902790225,126.5115507933844,68.67486784796917,14,naive_seasonal_24h
246,47.145833333333336,62.55347712157974,309.66097313492077,66.25982049002688,14,naive_seasonal_24h
247,3.2916666666666665,5.045625167740201,161.65501165501166,133.6660052910053,14,naive_seasonal_24h
249,96.1875,164.3357209089572,259.1608521882591,72.2736554917676,14,naive_seasonal_24h
254,1.2291666666666667,1.8763883748662837,86.66666666666667,105.47619047619048,14,naive_seasonal_24h
255,22.8125,35.08531269159029,606.0915236524992,125.66051439193069,14,naive_seasonal_24h
256,11.229166666666666,15.830482199436208,600.166137054435,101.06034869610671,14,naive_seasonal_24h
258,1.4166666666666667,2.01038968030247,79.25925925925925,118.93849206349205,14,naive_seasonal_24h
260,2.125,2.7838821814150108,110.52631578947367,93.47222222222221,14,naive_seasonal_24h
261,13.270833333333334,16.033168744823964,114.79259200273148,81.00152541768652,14,naive_seasonal_24h
262,31.666666666666668,49.82385640099195,84.22911322451668,66.61246729900547,14,naive_seasonal_24h
263,39.083333333333336,49.253595469434174,166.60145011195334,54.94748008212014,14,naive_seasonal_24h
264,3.2916666666666665,4.143267631552018,59.65394361735825,89.13492033445469,14,naive_seasonal_24h
265,1.9583333333333333,2.4324199198877374,113.9808362369338,90.19764957264958,14,naive_seasonal_24h
4,22.25,35.86955533596702,343.855103372473,78.38447732979455,15,naive_seasonal_24h
7,6.604166666666667,9.48353836919533,162.4867724867725,62.67484928809127,15,naive_seasonal_24h
10,2.375,3.068658773253661,131.99319727891154,114.30224867724867,15,naive_seasonal_24h
12,1.5208333333333333,2.174664725116648,77.54515599343186,94.27433677433676,15,naive_seasonal_24h
13,18.666666666666668,26.562034309643277,65.90945196372255,73.31556449150118,15,naive_seasonal_24h
14,1.2708333333333333,1.7017148213885114,82.93650793650794,129.16666666666666,15,naive_seasonal_24h
17,4.541666666666667,5.400617248673217,267.30218855218857,105.27924621674622,15,naive_seasonal_24h
24,8.479166666666666,10.763557342564152,84.71701551643615,57.85963679715204,15,naive_seasonal_24h
25,5.416666666666667,7.187952884282608,235.18987956487956,106.98437953372162,15,naive_seasonal_24h
26,0.5625,0.8779711460710616,71.56862745098039,84.02777777777777,15,naive_seasonal_24h
28,0.9583333333333334,1.4142135623730951,78.125,103.24074074074075,15,naive_seasonal_24h
33,5.9375,7.928061974194366,143.92279347636492,83.11764903225557,15,naive_seasonal_24h
35,1.9166666666666667,2.508319490548735,127.62725779967158,113.06216931216932,15,naive_seasonal_24h
36,8.1875,12.472469683266421,481.1428571428571,123.67932578262275,15,naive_seasonal_24h
37,12.916666666666666,16.99264546796643,646.6020671834625,125.17090123547523,15,naive_seasonal_24h
39,2.2083333333333335,3.4217441946079683,117.83950617283952,123.99822399822399,15,naive_seasonal_24h
40,1.8125,2.384848003542364,86.69540229885058,122.18915343915343,15,naive_seasonal_24h
41,13.583333333333334,16.889345754054535,70.07306523212095,48.69559500653927,15,naive_seasonal_24h
42,10.25,14.089002803605371,79.901180535557,55.964158776411544,15,naive_seasonal_24h
43,23.145833333333332,31.14315066484657,50.32269499065699,50.032035241016274,15,naive_seasonal_24h
45,8.895833333333334,14.058656882267714,281.3108854777485,68.18767461985043,15,naive_seasonal_24h
48,50.291666666666664,65.6547154945223,65.34406834169548,47.572103341107436,15,naive_seasonal_24h
49,5.166666666666667,6.667708251965839,249.19486215538848,122.05192275045216,15,naive_seasonal_24h
50,21.583333333333332,26.474043892084186,122.62642305261713,63.46190749628571,15,naive_seasonal_24h
51,0.7916666666666666,1.1547005383792515,81.66666666666667,106.94444444444444,15,naive_seasonal_24h
52,1.6041666666666667,2.322893310794392,64.15824915824916,89.27579365079366,15,naive_seasonal_24h
55,0.5833333333333334,0.9574271077563381,75.0,84.16666666666667,15,naive_seasonal_24h
56,2.5,4.9749371855331,180.0,116.082702020202,15,naive_seasonal_24h
61,6.604166666666667,7.803578239072979,297.0323825111059,98.82602487425412,15,naive_seasonal_24h
62,2.0,2.508319490548735,111.16666666666669,124.98015873015872,15,naive_seasonal_24h
63,1.25,1.6583123951777,88.5,107.16931216931216,15,naive_seasonal_24h
65,4.291666666666667,6.0793365866131595,131.88392163392163,82.64394579267714,15,naive_seasonal_24h
66,4.270833333333333,5.868347297152751,118.06420747414536,88.76790537784383,15,naive_seasonal_24h
68,51.979166666666664,62.073041652556384,110.50074991096601,52.08242367148778,15,naive_seasonal_24h
69,1.1458333333333333,1.6007810593582121,86.19047619047619,101.52777777777777,15,naive_seasonal_24h
70,5.416666666666667,7.788880963698615,43.30930871738188,48.42729789380883,15,naive_seasonal_24h
71,1.7083333333333333,2.669269563007828,66.7989417989418,109.32539682539682,15,naive_seasonal_24h
72,1.6875,2.4706611800622658,102.62857142857142,119.15674603174602,15,naive_seasonal_24h
74,16.833333333333332,19.95202579522524,105.06924517336913,67.29747054222635,15,naive_seasonal_24h
75,13.729166666666666,18.888378261071896,35.78367776586517,35.87607407658339,15,naive_seasonal_24h
76,3.0833333333333335,4.368447474027052,122.87805287805288,97.25745867193234,15,naive_seasonal_24h
77,1.2916666666666667,2.01038968030247,97.43589743589743,102.91666666666667,15,naive_seasonal_24h
78,0.7916666666666666,1.4577379737113252,115.625,90.1984126984127,15,naive_seasonal_24h
79,128.08333333333334,205.905216867697,291.20652147446935,74.56349225870376,15,naive_seasonal_24h
80,12.375,18.14065415946551,534.5182724252492,113.185126110789,15,naive_seasonal_24h
82,3.4791666666666665,5.340489990004039,253.41145833333334,109.90524765195818,15,naive_seasonal_24h
83,1.8541666666666667,2.742413778650722,70.18518518518519,122.08333333333333,15,naive_seasonal_24h
85,1.4375,1.8314384146529925,105.0,119.16666666666667,15,naive_seasonal_24h
86,0.2916666666666667,0.5773502691896257,68.75,51.388888888888886,15,naive_seasonal_24h
87,23.416666666666668,29.753851291331458,160.1467069832471,66.70654270739003,15,naive_seasonal_24h
88,12.770833333333334,17.63696402445727,166.20090396828476,68.53219361176338,15,naive_seasonal_24h
89,2.0416666666666665,3.8997863189325304,65.89783281733746,81.87334656084657,15,naive_seasonal_24h
90,38.395833333333336,51.45487505248328,124.59869941177982,55.77825066122256,15,naive_seasonal_24h
91,1.3958333333333333,1.984313483298443,76.63139329805996,114.62301587301586,15,naive_seasonal_24h
92,2.1875,4.5803020278870985,140.65714285714284,108.75704730052557,15,naive_seasonal_24h
95,2.3125,3.491060010942235,120.11126893939394,110.68223443223444,15,naive_seasonal_24h
97,6.208333333333333,7.88986691902975,223.06374787096942,104.84381213571078,15,naive_seasonal_24h
100,28.666666666666668,35.91598993948703,69.69531279343005,54.42689257990343,15,naive_seasonal_24h
106,1.2916666666666667,1.8371173070873836,92.28395061728395,106.80555555555554,15,naive_seasonal_24h
107,52.1875,63.135271441564264,187.76726982656825,65.78965382289061,15,naive_seasonal_24h
112,13.354166666666666,17.85998786860357,471.14562440143845,120.84261718386256,15,naive_seasonal_24h
113,36.25,48.04988727007241,211.13242182046608,65.691059046461,15,naive_seasonal_24h
114,66.6875,120.29313155787408,368.54399196244356,70.78582681249812,15,naive_seasonal_24h
116,12.625,16.278820596099706,179.77483929775016,77.82716884325602,15,naive_seasonal_24h
117,0.10416666666666667,0.3227486121839514,71.42857142857143,20.833333333333332,15,naive_seasonal_24h
119,0.9375,1.3919410907075054,96.29629629629629,107.6388888888889,15,naive_seasonal_24h
125,17.0,22.183890551479017,288.61566882314384,70.14861337746468,15,naive_seasonal_24h
127,2.75,3.702476648587177,154.7878787878788,109.67231842231843,15,naive_seasonal_24h
129,5.8125,7.935941448036689,186.70370370370372,87.78276443294358,15,naive_seasonal_24h
130,2.5,3.8837267325770144,87.40079365079364,84.45692039442038,15,naive_seasonal_24h
132,60.604166666666664,82.8189541510074,33.1083180430297,26.905000750613777,15,naive_seasonal_24h
134,1.0,1.4577379737113252,95.4861111111111,80.79034391534391,15,naive_seasonal_24h
137,23.354166666666668,27.087435586756207,89.57084763935825,51.632308196070916,15,naive_seasonal_24h
138,59.916666666666664,90.1320790100099,45.43047667718085,55.273457446926706,15,naive_seasonal_24h
140,61.3125,78.08368907780932,58.3864596260123,62.956799140983826,15,naive_seasonal_24h
141,40.4375,53.8019129151867,81.31296642890182,49.26582214330471,15,naive_seasonal_24h
142,47.0,69.77732439697012,39.292986792172194,40.13879985638923,15,naive_seasonal_24h
143,24.4375,35.80357291295567,72.79109736874885,57.28770636891767,15,naive_seasonal_24h
144,46.104166666666664,71.32569078997179,318.5921093075001,72.15208217076821,15,naive_seasonal_24h
145,10.5625,14.49784466739798,225.16199398368514,77.81193287916471,15,naive_seasonal_24h
146,3.0416666666666665,4.123105625617661,96.43506493506493,70.30483405483405,15,naive_seasonal_24h
148,83.0625,144.90851999336226,364.8369243267823,79.25751070341029,15,naive_seasonal_24h
151,15.0,20.011455052877423,42.6020307519839,39.56616315339843,15,naive_seasonal_24h
152,4.875,6.670832032063167,136.55110356814902,71.08436042309044,15,naive_seasonal_24h
155,0.6875,1.050793351076541,93.75,96.52777777777777,15,naive_seasonal_24h
157,5.395833333333333,9.56229574945264,248.24561403508775,150.81140350877192,15,naive_seasonal_24h
158,38.5,63.62127526752876,237.18798569796084,71.64516969842312,15,naive_seasonal_24h
159,1.2916666666666667,1.707825127659933,80.0,114.16666666666667,15,naive_seasonal_24h
161,111.3125,165.11454357505883,41.904514041139436,52.90431932152682,15,naive_seasonal_24h
162,80.02083333333333,103.12482323217174,99.49536908991806,63.3654267958297,15,naive_seasonal_24h
163,47.8125,66.80303760558597,42.772283694672204,44.174723846385824,15,naive_seasonal_24h
164,38.958333333333336,50.79575113465036,110.68976652770279,51.920279544120014,15,naive_seasonal_24h
165,0.4375,0.82915619758885,77.77777777777779,63.888888888888886,15,naive_seasonal_24h
166,11.583333333333334,15.545631755148024,62.741014214532065,47.97793002697271,15,naive_seasonal_24h
167,1.1666666666666667,1.5811388300841898,121.1111111111111,120.55555555555554,15,naive_seasonal_24h
168,3.5208333333333335,4.793659006089886,133.8888888888889,114.70060032560032,15,naive_seasonal_24h
169,1.0,1.541103500742244,99.16666666666667,99.79166666666667,15,naive_seasonal_24h
170,47.541666666666664,63.392297113555784,80.78746872232801,52.390973930168514,15,naive_seasonal_24h
177,2.0,2.581988897471611,133.94444444444446,118.39720464720465,15,naive_seasonal_24h
179,4.041666666666667,5.5901699437494745,156.33813215208565,89.12970743853096,15,naive_seasonal_24h
181,3.8333333333333335,4.881939505292269,154.00523088023087,101.02013401258756,15,naive_seasonal_24h
182,0.4791666666666667,0.9464847243000456,66.19047619047619,55.257936507936506,15,naive_seasonal_24h
186,108.4375,136.07909770913875,434.9282925593468,87.8159417616871,15,naive_seasonal_24h
188,2.6666666666666665,3.724916106437835,100.66188197767146,102.64652014652013,15,naive_seasonal_24h
189,2.4375,3.024207885270676,102.91836734693878,112.94973544973544,15,naive_seasonal_24h
191,0.9791666666666666,1.7618645426554977,104.0,101.27314814814815,15,naive_seasonal_24h
193,2.7916666666666665,3.458082320207738,86.28743884841447,93.33798418357242,15,naive_seasonal_24h
195,1.1458333333333333,1.9311050377094112,65.78947368421053,87.6984126984127,15,naive_seasonal_24h
196,0.9583333333333334,1.5,66.98717948717949,80.9920634920635,15,naive_seasonal_24h
197,1.75,2.4748737341529163,92.70833333333333,104.1681929181929,15,naive_seasonal_24h
198,4.3125,5.731855429672548,202.5,139.64773043720413,15,naive_seasonal_24h
205,0.8333333333333334,1.3228756555322954,57.45614035087719,94.8611111111111,15,naive_seasonal_24h
209,8.9375,12.186912378996304,192.69356734459706,76.41988731429004,15,naive_seasonal_24h
211,27.125,37.89678966174664,452.1960601519852,71.43123938291855,15,naive_seasonal_24h
213,0.875,1.20761472884912,72.77777777777777,99.14682539682538,15,naive_seasonal_24h
215,1.6666666666666667,2.3979157616563596,81.35802469135804,127.91666666666667,15,naive_seasonal_24h
216,2.2083333333333335,2.950988534937629,123.4330011074197,75.89170089170089,15,naive_seasonal_24h
222,0.4166666666666667,0.7071067811865476,90.0,75.0,15,naive_seasonal_24h
223,3.5833333333333335,5.3580158018928365,122.73371469800041,83.65941052125264,15,naive_seasonal_24h
224,8.0625,9.91946739161601,171.479264632958,65.68887603396719,15,naive_seasonal_24h
225,4.666666666666667,5.477225575051661,222.97089947089944,90.81214761841359,15,naive_seasonal_24h
226,8.708333333333334,15.837718690939466,155.34545604858104,60.09235624615957,15,naive_seasonal_24h
228,2.2708333333333335,2.968585521759479,83.66071428571429,126.98923761423761,15,naive_seasonal_24h
229,34.083333333333336,44.05536289715476,83.6716273988153,55.51211440190056,15,naive_seasonal_24h
230,45.916666666666664,78.94011443281968,35.671910480574454,32.87537765942028,15,naive_seasonal_24h
231,39.770833333333336,50.27777010435791,204.63209269761325,65.4366141923382,15,naive_seasonal_24h
232,11.4375,14.4185933202006,173.51051485535714,70.2058965533834,15,naive_seasonal_24h
233,23.520833333333332,29.13796206554833,67.94595128254996,53.71138272692869,15,naive_seasonal_24h
234,62.208333333333336,83.02584938840835,160.66325802892004,65.56839664267666,15,naive_seasonal_24h
235,0.7708333333333334,1.282900359861721,75.0,80.69444444444444,15,naive_seasonal_24h
236,117.10416666666667,154.9259903954143,64.65130549623996,65.78298149449081,15,naive_seasonal_24h
237,131.70833333333334,164.27669747512377,75.54327839701118,72.98421434512612,15,naive_seasonal_24h
238,29.479166666666668,37.80404519801199,72.84470950911923,45.11126558285059,15,naive_seasonal_24h
239,45.3125,55.87802937350839,81.35917054118555,50.3552866937088,15,naive_seasonal_24h
243,6.416666666666667,8.195527235429498,182.34760133657196,87.22002194636185,15,naive_seasonal_24h
244,7.729166666666667,9.41961605728528,87.05985883702118,55.11560673063658,15,naive_seasonal_24h
246,47.645833333333336,59.95849258723349,142.51676280574267,63.56963667429653,15,naive_seasonal_24h
247,2.7708333333333335,4.105382645584534,191.3095238095238,131.5890522875817,15,naive_seasonal_24h
249,79.33333333333333,134.20460126240084,174.12907505645032,64.61074783542054,15,naive_seasonal_24h
254,0.7083333333333334,1.118033988749895,65.35087719298245,94.8611111111111,15,naive_seasonal_24h
255,20.125,31.714875584389944,368.0043581513357,114.04795448651448,15,naive_seasonal_24h
256,9.479166666666666,13.080679136293599,324.1211445559271,96.59497155958336,15,naive_seasonal_24h
258,1.1041666666666667,1.613743060919757,113.66666666666667,118.80952380952381,15,naive_seasonal_24h
260,3.2083333333333335,4.877670208887299,170.1360544217687,91.80002054905304,15,naive_seasonal_24h
261,8.208333333333334,10.795446570969942,54.1494308290025,50.619009918509875,15,naive_seasonal_24h
262,32.375,47.408684155261405,93.30407657454084,59.97120317426527,15,naive_seasonal_24h
263,41.375,53.097002426376825,131.74256139363806,55.92257720549558,15,naive_seasonal_24h
264,3.5416666666666665,4.645786621588784,48.625043854599085,68.31082303250776,15,naive_seasonal_24h
265,1.6875,2.1937410968480306,69.32926829268294,74.4820226070226,15,naive_seasonal_24h
4,20.458333333333332,31.187604375242845,528.5660780291291,78.72242412309306,16,naive_seasonal_24h
7,17.291666666666668,28.76774814498579,460.61637267613486,81.29849698161935,16,naive_seasonal_24h
10,2.25,2.8722813232690143,122.67857142857142,106.9973544973545,16,naive_seasonal_24h
12,1.125,1.8027756377319946,83.3974358974359,63.36159211159211,16,naive_seasonal_24h
13,21.666666666666668,30.111597987043687,57.29343334412938,81.02948181346933,16,naive_seasonal_24h
14,2.3958333333333335,3.777675652214379,82.08333333333331,129.16666666666666,16,naive_seasonal_24h
17,8.333333333333334,11.835680518387328,589.1653138528139,123.85105161324674,16,naive_seasonal_24h
24,9.541666666666666,12.034672132357132,252.69403288512962,69.02557073080851,16,naive_seasonal_24h
25,8.333333333333334,12.048513047951879,351.0113894042466,102.29308600570918,16,naive_seasonal_24h
26,0.9791666666666666,1.3768926368215255,105.88235294117648,118.75,16,naive_seasonal_24h
28,1.6666666666666667,2.169869427715256,122.08333333333334,121.28968253968253,16,naive_seasonal_24h
33,6.895833333333333,8.39270516579726,195.737608174583,105.47897597871378,16,naive_seasonal_24h
35,1.5625,1.9418633662885072,97.80000000000001,108.40277777777776,16,naive_seasonal_24h
36,10.895833333333334,17.161609287398818,585.6644826644828,127.03573597689888,16,naive_seasonal_24h
37,14.6875,20.097159832507014,554.3540051679588,119.45409574237316,16,naive_seasonal_24h
39,2.1666666666666665,2.7613402542968153,102.91125541125541,134.52380952380952,16,naive_seasonal_24h
40,2.9791666666666665,4.033712103426983,160.30261030261028,134.81421356421356,16,naive_seasonal_24h
41,21.458333333333332,27.19987745070432,430.4592867158877,74.08517811713432,16,naive_seasonal_24h
42,15.9375,19.361150964409806,397.9323151891045,82.47373216024177,16,naive_seasonal_24h
43,37.541666666666664,45.963300577743546,198.41534759872675,82.85708408409073,16,naive_seasonal_24h
45,9.291666666666666,14.732334053593362,352.09320630929466,73.03228353474469,16,naive_seasonal_24h
48,76.60416666666667,110.06049472903527,182.1704518445576,58.51516978086573,16,naive_seasonal_24h
49,7.354166666666667,10.30675344939747,263.7558987558988,118.84485580209264,16,naive_seasonal_24h
50,26.3125,37.50694380155937,386.4829282027683,67.44586908624112,16,naive_seasonal_24h
51,0.8333333333333334,1.3070322617798436,90.0,94.44444444444444,16,naive_seasonal_24h
52,2.125,2.669269563007828,108.9506172839506,133.51190476190476,16,naive_seasonal_24h
55,0.6458333333333334,0.9895285072531598,100.0,95.13888888888887,16,naive_seasonal_24h
56,0.9791666666666666,1.3616778865306827,96.3768115942029,102.22222222222221,16,naive_seasonal_24h
61,9.0,12.66392514191394,520.6542241649897,105.81688769568514,16,naive_seasonal_24h
62,2.6666666666666665,3.391164991562634,129.09523809523807,144.30826118326118,16,naive_seasonal_24h
63,1.3958333333333333,1.9418633662885072,72.42424242424242,134.0079365079365,16,naive_seasonal_24h
65,7.895833333333333,10.613474140606993,248.41845493008287,92.30214901569191,16,naive_seasonal_24h
66,7.125,9.273618495495704,268.70943292818293,104.40253982544617,16,naive_seasonal_24h
68,50.604166666666664,65.53609056593677,151.1331831215103,53.47403263279446,16,naive_seasonal_24h
69,1.2916666666666667,1.6583123951777,95.53333333333333,124.8611111111111,16,naive_seasonal_24h
70,4.0625,5.178078794301995,34.68600792769545,55.98185486369899,16,naive_seasonal_24h
71,1.8125,2.3048861143232218,81.4102564102564,138.994708994709,16,naive_seasonal_24h
72,2.0208333333333335,2.8613807855648994,110.6060606060606,130.7855339105339,16,naive_seasonal_24h
74,18.770833333333332,22.177785431973742,278.2738614368618,79.19187883254756,16,naive_seasonal_24h
75,13.5,18.662573956093695,145.79324565208228,44.50131913665947,16,naive_seasonal_24h
76,3.1666666666666665,3.7693942926328807,151.11111111111111,129.12638287638288,16,naive_seasonal_24h
77,0.9375,1.4930394055974097,96.15384615384616,90.59523809523809,16,naive_seasonal_24h
78,1.1666666666666667,1.7911821050170564,104.54545454545455,103.86904761904763,16,naive_seasonal_24h
79,141.89583333333334,216.14631425649307,407.73654312708896,81.82855250148468,16,naive_seasonal_24h
80,16.041666666666668,27.03701166919155,746.9860062418203,112.68212223841162,16,naive_seasonal_24h
82,4.104166666666667,6.283244915381435,175.4075504075504,115.45948248356042,16,naive_seasonal_24h
83,1.375,1.925703334715224,82.7777777777778,120.90277777777777,16,naive_seasonal_24h
85,1.75,2.273030282830976,115.94202898550722,116.94444444444444,16,naive_seasonal_24h
86,0.3333333333333333,0.816496580927726,100.0,38.888888888888886,16,naive_seasonal_24h
87,32.3125,46.43027927261836,470.3966438610548,76.9410417371051,16,naive_seasonal_24h
88,12.4375,19.593259895518493,459.79607635045136,65.32555317166462,16,naive_seasonal_24h
89,3.125,4.128155358833612,173.45774345774348,111.08516483516483,16,naive_seasonal_24h
90,43.1875,56.230737442553014,317.2679839868436,64.88338421098086,16,naive_seasonal_24h
91,1.0416666666666667,1.6832508230603465,53.333333333333336,90.69444444444444,16,naive_seasonal_24h
92,2.0208333333333335,3.479104290858017,80.61403508771929,99.66089466089466,16,naive_seasonal_24h
95,4.645833333333333,8.387739067631198,152.20588235294116,121.86440955081305,16,naive_seasonal_24h
97,10.395833333333334,15.015963727535661,480.9307064988883,106.88436815572372,16,naive_seasonal_24h
100,24.395833333333332,29.530704360038552,85.00792613137006,55.52264984096259,16,naive_seasonal_24h
106,1.9375,2.5289984842489197,115.97222222222223,119.47420634920634,16,naive_seasonal_24h
107,70.20833333333333,107.08466276736365,567.6974204835744,67.42488187564639,16,naive_seasonal_24h
112,13.354166666666666,19.687665343221035,567.0188429981921,103.7880181493458,16,naive_seasonal_24h
113,40.9375,52.575937144920836,602.6663908393654,70.86480848444079,16,naive_seasonal_24h
114,45.125,63.74199296120781,442.0349416057909,71.09088051765171,16,naive_seasonal_24h
116,11.166666666666666,13.145024407229782,257.0225505560358,85.05911388566881,16,naive_seasonal_24h
117,0.4583333333333333,0.816496580927726,100.0,75.0,16,naive_seasonal_24h
119,0.9375,1.4930394055974097,60.55555555555555,96.92460317460318,16,naive_seasonal_24h
125,15.895833333333334,19.23159293107741,235.06446921222076,78.22946531668767,16,naive_seasonal_24h
127,5.458333333333333,7.082843120291926,334.00000000000006,127.76094276094277,16,naive_seasonal_24h
129,6.958333333333333,9.678154093971983,324.2149758454106,89.20395697578023,16,naive_seasonal_24h
130,4.895833333333333,7.209657874453313,245.55555555555551,119.19765335999857,16,naive_seasonal_24h
132,49.1875,68.2832641770051,28.345920048882277,31.113253559535153,16,naive_seasonal_24h
134,1.5,1.9895560643855537,80.55555555555554,128.88888888888889,16,naive_seasonal_24h
137,40.125,68.95711227519126,467.039074430216,59.593960986062406,16,naive_seasonal_24h
138,48.770833333333336,61.72334107396758,44.038215905753944,61.548633783394315,16,naive_seasonal_24h
140,59.083333333333336,71.50495320838503,132.57323202201044,73.26017629436484,16,naive_seasonal_24h
141,54.875,87.01795791674267,357.040722736833,59.64099802941479,16,naive_seasonal_24h
142,53.708333333333336,71.88764381542445,187.31666286992333,56.298274954175916,16,naive_seasonal_24h
143,24.770833333333332,35.91976011426951,275.12786133596444,58.04409059025557,16,naive_seasonal_24h
144,38.666666666666664,51.730471355543116,315.1964715132883,75.21390082346792,16,naive_seasonal_24h
145,16.791666666666668,26.145426623662757,577.9744232787099,84.94879158856462,16,naive_seasonal_24h
146,6.5,9.153778818972341,374.3689867251248,94.67719673405406,16,naive_seasonal_24h
148,77.1875,117.35904666165848,496.6397411500435,89.10497860402813,16,naive_seasonal_24h
151,12.958333333333334,17.040393187951974,119.8422190904044,50.73847602767912,16,naive_seasonal_24h
152,5.291666666666667,6.150880695748645,170.51160644910644,80.28664191654387,16,naive_seasonal_24h
155,0.5833333333333334,0.9354143466934853,70.0,97.22222222222221,16,naive_seasonal_24h
157,5.770833333333333,8.300351398183894,334.0277777777777,158.87147574647574,16,naive_seasonal_24h
158,32.479166666666664,41.244949185728586,329.6261100272647,80.31580927353556,16,naive_seasonal_24h
159,1.5416666666666667,2.091650066335189,103.33333333333331,110.67460317460315,16,naive_seasonal_24h
161,181.35416666666666,217.88074911137363,313.5176766431257,106.98704635317182,16,naive_seasonal_24h
162,75.875,96.37924223261632,182.461441537193,64.92822055534178,16,naive_seasonal_24h
163,68.5,81.26012757394203,154.7919981805091,69.80807445384282,16,naive_seasonal_24h
164,55.479166666666664,73.71213717337645,237.26487214051056,63.61025248569362,16,naive_seasonal_24h
165,0.6458333333333334,1.050793351076541,69.23076923076923,87.5,16,naive_seasonal_24h
166,9.4375,13.27199432388868,178.94948494497433,50.6294195935703,16,naive_seasonal_24h
167,1.3333333333333333,1.8142950880897701,76.66666666666667,124.72222222222221,16,naive_seasonal_24h
168,5.25,6.383572667401852,382.8163265306123,128.27080327080327,16,naive_seasonal_24h
169,1.875,2.5,177.27272727272728,132.9563492063492,16,naive_seasonal_24h
170,83.75,126.63003856378891,688.1525023927827,65.84182304901658,16,naive_seasonal_24h
177,3.1875,4.190763653560053,203.8793103448276,129.751221001221,16,naive_seasonal_24h
179,3.8958333333333335,5.301336309522974,183.82536524123392,85.92390080393177,16,naive_seasonal_24h
181,10.6875,17.51487463081975,382.3412698412698,113.56863144906623,16,naive_seasonal_24h
182,0.8958333333333334,1.4648663192705789,60.61507936507936,95.20833333333333,16,naive_seasonal_24h
186,70.39583333333333,85.03565428689309,108.84349698417313,63.76738695253594,16,naive_seasonal_24h
188,3.5416666666666665,4.481443219916251,170.46398046398045,101.78429027113236,16,naive_seasonal_24h
189,4.291666666666667,6.27162924074226,221.36363636363635,123.79979769685652,16,naive_seasonal_24h
191,1.0416666666666667,1.8142950880897701,119.23076923076923,93.45238095238095,16,naive_seasonal_24h
193,3.5416666666666665,4.439406867289067,87.6454243761936,101.14976498103432,16,naive_seasonal_24h
195,1.75,2.6060826285186485,141.26984126984127,117.08333333333333,16,naive_seasonal_24h
196,1.5625,1.9418633662885072,77.77777777777777,140.13888888888889,16,naive_seasonal_24h
197,2.0416666666666665,2.857738033247041,150.19047619047618,101.08405483405483,16,naive_seasonal_24h
198,6.25,9.391929159301263,409.24242424242425,135.80433302884578,16,naive_seasonal_24h
205,0.875,1.4142135623730951,74.44444444444443,93.75,16,naive_seasonal_24h
209,10.479166666666666,17.042226967154264,359.12634903820543,74.30833805035621,16,naive_seasonal_24h
211,23.895833333333332,30.02394877427018,341.4825399702626,72.1762454661124,16,naive_seasonal_24h
213,1.3541666666666667,1.7618645426554977,64.31372549019608,133.86904761904762,16,naive_seasonal_24h
215,1.0416666666666667,1.541103500742244,68.81720430107526,94.58333333333333,16,naive_seasonal_24h
216,3.3541666666666665,4.13571839789252,169.5175438596491,107.99894549894549,16,naive_seasonal_24h
222,0.22916666666666666,0.6922186552431729,66.66666666666666,22.916666666666668,16,naive_seasonal_24h
223,6.083333333333333,9.863653819283535,206.6396103896104,93.80094442594441,16,naive_seasonal_24h
224,11.5625,16.033168744823964,383.83257903738297,73.41015834259683,16,naive_seasonal_24h
225,7.770833333333333,9.575359001102779,374.1701766701767,125.62120467766697,16,naive_seasonal_24h
226,9.458333333333334,13.665650368716449,252.5435675435675,79.70906282845901,16,naive_seasonal_24h
228,10.208333333333334,18.176220729293536,690.841750841751,143.54362660436712,16,naive_seasonal_24h
229,42.104166666666664,57.87540496618577,255.64469878745527,65.45789330500914,16,naive_seasonal_24h
230,54.291666666666664,79.08328942745533,90.89856496540625,47.27728961704732,16,naive_seasonal_24h
231,44.75,59.75156901705594,400.63972924609396,77.00648756975589,16,naive_seasonal_24h
232,16.145833333333332,20.17888748172208,328.1910813302151,81.380139823439,16,naive_seasonal_24h
233,30.8125,41.01549503947665,374.07555435096083,65.25260975755963,16,naive_seasonal_24h
234,63.6875,79.88233534392946,583.6192081909788,69.69955987922724,16,naive_seasonal_24h
235,1.2083333333333333,1.7320508075688772,140.67460317460316,124.02116402116401,16,naive_seasonal_24h
236,104.29166666666667,129.4362777585944,208.1525553888119,75.49972084062365,16,naive_seasonal_24h
237,134.0,151.20612311234842,188.15525258897873,83.52087731561683,16,naive_seasonal_24h
238,33.395833333333336,46.80433562538126,217.90763514297015,55.261560135148635,16,naive_seasonal_24h
239,54.5,71.48688690941857,337.47176044873464,61.43847588835522,16,naive_seasonal_24h
243,10.833333333333334,13.892443989449804,452.02875935434076,117.40343379059617,16,naive_seasonal_24h
244,9.5625,11.885740756609717,260.6328272158123,71.55597397595423,16,naive_seasonal_24h
246,53.979166666666664,69.14854180193052,313.4629969780262,70.61687161184888,16,naive_seasonal_24h
247,2.6041666666666665,3.2691742076555053,101.29960317460316,136.11652236652236,16,naive_seasonal_24h
249,75.45833333333333,101.99509792141973,244.97939844260617,72.59483382054914,16,naive_seasonal_24h
254,0.8333333333333334,1.3228756555322954,43.05555555555555,95.13888888888887,16,naive_seasonal_24h
255,26.6875,42.235204509981955,1003.0339566733106,130.66858137312772,16,naive_seasonal_24h
256,14.354166666666666,21.75,587.6609065049557,110.03277298035698,16,naive_seasonal_24h
258,1.2083333333333333,1.6708281379802852,67.10144927536231,113.17460317460318,16,naive_seasonal_24h
260,4.6875,8.176439730510259,184.33333333333331,92.08371942067593,16,naive_seasonal_24h
261,11.833333333333334,15.456929406148772,175.77681718047853,60.4254967027025,16,naive_seasonal_24h
262,33.1875,49.80942849166879,222.56277734731015,60.49571661457227,16,naive_seasonal_24h
263,60.041666666666664,86.700874659179,556.8895064492822,63.623754900687686,16,naive_seasonal_24h
264,3.25,4.0259574430603875,86.15893365893366,78.83401192031222,16,naive_seasonal_24h
265,6.229166666666667,8.830581332317067,223.60200216450215,111.50367010396961,16,naive_seasonal_24h
4,18.604166666666668,31.518843570156566,406.206680763064,70.18512184103044,17,naive_seasonal_24h
7,8.395833333333334,10.742245264996201,235.82223332223333,74.87287396711163,17,naive_seasonal_24h
10,2.4791666666666665,3.6314597615834874,152.91005291005294,109.48352573352572,17,naive_seasonal_24h
12,1.75,2.943920288775949,113.140589569161,85.80544251500135,17,naive_seasonal_24h
13,17.416666666666668,25.886772684133494,57.951223885062205,65.53447151483152,17,naive_seasonal_24h
14,1.3333333333333333,1.6072751268321592,73.68421052631578,145.83333333333334,17,naive_seasonal_24h
17,4.583333333333333,6.393355926272211,265.87639837639836,108.12971958095797,17,naive_seasonal_24h
24,6.208333333333333,7.44983221287567,79.58651439812736,61.48651845757243,17,naive_seasonal_24h
25,5.708333333333333,8.401388774085707,215.2607709750567,107.70328282828284,17,naive_seasonal_24h
26,0.5625,1.0307764064044151,75.0,69.44444444444444,17,naive_seasonal_24h
28,1.1458333333333333,1.6393596310755,92.27272727272727,112.5,17,naive_seasonal_24h
33,4.916666666666667,6.563789555838405,152.54925762791703,93.85922038516883,17,naive_seasonal_24h
35,1.1458333333333333,1.479019945774904,85.05747126436782,113.19444444444444,17,naive_seasonal_24h
36,8.833333333333334,14.708274315273473,414.8366013071895,138.5019730701858,17,naive_seasonal_24h
37,11.166666666666666,15.377201739371612,448.78552971576227,117.65333075636404,17,naive_seasonal_24h
39,1.8958333333333333,2.780137886268713,103.99305555555554,121.02032227032227,17,naive_seasonal_24h
40,2.1041666666666665,2.875905654456233,122.91666666666666,130.0793650793651,17,naive_seasonal_24h
41,13.770833333333334,16.732578004200867,134.60147154227292,60.88004195641262,17,naive_seasonal_24h
42,10.125,12.30176139149729,90.18813875378002,60.3669517251031,17,naive_seasonal_24h
43,14.895833333333334,19.417024317163875,46.843936434479424,58.69454434075819,17,naive_seasonal_24h
45,7.145833333333333,11.806601260876619,250.54746546434527,66.89000194764462,17,naive_seasonal_24h
48,41.145833333333336,54.52121146856515,67.19794521972827,42.48936177735017,17,naive_seasonal_24h
49,4.020833333333333,5.421792446537707,196.8462787212787,103.8396179843548,17,naive_seasonal_24h
50,15.895833333333334,22.086477763554786,170.57199036493444,55.267693949552694,17,naive_seasonal_24h
51,0.7291666666666666,1.070436048222094,65.78947368421053,94.44444444444444,17,naive_seasonal_24h
52,1.375,2.282177322938192,78.01564027370479,82.53739316239316,17,naive_seasonal_24h
55,0.6458333333333334,1.0307764064044151,87.5,86.1111111111111,17,naive_seasonal_24h
56,1.0416666666666667,1.7559422921421233,102.77777777777777,107.14285714285712,17,naive_seasonal_24h
61,5.6875,7.258615570478987,217.50180375180372,97.39915696630935,17,naive_seasonal_24h
62,1.5,2.169869427715256,89.88095238095238,104.81150793650795,17,naive_seasonal_24h
63,1.1666666666666667,1.848422751068236,46.82539682539682,97.77777777777777,17,naive_seasonal_24h
65,3.9375,4.841229182759271,138.5062048075044,81.26302689350935,17,naive_seasonal_24h
66,6.479166666666667,8.081614937622307,151.24620038081576,110.38458103948672,17,naive_seasonal_24h
68,37.0,50.53010653725823,64.71843299662035,40.71621453060306,17,naive_seasonal_24h
69,1.2916666666666667,1.7911821050170564,111.25,129.7222222222222,17,naive_seasonal_24h
70,6.104166666666667,8.861198188356546,70.32558901681159,66.37348349586223,17,naive_seasonal_24h
71,1.625,2.327373340628157,103.05555555555554,104.29563492063492,17,naive_seasonal_24h
72,1.8333333333333333,2.345207879911715,89.76190476190476,124.02777777777777,17,naive_seasonal_24h
74,17.645833333333332,22.40675121475668,149.15642905806615,71.06032913217592,17,naive_seasonal_24h
75,12.5,16.82012683265696,62.10042889406417,43.89225795488022,17,naive_seasonal_24h
76,2.5625,3.3197640478403483,144.77941176470588,123.66492303992304,17,naive_seasonal_24h
77,0.6666666666666666,1.136515141415488,62.121212121212125,64.02777777777777,17,naive_seasonal_24h
78,0.6458333333333334,0.9013878188659973,68.75,109.72222222222221,17,naive_seasonal_24h
79,92.29166666666667,160.2886718808704,311.6956510568393,66.09886346741003,17,naive_seasonal_24h
80,14.666666666666666,25.86986664055306,786.1715443753261,108.40320115797162,17,naive_seasonal_24h
82,2.1458333333333335,2.8540906315906183,106.30952380952378,94.80068542568542,17,naive_seasonal_24h
83,1.2916666666666667,1.6072751268321592,79.36507936507937,115.27777777777776,17,naive_seasonal_24h
85,1.0833333333333333,1.5138251770487459,87.12121212121211,113.88888888888887,17,naive_seasonal_24h
86,0.2708333333333333,0.5951190357119042,100.0,45.833333333333336,17,naive_seasonal_24h
87,18.0625,24.874267158384118,330.28740836594534,66.19321900764366,17,naive_seasonal_24h
88,9.854166666666666,12.684472134595643,121.50257516402777,74.19228215535436,17,naive_seasonal_24h
89,1.6666666666666667,2.111476576553321,98.55855855855856,96.0515873015873,17,naive_seasonal_24h
90,32.916666666666664,43.773089145425104,214.3617283192691,59.538306528531756,17,naive_seasonal_24h
91,1.0,1.4719601443879744,86.45833333333334,105.59523809523809,17,naive_seasonal_24h
92,1.3125,1.9418633662885072,125.06410256410257,89.96572871572873,17,naive_seasonal_24h
95,1.875,2.943920288775949,105.85714285714285,99.62253024753024,17,naive_seasonal_24h
97,4.875,6.228295647018265,183.96448720361764,94.74166754115645,17,naive_seasonal_24h
100,26.208333333333332,33.23840650011169,66.44525180026827,53.338194555424,17,naive_seasonal_24h
106,1.4166666666666667,2.131118642090737,140.06410256410254,97.4537037037037,17,naive_seasonal_24h
107,39.125,46.24662149822406,162.74295811516225,67.26800237375521,17,naive_seasonal_24h
112,9.083333333333334,12.673791855636576,462.73176010980893,110.9869830289277,17,naive_seasonal_24h
113,31.458333333333332,41.58926143449372,319.20631993625176,71.5148024568194,17,naive_seasonal_24h
114,53.875,95.46639897541613,414.1218133940176,77.8409808791396,17,naive_seasonal_24h
116,8.4375,9.860485113150705,147.51404050684403,76.95929256244074,17,naive_seasonal_24h
117,0.3125,0.5951190357119042,75.0,58.333333333333336,17,naive_seasonal_24h
119,1.0416666666666667,1.5545631755148024,95.83333333333334,100.13888888888887,17,naive_seasonal_24h
125,16.229166666666668,20.02862534806953,217.86814018918918,82.8138653908672,17,naive_seasonal_24h
127,3.4791666666666665,4.313254764869178,223.2222222222222,127.74605024605025,17,naive_seasonal_24h
129,4.0625,5.182100603680584,145.76366843033506,72.66020232372534,17,naive_seasonal_24h
130,3.3125,4.548351349665063,175.3989703989704,105.8475260119997,17,naive_seasonal_24h
132,81.16666666666667,107.19549897267142,36.97816333716219,42.13350253918881,17,naive_seasonal_24h
134,0.875,1.224744871391589,98.66666666666666,106.94444444444444,17,naive_seasonal_24h
137,25.604166666666668,32.08679634990069,107.235569175821,60.76262632995645,17,naive_seasonal_24h
138,97.58333333333333,131.58299028876542,82.77350846093312,63.95683269919768,17,naive_seasonal_24h
140,66.91666666666667,90.84854612669007,51.88439791932121,63.53512265718083,17,naive_seasonal_24h
141,39.4375,50.53319865857164,110.08571723173051,57.29401316424134,17,naive_seasonal_24h
142,42.479166666666664,57.01260825466591,75.82477626833341,48.54065620772443,17,naive_seasonal_24h
143,21.395833333333332,33.23245150953106,44.48078747041217,51.49227354755612,17,naive_seasonal_24h
144,33.666666666666664,52.67945519839779,396.35327583335516,61.99972137499782,17,naive_seasonal_24h
145,7.458333333333333,9.199184746487049,224.97063700188698,74.76530053189691,17,naive_seasonal_24h
146,3.2083333333333335,4.227883631321941,119.2063492063492,75.44068748016116,17,naive_seasonal_24h
148,77.02083333333333,140.41285850424572,596.43300686323,77.23697247449851,17,naive_seasonal_24h
151,10.708333333333334,14.560219778561036,34.722542171476356,38.803942277755034,17,naive_seasonal_24h
152,3.8958333333333335,4.888336458687488,104.80787186669541,62.403882484292865,17,naive_seasonal_24h
155,0.5416666666666666,0.816496580927726,80.0,90.27777777777777,17,naive_seasonal_24h
157,2.6875,4.4464405239847,129.24242424242425,128.78968253968253,17,naive_seasonal_24h
158,36.125,58.24481378915494,665.107663604272,77.24448448399832,17,naive_seasonal_24h
159,1.5208333333333333,2.0052015692526606,111.74242424242425,102.20238095238095,17,naive_seasonal_24h
161,145.5,195.37410695040083,80.9366088031037,72.41061507612397,17,naive_seasonal_24h
162,76.39583333333333,97.18678322350902,74.10467889204844,59.23634814600177,17,naive_seasonal_24h
163,58.083333333333336,80.04842284517541,74.36784422784697,54.53411038208964,17,naive_seasonal_24h
164,46.666666666666664,59.854685141042495,123.69516827746526,60.023574995910025,17,naive_seasonal_24h
165,0.6666666666666666,1.0606601717798212,100.0,91.66666666666667,17,naive_seasonal_24h
166,10.0,14.458273294784085,56.261126925227124,45.64669585994836,17,naive_seasonal_24h
167,0.9791666666666666,1.506928443335427,80.0,102.08333333333333,17,naive_seasonal_24h
168,3.2708333333333335,4.269562819149833,153.43434343434345,122.49007936507935,17,naive_seasonal_24h
169,1.1041666666666667,1.6007810593582121,95.83333333333334,115.0,17,naive_seasonal_24h
170,51.9375,65.95216069242917,72.94469544457472,56.693065988031755,17,naive_seasonal_24h
177,1.3958333333333333,1.865252440466616,90.11904761904762,101.54100529100526,17,naive_seasonal_24h
179,3.0625,4.00780488547035,116.58972125435541,86.12154552371943,17,naive_seasonal_24h
181,4.229166666666667,6.243329773980121,204.6298701298701,108.71435479882,17,naive_seasonal_24h
182,0.9375,1.5877132402714709,67.85714285714286,83.05555555555556,17,naive_seasonal_24h
186,112.25,135.5920658937437,101.1608080356871,69.95843722365804,17,naive_seasonal_24h
188,2.3333333333333335,3.1885210782848317,97.18671679197995,97.02445702445702,17,naive_seasonal_24h
189,1.8958333333333333,2.780137886268713,87.40196078431373,115.59523809523809,17,naive_seasonal_24h
191,0.75,1.0801234497346435,82.5,105.55555555555554,17,naive_seasonal_24h
193,2.0416666666666665,2.8795254238618324,80.78626400054974,76.78712083123848,17,naive_seasonal_24h
195,1.9375,2.8975564417856186,153.33333333333334,112.51577126577126,17,naive_seasonal_24h
196,1.0208333333333333,1.4648663192705789,86.66666666666667,125.0,17,naive_seasonal_24h
197,1.9791666666666667,2.4537386440559095,121.02941176470587,114.16666666666667,17,naive_seasonal_24h
198,3.125,4.536885862938733,154.0,143.0026455026455,17,naive_seasonal_24h
205,0.3958333333333333,0.75,69.44444444444444,56.25,17,naive_seasonal_24h
209,7.791666666666667,11.096170510586074,260.62798913801583,82.49588835591055,17,naive_seasonal_24h
211,18.3125,28.477695950808005,326.3169912001629,68.94344966402012,17,naive_seasonal_24h
213,1.0625,1.6007810593582121,101.19047619047619,96.52777777777777,17,naive_seasonal_24h
215,0.9166666666666666,1.3228756555322954,44.166666666666664,104.56349206349205,17,naive_seasonal_24h
216,2.5208333333333335,3.1457643480294792,111.26663614163614,93.1570165945166,17,naive_seasonal_24h
222,0.3333333333333333,0.6123724356957945,68.75,59.72222222222222,17,naive_seasonal_24h
223,4.520833333333333,5.421792446537707,177.59689922480618,95.54108677270442,17,naive_seasonal_24h
224,7.583333333333333,9.958246164193104,136.3084825391327,72.33578349731341,17,naive_seasonal_24h
225,5.333333333333333,6.547900426854397,277.2479622479623,118.55952054481465,17,naive_seasonal_24h
226,4.104166666666667,5.956439092836144,81.36357833473865,57.45143844467784,17,naive_seasonal_24h
228,5.208333333333333,8.609587678861281,279.79797979797985,122.6764842730499,17,naive_seasonal_24h
229,31.166666666666668,39.35627861811463,135.9613602990674,61.429745300439414,17,naive_seasonal_24h
230,57.104166666666664,85.283961954559,50.251591241726956,41.082039553263115,17,naive_seasonal_24h
231,33.083333333333336,41.8494324931653,224.5707811517749,71.1808784804756,17,naive_seasonal_24h
232,10.229166666666666,13.212210261723811,250.06999568407494,69.87577792381391,17,naive_seasonal_24h
233,21.520833333333332,28.734778579275673,84.59052068570269,52.870660027234784,17,naive_seasonal_24h
234,65.58333333333333,82.35391105871456,317.962760202912,78.88315477878109,17,naive_seasonal_24h
235,0.9166666666666666,1.3070322617798436,100.0,103.47222222222221,17,naive_seasonal_24h
236,110.85416666666667,148.8265909260394,88.53215341328932,71.8186261054688,17,naive_seasonal_24h
237,120.85416666666667,152.99965958567793,136.92570849374917,76.41817937057374,17,naive_seasonal_24h
238,24.833333333333332,33.462665763504255,49.487961082142995,42.61584266595364,17,naive_seasonal_24h
239,36.458333333333336,47.3246764384079,102.18078542317453,50.688411160941406,17,naive_seasonal_24h
243,4.979166666666667,6.482347825698135,227.10442335442335,87.29693752464313,17,naive_seasonal_24h
244,7.333333333333333,8.990735972840785,115.95614369895415,65.18729831632784,17,naive_seasonal_24h
246,40.916666666666664,56.72741841473134,310.67316121633615,63.11165312849729,17,naive_seasonal_24h
247,2.0625,3.3509948771471834,143.39080459770113,105.47008547008546,17,naive_seasonal_24h
249,74.60416666666667,127.72227357304077,263.1854124487903,68.50953959906904,17,naive_seasonal_24h
254,0.625,1.20761472884912,51.21212121212121,68.88888888888887,17,naive_seasonal_24h
255,20.875,35.175156952978426,538.8844820756585,111.19841771574336,17,naive_seasonal_24h
256,13.125,21.50484441546447,585.3329919975727,100.59733267666316,17,naive_seasonal_24h
258,1.2708333333333333,1.9094065395649333,122.22222222222223,109.62301587301586,17,naive_seasonal_24h
260,3.1041666666666665,4.195731958391368,170.45321637426903,101.06405168905167,17,naive_seasonal_24h
261,7.916666666666667,10.189864245088515,66.7697402056346,60.28880947238486,17,naive_seasonal_24h
262,27.291666666666668,44.40063813355239,49.083082971340154,49.70385847373776,17,naive_seasonal_24h
263,30.1875,41.22878242199253,92.58606438091749,47.91705743628904,17,naive_seasonal_24h
264,2.9583333333333335,3.968626966596886,68.529393312002,67.91661884472956,17,naive_seasonal_24h
265,2.7083333333333335,3.529636430757895,90.51689051689053,97.89113119995473,17,naive_seasonal_24h
4,21.479166666666668,36.18672638781611,403.48215520719384,72.88717793240322,18,naive_seasonal_24h
7,7.416666666666667,10.191908555319754,140.06106659298143,63.188384474132874,18,naive_seasonal_24h
10,1.3125,1.8874586088176875,94.96927803379415,90.46626984126983,18,naive_seasonal_24h
12,1.1666666666666667,1.7911821050170564,79.23648931713447,74.2301332926333,18,naive_seasonal_24h
13,14.75,20.983128143026402,63.435314715361315,69.15442024458105,18,naive_seasonal_24h
14,0.7291666666666666,1.1086778913041726,76.66666666666667,88.88888888888887,18,naive_seasonal_24h
17,3.5,4.58257569495584,190.26927437641723,100.8173655048655,18,naive_seasonal_24h
24,7.1875,9.204844738868042,98.08041489157654,54.732316893309815,18,naive_seasonal_24h
25,5.8125,8.663861725581729,262.8987150415722,95.80206490785577,18,naive_seasonal_24h
26,0.3333333333333333,0.6454972243679028,87.5,58.333333333333336,18,naive_seasonal_24h
28,0.7916666666666666,1.20761472884912,94.20289855072463,95.13888888888887,18,naive_seasonal_24h
33,3.4583333333333335,4.439406867289067,134.38260152545865,86.4033630288762,18,naive_seasonal_24h
35,1.9375,2.704163456597992,105.65217391304348,123.6111111111111,18,naive_seasonal_24h
36,8.145833333333334,11.917249403001238,339.03340080971657,120.59957437229751,18,naive_seasonal_24h
37,16.4375,24.928648178350947,633.9708994708996,117.52872678201231,18,naive_seasonal_24h
39,1.5416666666666667,2.160246899469287,78.62573099415205,124.82142857142856,18,naive_seasonal_24h
40,1.8333333333333333,2.806243040080456,134.7222222222222,118.17099567099565,18,naive_seasonal_24h
41,8.916666666666666,10.200081699019213,98.63682141506604,50.18228787941265,18,naive_seasonal_24h
42,7.291666666666667,9.656603957913983,75.05118464914715,49.3013918465849,18,naive_seasonal_24h
43,14.708333333333334,19.288381649756587,77.85564102381664,56.65332350419478,18,naive_seasonal_24h
45,8.291666666666666,12.42309676905615,253.01188803618473,71.37741830327455,18,naive_seasonal_24h
48,55.520833333333336,76.22622580188528,88.86618598332107,45.82344324908252,18,naive_seasonal_24h
49,2.8333333333333335,3.702476648587177,174.41666666666666,94.19777254336077,18,naive_seasonal_24h
50,17.229166666666668,20.89407810840191,186.5420565622162,55.71966022111949,18,naive_seasonal_24h
51,0.6458333333333334,0.82915619758885,81.66666666666667,120.13888888888887,18,naive_seasonal_24h
52,1.1666666666666667,1.632993161855452,74.08602150537634,92.81746031746032,18,naive_seasonal_24h
55,0.7291666666666666,1.2332207155790618,90.0,83.33333333333333,18,naive_seasonal_24h
56,0.7708333333333334,1.0307764064044151,76.47058823529412,107.63888888888887,18,naive_seasonal_24h
61,5.041666666666667,6.241661103691335,225.38742690058476,119.31686641245464,18,naive_seasonal_24h
62,1.1458333333333333,1.689427911059441,73.51190476190476,103.59006734006734,18,naive_seasonal_24h
63,0.75,1.118033988749895,78.57142857142857,84.72222222222221,18,naive_seasonal_24h
65,3.8541666666666665,5.467708234108083,159.22524565381707,89.14168524830289,18,naive_seasonal_24h
66,4.145833333333333,5.55090082779363,102.64224620363613,92.99169824664598,18,naive_seasonal_24h
68,44.604166666666664,60.47709621556467,136.4627365457248,51.13894218191762,18,naive_seasonal_24h
69,1.1041666666666667,1.613743060919757,68.18181818181817,107.63888888888887,18,naive_seasonal_24h
70,4.979166666666667,8.219641111386798,76.18714627718974,51.38029112890924,18,naive_seasonal_24h
71,1.1458333333333333,1.8314384146529925,65.87301587301587,97.21230158730158,18,naive_seasonal_24h
72,1.4583333333333333,2.111476576553321,83.32010582010582,104.77513227513226,18,naive_seasonal_24h
74,8.3125,10.621322893124,63.11807387599173,46.841033794710995,18,naive_seasonal_24h
75,10.104166666666666,12.824943144773261,54.10530466291855,39.31116764150669,18,naive_seasonal_24h
76,1.9583333333333333,2.5413251136628174,111.42113095238095,102.386063011063,18,naive_seasonal_24h
77,1.5208333333333333,2.5617376914898995,100.0,109.44444444444441,18,naive_seasonal_24h
78,0.875,1.2747548783981961,88.88888888888889,114.58333333333333,18,naive_seasonal_24h
79,133.95833333333334,238.11350584682648,313.16640882756553,72.76202021244903,18,naive_seasonal_24h
80,16.354166666666668,26.610226730839155,458.7425562817719,112.11642789929988,18,naive_seasonal_24h
82,2.0416666666666665,2.715695122800054,124.40476190476188,116.54761904761904,18,naive_seasonal_24h
83,0.8125,1.1636866703140785,72.91666666666666,113.88888888888887,18,naive_seasonal_24h
85,1.0625,1.3768926368215255,87.30158730158729,118.6111111111111,18,naive_seasonal_24h
86,0.1875,0.4330127018922193,100.0,37.5,18,naive_seasonal_24h
87,18.25,28.623999254704668,196.262698059355,55.934465741873375,18,naive_seasonal_24h
88,8.791666666666666,11.965227397198378,158.01027485065592,65.44359048453052,18,naive_seasonal_24h
89,1.5,1.9364916731037085,62.5,109.8611111111111,18,naive_seasonal_24h
90,40.979166666666664,58.61011715850203,172.82596920634873,57.7599436496947,18,naive_seasonal_24h
91,0.9375,1.5612494995995996,59.05797101449276,101.94444444444444,18,naive_seasonal_24h
92,1.0625,1.4930394055974097,114.99999999999999,120.83333333333333,18,naive_seasonal_24h
95,1.8125,2.6964482812272395,135.80246913580245,144.61691086691087,18,naive_seasonal_24h
97,5.479166666666667,9.599262124420466,238.14699792960664,84.06509821364894,18,naive_seasonal_24h
100,28.645833333333332,35.991607818119675,110.27688053636508,56.97292047491235,18,naive_seasonal_24h
106,1.9375,2.787621447279622,120.66666666666666,132.4537037037037,18,naive_seasonal_24h
107,35.0,48.77371218187108,161.35948638831007,55.2988206076346,18,naive_seasonal_24h
112,13.333333333333334,23.00090577926588,556.3663419913419,101.35377987177378,18,naive_seasonal_24h
113,45.770833333333336,55.64377024130074,265.48087690483834,94.96849955466648,18,naive_seasonal_24h
114,54.520833333333336,111.26966118399031,360.2177936450347,61.77891674389042,18,naive_seasonal_24h
116,6.791666666666667,8.958236433584458,101.18546576314371,71.99466037809891,18,naive_seasonal_24h
117,0.1875,0.4330127018922193,100.0,37.5,18,naive_seasonal_24h
119,1.3333333333333333,2.101586702153082,91.66666666666666,132.5,18,naive_seasonal_24h
125,9.6875,13.534677683639163,157.86250897308668,60.77531620914305,18,naive_seasonal_24h
127,1.9791666666666667,2.832107577994405,145.13888888888889,107.91666666666667,18,naive_seasonal_24h
129,4.854166666666667,6.555849805072311,177.4082546241637,82.87758808207563,18,naive_seasonal_24h
130,2.6666666666666665,3.458082320207738,115.9703881552621,104.3894647019647,18,naive_seasonal_24h
132,65.91666666666667,96.52698241079193,37.88929268834891,29.515961834646063,18,naive_seasonal_24h
134,0.8333333333333334,1.1547005383792515,79.01234567901234,90.13888888888887,18,naive_seasonal_24h
137,17.854166666666668,23.1206076909756,106.50594527036841,46.47354179745927,18,naive_seasonal_24h
138,50.8125,76.15485867625256,61.82744969144497,60.53357047788236,18,naive_seasonal_24h
140,56.4375,73.49617336977484,59.48484263667727,69.47601795954309,18,naive_seasonal_24h
141,37.145833333333336,44.889911635763625,86.44200333685916,54.918621164777505,18,naive_seasonal_24h
142,33.854166666666664,44.82628507174483,57.93426398345714,43.83093108138987,18,naive_seasonal_24h
143,18.0625,27.219401781327477,48.5891907187829,53.132879142428116,18,naive_seasonal_24h
144,38.895833333333336,71.88141275740203,514.1709461864015,58.108361139974335,18,naive_seasonal_24h
145,8.875,12.491663887035491,211.17373187930139,70.33471186361031,18,naive_seasonal_24h
146,4.375,5.926634795564849,104.94123087831626,89.6669853368938,18,naive_seasonal_24h
148,84.85416666666667,158.7757197013028,471.5079380776622,73.61244397122361,18,naive_seasonal_24h
151,9.145833333333334,12.198872898755852,34.65914474439763,33.59993263540526,18,naive_seasonal_24h
152,3.2291666666666665,4.269562819149833,99.33543509630466,69.46203743317251,18,naive_seasonal_24h
155,0.5208333333333334,0.8036375634160796,73.33333333333333,83.33333333333333,18,naive_seasonal_24h
157,7.6875,14.592378147512488,517.5,139.97623514696684,18,naive_seasonal_24h
158,39.229166666666664,70.40078716415984,281.85728690005794,67.98930100640503,18,naive_seasonal_24h
159,1.2708333333333333,1.689427911059441,106.25,121.72619047619047,18,naive_seasonal_24h
161,103.4375,142.1632717453187,59.69301260094993,58.96650120547713,18,naive_seasonal_24h
162,67.375,80.77463504508496,79.57064023755348,61.402607475628066,18,naive_seasonal_24h
163,41.4375,56.296277259987036,67.71925823962312,45.64820849224672,18,naive_seasonal_24h
164,50.5,61.268874642839656,135.08654225751567,64.84472947809441,18,naive_seasonal_24h
165,0.4583333333333333,0.9354143466934853,71.42857142857143,62.5,18,naive_seasonal_24h
166,14.416666666666666,19.787411823345334,82.9075874467929,54.98050809525291,18,naive_seasonal_24h
167,0.6458333333333334,0.9682458365518543,71.42857142857143,99.30555555555554,18,naive_seasonal_24h
168,2.2083333333333335,3.122498999199199,153.48039215686273,113.3078958078958,18,naive_seasonal_24h
169,0.5833333333333334,1.0408329997330663,61.111111111111114,72.22222222222221,18,naive_seasonal_24h
170,39.5,48.176757881783615,136.6200151780033,51.98763279149813,18,naive_seasonal_24h
177,1.5208333333333333,2.203217344400381,110.00000000000001,88.78968253968253,18,naive_seasonal_24h
179,2.8125,3.514849451493857,129.94949494949498,92.64561827061827,18,naive_seasonal_24h
181,4.875,7.804912982645397,210.53073451602867,92.99650473422963,18,naive_seasonal_24h
182,0.4166666666666667,0.67700320038633,91.66666666666666,76.38888888888889,18,naive_seasonal_24h
186,69.9375,88.43088167226047,153.55668210507775,60.70498374712985,18,naive_seasonal_24h
188,2.0625,2.7348065135703234,129.7222222222222,123.6111111111111,18,naive_seasonal_24h
189,2.0833333333333335,3.1091263510296048,101.72619047619047,131.7989417989418,18,naive_seasonal_24h
191,0.5416666666666666,0.9789450103725609,80.76923076923077,73.6111111111111,18,naive_seasonal_24h
193,1.625,2.7386127875258306,51.906330104004525,60.804461741961724,18,naive_seasonal_24h
195,1.0,1.4288690166235205,76.66666666666666,101.38888888888887,18,naive_seasonal_24h
196,0.7916666666666666,1.118033988749895,83.7121212121212,109.44444444444444,18,naive_seasonal_24h
197,1.9583333333333333,2.8939592256975564,84.82758620689654,116.53540903540903,18,naive_seasonal_24h
198,4.270833333333333,6.332785063987776,342.0833333333333,131.89410552897394,18,naive_seasonal_24h
205,1.0833333333333333,1.6832508230603465,111.11111111111111,102.08333333333333,18,naive_seasonal_24h
209,6.479166666666667,11.395357241730803,215.83098777345418,63.83197901783006,18,naive_seasonal_24h
211,19.020833333333332,31.682342611198013,247.5504426878593,61.66465532729918,18,naive_seasonal_24h
213,0.8333333333333334,1.1902380714238083,73.95833333333333,106.38888888888887,18,naive_seasonal_24h
215,0.8541666666666666,1.181453906563152,67.0,105.41666666666667,18,naive_seasonal_24h
216,2.4791666666666665,3.17214438511238,99.32531432531432,96.422214481425,18,naive_seasonal_24h
222,0.22916666666666666,0.5590169943749475,100.0,37.5,18,naive_seasonal_24h
223,2.4583333333333335,2.972092416687835,107.76785714285712,74.00393587893588,18,naive_seasonal_24h
224,8.166666666666666,9.785192895390463,165.3885627066282,75.23090876074215,18,naive_seasonal_24h
225,3.7291666666666665,4.7849590733185305,185.74931318681317,98.27753265253266,18,naive_seasonal_24h
226,5.1875,6.884463184107628,153.28042906167906,62.65766199160532,18,naive_seasonal_24h
228,4.083333333333333,7.190850668268208,246.236559139785,118.16651793625476,18,naive_seasonal_24h
229,29.375,35.056502012227824,102.02500640184218,54.94133456598805,18,naive_seasonal_24h
230,49.625,77.63751241077559,61.45416392898011,41.70595844011595,18,naive_seasonal_24h
231,33.770833333333336,42.61724025164777,321.4912247920912,70.29413896634063,18,naive_seasonal_24h
232,11.770833333333334,14.85555451674558,251.28821303769143,73.527755528756,18,naive_seasonal_24h
233,15.5625,21.428660714099703,90.16331383003174,50.2646285682389,18,naive_seasonal_24h
234,85.9375,100.54279768668995,260.4535334746267,101.75685277987948,18,naive_seasonal_24h
235,0.9583333333333334,1.6583123951777,80.0,109.72222222222221,18,naive_seasonal_24h
236,86.45833333333333,113.78891275808319,125.5655405143125,69.40649133435716,18,naive_seasonal_24h
237,106.14583333333333,129.76445006241116,182.67559214976225,78.7843171462224,18,naive_seasonal_24h
238,23.916666666666668,32.624121954978854,82.04005356748799,46.7983572589784,18,naive_seasonal_24h
239,30.583333333333332,40.11286161154134,91.68271542355488,50.65794239186605,18,naive_seasonal_24h
243,4.833333333333333,6.576473218982953,281.063122923588,92.62297486897869,18,naive_seasonal_24h
244,5.5,7.812916655556148,94.48415288888437,51.79484401984349,18,naive_seasonal_24h
246,43.229166666666664,55.9156731158626,184.88860583432177,51.91952375694357,18,naive_seasonal_24h
247,1.8125,3.5910769044025406,81.4102564102564,106.85897435897435,18,naive_seasonal_24h
249,81.95833333333333,150.08011749284668,216.15436929403322,70.92485021199475,18,naive_seasonal_24h
254,0.4791666666666667,0.7772815877574012,77.77777777777779,80.55555555555556,18,naive_seasonal_24h
255,20.375,31.615528884816502,652.458523644585,116.75112945585447,18,naive_seasonal_24h
256,11.833333333333334,15.91252127518871,449.9938743174037,115.13090751744494,18,naive_seasonal_24h
258,0.7083333333333334,1.0606601717798212,54.166666666666664,95.83333333333333,18,naive_seasonal_24h
260,2.3333333333333335,2.908321394435858,113.73873873873872,105.01984126984127,18,naive_seasonal_24h
261,8.979166666666666,11.450072779972478,109.27146853084821,57.83959995131153,18,naive_seasonal_24h
262,25.541666666666668,41.093389573831296,82.53056992237912,54.789951419984185,18,naive_seasonal_24h
263,28.8125,39.14210222594932,87.11725293462061,47.0824645621012,18,naive_seasonal_24h
264,2.8333333333333335,3.458082320207738,110.27305366591081,82.22753190216004,18,naive_seasonal_24h
265,3.2708333333333335,4.710360920354193,104.88025445732214,91.02220491926374,18,naive_seasonal_24h
4,10.041666666666666,14.594519519326424,212.72394367910672,68.20563826029228,19,naive_seasonal_24h
7,7.479166666666667,10.256095748383007,172.75507658871632,76.20905949663448,19,naive_seasonal_24h
10,1.8958333333333333,2.4281337140555777,100.0,110.91854904354905,19,naive_seasonal_24h
12,2.0,2.950988534937629,113.72710622710622,88.75210437710439,19,naive_seasonal_24h
13,18.25,25.889186931999237,75.94824189682097,90.37701151432138,19,naive_seasonal_24h
14,0.8125,1.1273124382057236,58.82352941176471,110.41666666666667,19,naive_seasonal_24h
17,2.875,4.4860896112315904,159.58719851576996,101.81301813654756,19,naive_seasonal_24h
24,6.416666666666667,8.885850175044217,101.70514123906236,57.8077144744366,19,naive_seasonal_24h
25,3.7708333333333335,5.742749051340017,96.26126126126124,96.26628001628,19,naive_seasonal_24h
26,0.4166666666666667,0.816496580927726,84.00000000000001,59.375,19,naive_seasonal_24h
28,0.9166666666666666,1.3385315336840842,69.44444444444443,104.58333333333333,19,naive_seasonal_24h
33,3.9583333333333335,5.586441920698123,171.7315137437089,91.33843048219983,19,naive_seasonal_24h
35,1.1875,1.626601774661928,69.73684210526315,110.27777777777777,19,naive_seasonal_24h
36,7.083333333333333,12.001735985542535,439.62418300653593,123.52020984065273,19,naive_seasonal_24h
37,10.6875,16.593799042614283,484.85625485625485,116.44284582872122,19,naive_seasonal_24h
39,1.8958333333333333,2.8540906315906183,82.35294117647058,121.25,19,naive_seasonal_24h
40,1.5,2.03100960115899,97.22222222222221,113.53174603174602,19,naive_seasonal_24h
41,7.854166666666667,10.127314550264547,93.36063500695205,50.09906492767871,19,naive_seasonal_24h
42,5.083333333333333,8.65544144839919,65.99164635354408,40.2529397334221,19,naive_seasonal_24h
43,15.145833333333334,20.97270050963077,46.23019297760147,71.91844056815984,19,naive_seasonal_24h
45,5.6875,9.335193267058445,131.88905806191667,66.91618670755513,19,naive_seasonal_24h
48,34.791666666666664,41.47489200307418,81.2985812900767,46.321343734425376,19,naive_seasonal_24h
49,2.9166666666666665,4.252450274057691,133.35714285714283,111.93753006253006,19,naive_seasonal_24h
50,19.291666666666668,23.717082451262844,113.04022848844181,60.65152027060475,19,naive_seasonal_24h
51,0.5625,0.82915619758885,73.80952380952381,93.88888888888887,19,naive_seasonal_24h
52,1.125,1.6708281379802852,112.10526315789473,96.66666666666667,19,naive_seasonal_24h
55,0.625,1.0,40.0,87.5,19,naive_seasonal_24h
56,0.8541666666666666,1.4930394055974097,84.31372549019608,94.08730158730158,19,naive_seasonal_24h
61,4.395833333333333,6.385204251496841,173.12644993894995,101.34526324292129,19,naive_seasonal_24h
62,1.0833333333333333,1.6708281379802852,77.5,106.94444444444444,19,naive_seasonal_24h
63,1.25,2.3804761428476167,113.64583333333333,87.13924963924963,19,naive_seasonal_24h
65,3.4791666666666665,5.246030245179047,151.2914862914863,74.65542724302314,19,naive_seasonal_24h
66,5.625,8.200609733428363,313.65331196581195,89.34339166460468,19,naive_seasonal_24h
68,37.229166666666664,49.15642548707815,73.6081778123514,46.305349697046076,19,naive_seasonal_24h
69,1.1666666666666667,1.9685019685029528,83.52272727272727,88.66896991896992,19,naive_seasonal_24h
70,5.875,8.233569497287714,60.801580819483625,59.79694391162035,19,naive_seasonal_24h
71,1.0625,1.4930394055974097,61.449275362318836,118.05555555555554,19,naive_seasonal_24h
72,1.0,1.4860462083439174,74.60317460317461,93.88888888888887,19,naive_seasonal_24h
74,12.479166666666666,15.418468363189213,128.31033302405913,65.90035911748332,19,naive_seasonal_24h
75,17.666666666666668,23.282683121438847,67.22423696268636,60.35976165193694,19,naive_seasonal_24h
76,3.0208333333333335,4.7849590733185305,157.7791461412151,95.75787638287638,19,naive_seasonal_24h
77,0.7291666666666666,1.181453906563152,86.36363636363636,91.38888888888887,19,naive_seasonal_24h
78,0.8125,1.9094065395649333,156.25,65.98484848484848,19,naive_seasonal_24h
79,49.208333333333336,66.91007647083758,144.79669822486736,62.503922359473954,19,naive_seasonal_24h
80,9.583333333333334,17.65762347165288,477.8013646011964,110.11611853594088,19,naive_seasonal_24h
82,1.9166666666666667,2.6299556396765835,105.06559097468191,110.5303724053724,19,naive_seasonal_24h
83,1.0208333333333333,1.4361406616345072,84.4871794871795,108.75,19,naive_seasonal_24h
85,0.9791666666666666,1.4215601757693317,46.666666666666664,101.72619047619048,19,naive_seasonal_24h
86,0.6458333333333334,1.299038105676658,100.0,66.66666666666667,19,naive_seasonal_24h
87,19.0,26.21624814245293,211.1760658282991,69.57989801058753,19,naive_seasonal_24h
88,10.458333333333334,13.483014005283339,144.6570161027845,70.65006767270658,19,naive_seasonal_24h
89,2.125,3.265986323710904,65.9659090909091,108.92793549043547,19,naive_seasonal_24h
90,31.5,36.860095858077564,110.37846342678108,69.94684159309264,19,naive_seasonal_24h
91,1.3958333333333333,2.367312118556965,82.49999999999999,125.13888888888887,19,naive_seasonal_24h
92,1.2291666666666667,1.9947848672643038,117.22934472934472,86.07804232804233,19,naive_seasonal_24h
95,1.75,2.7309949346956564,141.66666666666669,108.97588522588522,19,naive_seasonal_24h
97,4.0,5.5640213275412,159.60599021574632,106.56246571816746,19,naive_seasonal_24h
100,24.354166666666668,31.46790693177204,64.2359574854207,51.75939967060264,19,naive_seasonal_24h
106,0.9791666666666666,1.4068285846778443,80.83333333333333,112.22222222222223,19,naive_seasonal_24h
107,35.458333333333336,43.75357128281073,85.76394574335119,67.69909785961717,19,naive_seasonal_24h
112,5.520833333333333,9.557937364654922,190.65891472868216,86.7038088054656,19,naive_seasonal_24h
113,24.333333333333332,30.828152717929758,162.33475396747244,80.12443069530623,19,naive_seasonal_24h
114,25.625,37.109073463687196,137.6508669475465,63.84033570092499,19,naive_seasonal_24h
116,5.729166666666667,8.929119030826428,110.21295235888513,58.20099511327527,19,naive_seasonal_24h
117,0.5416666666666666,1.0206207261596576,66.66666666666666,75.0,19,naive_seasonal_24h
119,0.4375,0.8036375634160796,75.0,68.05555555555556,19,naive_seasonal_24h
125,10.479166666666666,13.588444846020215,87.52988658690086,68.7713206107123,19,naive_seasonal_24h
127,1.8125,2.25924028528766,102.5806451612903,123.7962962962963,19,naive_seasonal_24h
129,2.8125,4.115519408288582,120.80268987027436,58.911033003517126,19,naive_seasonal_24h
130,3.0416666666666665,4.173328008516305,130.41334482510953,105.54559641835857,19,naive_seasonal_24h
132,61.3125,77.35025856453228,48.172750231202585,31.13571705551597,19,naive_seasonal_24h
134,0.9791666666666666,1.3919410907075054,65.41666666666666,98.47222222222221,19,naive_seasonal_24h
137,23.0625,28.41031209496533,67.29630856903277,55.637101052637945,19,naive_seasonal_24h
138,56.229166666666664,79.25499458498919,51.01477583768139,52.39839939600865,19,naive_seasonal_24h
140,65.875,84.25358548255775,59.076459313273034,79.4898930778088,19,naive_seasonal_24h
141,47.104166666666664,58.98746335733834,60.62602266313613,61.33789074297952,19,naive_seasonal_24h
142,57.125,79.26248587236377,61.722242371708994,63.42376494052266,19,naive_seasonal_24h
143,22.354166666666668,33.00473450885494,47.42491453661889,61.9024889644675,19,naive_seasonal_24h
144,20.3125,26.50196533592682,209.41869393147584,61.730211383931454,19,naive_seasonal_24h
145,9.166666666666666,18.24257839963054,181.9276082704763,75.20659536728458,19,naive_seasonal_24h
146,3.3541666666666665,5.317032380316424,147.74386724386724,72.45210455808281,19,naive_seasonal_24h
148,43.291666666666664,75.56536905223186,336.5055903969269,67.39235751646487,19,naive_seasonal_24h
151,9.9375,15.065827779005927,52.36929829060455,47.696567501445884,19,naive_seasonal_24h
152,3.6458333333333335,4.497684589504545,121.31967515688444,75.0000199312859,19,naive_seasonal_24h
155,0.5,0.7905694150420949,57.14285714285714,81.94444444444444,19,naive_seasonal_24h
157,4.75,7.94250170496257,262.962962962963,132.90674603174602,19,naive_seasonal_24h
158,22.791666666666668,31.568708135324975,243.7067832163987,86.61218807442845,19,naive_seasonal_24h
159,1.1666666666666667,1.7795130420052185,145.2,99.46428571428571,19,naive_seasonal_24h
161,100.5625,149.53239615548196,52.623176606558495,59.82362410135328,19,naive_seasonal_24h
162,57.416666666666664,81.40613203766245,72.81349113141377,54.588942476193445,19,naive_seasonal_24h
163,58.604166666666664,87.54534539311614,52.60218856397153,56.27793100476617,19,naive_seasonal_24h
164,35.520833333333336,46.814572161525376,63.58493348255737,51.20434021848479,19,naive_seasonal_24h
165,0.5416666666666666,0.9354143466934853,90.0,83.33333333333333,19,naive_seasonal_24h
166,8.416666666666666,11.480055168276268,76.71627351110975,49.43463737734786,19,naive_seasonal_24h
167,0.9166666666666666,1.5545631755148024,63.888888888888886,86.38888888888887,19,naive_seasonal_24h
168,1.9375,2.6180463454008347,158.33333333333331,111.46103896103894,19,naive_seasonal_24h
169,0.6666666666666666,1.1547005383792515,60.0,88.51190476190476,19,naive_seasonal_24h
170,40.895833333333336,53.01355958620398,57.91564578806867,51.35584576670061,19,naive_seasonal_24h
177,1.7291666666666667,2.8540906315906183,148.6024844720497,114.92604617604616,19,naive_seasonal_24h
179,2.8958333333333335,4.437059837324712,121.89502164502164,89.33978110575474,19,naive_seasonal_24h
181,2.9375,5.460082416960389,110.42663219133809,84.4015522875817,19,naive_seasonal_24h
182,0.5208333333333334,0.9013878188659973,84.61538461538461,80.55555555555556,19,naive_seasonal_24h
186,94.8125,123.04479197972312,77.42829188597563,60.978903866353896,19,naive_seasonal_24h
188,1.9166666666666667,3.122498999199199,80.23809523809524,106.41636141636143,19,naive_seasonal_24h
189,1.3333333333333333,1.848422751068236,83.49462365591398,98.43253968253968,19,naive_seasonal_24h
191,0.8125,1.2332207155790618,93.5185185185185,96.15079365079366,19,naive_seasonal_24h
193,2.75,3.730504880933232,71.92992853707139,69.6276694438459,19,naive_seasonal_24h
195,1.0416666666666667,1.9039432764659772,92.74509803921568,79.95039682539682,19,naive_seasonal_24h
196,0.9583333333333334,1.7320508075688772,80.30303030303028,89.79166666666667,19,naive_seasonal_24h
197,2.5625,3.9973949850704855,153.94444444444446,108.19444444444446,19,naive_seasonal_24h
198,2.9583333333333335,4.881939505292269,264.0151515151515,126.01232101232101,19,naive_seasonal_24h
205,1.0625,2.0052015692526606,56.25,102.77777777777777,19,naive_seasonal_24h
209,6.979166666666667,10.073686845771347,189.53736414464328,80.0181926010713,19,naive_seasonal_24h
211,13.791666666666666,17.318102282486574,124.77465239381777,71.62759102064254,19,naive_seasonal_24h
213,0.5833333333333334,1.1726039399558574,40.74074074074074,61.944444444444436,19,naive_seasonal_24h
215,1.625,2.1505813167606567,96.2121212121212,138.88888888888889,19,naive_seasonal_24h
216,3.8125,5.242057484105517,206.33219954648524,91.20181901431901,19,naive_seasonal_24h
222,0.4583333333333333,0.9354143466934853,100.0,59.72222222222222,19,naive_seasonal_24h
223,2.8958333333333335,3.766629793329841,123.2766439909297,91.39016212545624,19,naive_seasonal_24h
224,4.666666666666667,6.509608283145768,54.94335267739896,52.637073635944894,19,naive_seasonal_24h
225,3.25,4.928657694207081,161.01673101673103,98.49146224146223,19,naive_seasonal_24h
226,4.625,5.638409941345757,84.82880344293389,67.83233739751272,19,naive_seasonal_24h
228,2.7708333333333335,4.422951503238533,212.7272727272727,119.94318317847728,19,naive_seasonal_24h
229,32.458333333333336,41.0731055558257,81.17510154270252,67.56247517786802,19,naive_seasonal_24h
230,38.9375,59.843720082673116,39.79975645710097,33.15658561221304,19,naive_seasonal_24h
231,30.333333333333332,37.203270465556294,165.64523536323455,85.31684035351897,19,naive_seasonal_24h
232,11.375,15.352795619473781,255.79447454784759,78.86476745118273,19,naive_seasonal_24h
233,18.145833333333332,25.797690465104303,58.126929910526535,53.095866550183054,19,naive_seasonal_24h
234,56.9375,70.03823360612878,160.48926909524124,85.69941237814847,19,naive_seasonal_24h
235,0.5833333333333334,1.0801234497346435,100.0,70.55555555555556,19,naive_seasonal_24h
236,102.95833333333333,133.93826314139412,73.05754234280697,88.28495491987127,19,naive_seasonal_24h
237,117.6875,148.78472983923226,90.13272926869625,87.81967275345978,19,naive_seasonal_24h
238,30.291666666666668,39.64477687329484,50.0880590015576,53.44600518402217,19,naive_seasonal_24h
239,40.791666666666664,50.881398041589485,77.44676304264141,61.45413589251607,19,naive_seasonal_24h
243,3.2291666666666665,4.25,133.61111111111111,80.18142056744998,19,naive_seasonal_24h
244,5.4375,7.310095758606723,77.61607052367921,56.35588718322496,19,naive_seasonal_24h
246,35.645833333333336,45.92679864015489,141.56313098113432,58.65013325716716,19,naive_seasonal_24h
247,1.0416666666666667,1.5275252316519468,65.35714285714286,94.44444444444444,19,naive_seasonal_24h
249,36.895833333333336,53.16503393522225,105.99977444281998,63.893588814514395,19,naive_seasonal_24h
254,0.6666666666666666,1.0801234497346435,74.24242424242424,84.02777777777777,19,naive_seasonal_24h
255,14.625,25.89723279940671,539.6567721730765,115.79795808318488,19,naive_seasonal_24h
256,8.479166666666666,15.284114847339595,319.0602188816474,95.19029918023726,19,naive_seasonal_24h
258,1.2916666666666667,2.1984843263788196,100.0,90.97222222222221,19,naive_seasonal_24h
260,2.5625,3.5207716957129347,136.31578947368422,99.36988936988935,19,naive_seasonal_24h
261,6.395833333333333,8.302860952707807,61.53265455598702,52.30998784913813,19,naive_seasonal_24h
262,34.166666666666664,51.33793269438626,63.80106927560658,75.98690077668635,19,naive_seasonal_24h
263,36.604166666666664,48.69826314493499,69.74304802927378,61.262795643124925,19,naive_seasonal_24h
264,3.3333333333333335,4.851975542669879,67.46928242583323,86.51492026492026,19,naive_seasonal_24h
265,6.041666666666667,8.04673846971554,332.2183507549362,112.68072717472872,19,naive_seasonal_24h
4,24.958333333333332,42.12283624512164,573.352771185073,79.53499117959963,20,naive_seasonal_24h
7,8.166666666666666,12.027745701779143,184.6544149078567,72.96391289103734,20,naive_seasonal_24h
10,1.4375,2.1360009363293826,67.29166666666666,88.12169312169311,20,naive_seasonal_24h
12,1.9166666666666667,2.8795254238618324,144.8148148148148,70.52170488273933,20,naive_seasonal_24h
13,19.4375,29.35735285523316,55.87430364583768,73.57365991613636,20,naive_seasonal_24h
14,1.2083333333333333,1.7199806200458578,111.36363636363636,115.67460317460318,20,naive_seasonal_24h
17,4.145833333333333,6.172857253060909,225.49255622426352,106.61013441895795,20,naive_seasonal_24h
24,5.75,7.839536550927825,101.9272813046566,49.71263825428957,20,naive_seasonal_24h
25,6.166666666666667,8.951256894984079,337.4683807872214,104.86994000151894,20,naive_seasonal_24h
26,0.4791666666666667,0.7216878364870323,84.84848484848484,88.33333333333333,20,naive_seasonal_24h
28,0.875,1.118033988749895,76.31578947368422,126.38888888888887,20,naive_seasonal_24h
33,3.6666666666666665,4.756574397610112,90.73398291934545,82.10249502819163,20,naive_seasonal_24h
35,1.6875,2.1937410968480306,99.62121212121211,134.12698412698413,20,naive_seasonal_24h
36,9.416666666666666,15.565720884901754,662.1212121212121,143.61776962583414,20,naive_seasonal_24h
37,12.395833333333334,19.665430752126095,590.8237934904602,108.82262738405264,20,naive_seasonal_24h
39,1.7708333333333333,2.4109126902482387,93.57142857142856,115.98424723424723,20,naive_seasonal_24h
40,2.2916666666666665,3.763863263545405,94.04345654345654,115.98214285714285,20,naive_seasonal_24h
41,15.958333333333334,20.545680811304354,107.9815818745389,60.827875027877106,20,naive_seasonal_24h
42,12.666666666666666,16.751865567750954,127.72912322773082,66.56441371948478,20,naive_seasonal_24h
43,10.270833333333334,14.030472788422585,50.38044975099217,41.32310396600672,20,naive_seasonal_24h
45,8.291666666666666,12.71318213509112,235.81438869203194,69.28077022387846,20,naive_seasonal_24h
48,53.291666666666664,74.57630320684983,111.21787475343518,52.13139189501814,20,naive_seasonal_24h
49,4.791666666666667,6.089608635481704,260.1461478900503,110.01409470159469,20,naive_seasonal_24h
50,22.541666666666668,29.31580915933699,256.2292247395714,68.05264002853609,20,naive_seasonal_24h
51,0.875,1.3070322617798436,88.46153846153845,109.8611111111111,20,naive_seasonal_24h
52,1.5833333333333333,2.41522945769824,71.16666666666667,108.39285714285715,20,naive_seasonal_24h
55,0.8541666666666666,1.299038105676658,88.33333333333333,88.78968253968253,20,naive_seasonal_24h
56,0.9791666666666666,1.613743060919757,77.27272727272727,108.33333333333333,20,naive_seasonal_24h
61,5.5,7.371114795831994,245.83574494288786,100.46806669778272,20,naive_seasonal_24h
62,1.3333333333333333,1.848422751068236,69.52380952380952,128.86904761904762,20,naive_seasonal_24h
63,0.9583333333333334,1.5275252316519468,43.75,96.66666666666667,20,naive_seasonal_24h
65,4.541666666666667,6.268306523030496,144.15369851644363,76.58105564742561,20,naive_seasonal_24h
66,4.75,6.557438524302,153.2435168190982,79.93301845360592,20,naive_seasonal_24h
68,49.770833333333336,62.71180776642731,124.92719233267238,53.23365948462081,20,naive_seasonal_24h
69,2.5208333333333335,4.884072754030868,153.40868196131353,111.41203703703702,20,naive_seasonal_24h
70,5.166666666666667,7.5249584716462055,55.84871433437556,68.84208491947949,20,naive_seasonal_24h
71,1.3541666666666667,1.8427786989579984,102.65432098765433,125.20833333333333,20,naive_seasonal_24h
72,1.2083333333333333,1.6832508230603465,60.76388888888889,98.39135401635401,20,naive_seasonal_24h
74,11.854166666666666,14.172302800415558,90.88545617635026,57.50766566252971,20,naive_seasonal_24h
75,16.041666666666668,20.984120980716188,94.47124542227783,55.878563110131644,20,naive_seasonal_24h
76,1.9583333333333333,2.508319490548735,99.02529761904762,105.49933862433863,20,naive_seasonal_24h
77,1.125,1.8596594670351165,125.0,110.06944444444444,20,naive_seasonal_24h
78,0.7083333333333334,1.0,79.62962962962963,109.16666666666667,20,naive_seasonal_24h
79,126.47916666666667,222.06901142062424,380.17026397070765,75.59061303050397,20,naive_seasonal_24h
80,16.520833333333332,29.67708150520645,1083.5309343434342,127.10887114718223,20,naive_seasonal_24h
82,1.7916666666666667,2.179449471770337,111.48148148148147,122.2041847041847,20,naive_seasonal_24h
83,0.75,0.9789450103725609,67.3913043478261,106.94444444444444,20,naive_seasonal_24h
85,1.3958333333333333,1.8200274723201295,95.23809523809523,114.72222222222221,20,naive_seasonal_24h
86,0.5,0.8660254037844386,83.33333333333334,72.22222222222221,20,naive_seasonal_24h
87,21.25,35.12240500497273,393.22013440628376,63.69195460247733,20,naive_seasonal_24h
88,10.833333333333334,15.01943185787443,275.9140475411232,74.26767396173892,20,naive_seasonal_24h
89,1.8333333333333333,2.3540744819709225,104.28240740740742,100.1653439153439,20,naive_seasonal_24h
90,39.4375,56.2518518213697,194.12101710870414,63.07700787341387,20,naive_seasonal_24h
91,1.0208333333333333,1.5612494995995996,84.16666666666666,107.77777777777777,20,naive_seasonal_24h
92,1.6041666666666667,2.3496453633119474,131.66666666666666,116.1111111111111,20,naive_seasonal_24h
95,1.8125,2.7348065135703234,89.14285714285714,129.63064713064713,20,naive_seasonal_24h
97,7.75,10.820505225419621,260.79998285259205,108.88856407017575,20,naive_seasonal_24h
100,31.0,37.57880608357145,115.39139622658656,59.67119618950698,20,naive_seasonal_24h
106,1.6875,2.358495283014151,122.22222222222221,138.40608465608466,20,naive_seasonal_24h
107,46.979166666666664,66.9426060144061,235.08602898687667,67.0670195588398,20,naive_seasonal_24h
112,12.770833333333334,24.040330696560726,444.0873015873017,99.74757295332222,20,naive_seasonal_24h
113,33.6875,45.6387536347492,304.236252606395,68.76725450916865,20,naive_seasonal_24h
114,56.479166666666664,101.07824939125133,398.35252564871746,72.54600602654975,20,naive_seasonal_24h
116,6.604166666666667,9.017344398435716,103.03181243122617,59.46431040242046,20,naive_seasonal_24h
117,0.5416666666666666,0.9354143466934853,87.5,75.0,20,naive_seasonal_24h
119,2.3541666666666665,4.105382645584534,95.52469135802468,125.30112044817925,20,naive_seasonal_24h
125,14.958333333333334,19.30349709249596,135.92121831798892,69.35539086813878,20,naive_seasonal_24h
127,3.125,4.252450274057691,182.22222222222223,117.67898767898767,20,naive_seasonal_24h
129,3.8333333333333335,5.507570547286102,203.026455026455,78.50038986068398,20,naive_seasonal_24h
130,2.8125,3.727711541057507,114.16564916564916,91.31339501279096,20,naive_seasonal_24h
132,50.75,70.7248188403477,27.93680678678474,23.87995830143355,20,naive_seasonal_24h
134,1.5,2.179449471770337,94.04761904761905,110.1984126984127,20,naive_seasonal_24h
137,23.916666666666668,31.873447674618863,124.54164220600275,52.16692257757007,20,naive_seasonal_24h
138,37.854166666666664,53.71859547679928,36.91404517216629,49.316098411104896,20,naive_seasonal_24h
140,61.604166666666664,78.10129640409306,84.12324981389982,74.38813156784154,20,naive_seasonal_24h
141,42.729166666666664,52.359932200108894,168.2307944032442,62.40307582130283,20,naive_seasonal_24h
142,45.0625,72.39230506989905,75.86723098657295,51.11415616807233,20,naive_seasonal_24h
143,18.729166666666668,28.455008346510812,118.30263869981812,52.88554133754352,20,naive_seasonal_24h
144,44.541666666666664,69.57100689223924,661.9010433585672,76.77266887931046,20,naive_seasonal_24h
145,8.291666666666666,12.563173696695168,150.08658008658006,67.05917450429666,20,naive_seasonal_24h
146,3.7083333333333335,5.131601439446884,134.23864894795128,72.79796907312387,20,naive_seasonal_24h
148,85.27083333333333,156.20372648137004,506.6054360378666,79.33468011717768,20,naive_seasonal_24h
151,13.604166666666666,17.575432664185918,79.42503771666605,45.95620939536431,20,naive_seasonal_24h
152,4.958333333333333,6.3508529610858835,199.3076902496759,83.73571670656294,20,naive_seasonal_24h
155,0.1875,0.47871355387816905,100.0,33.333333333333336,20,naive_seasonal_24h
157,6.833333333333333,11.532562594670797,731.25,153.25851965636912,20,naive_seasonal_24h
158,36.1875,58.5304407979301,655.0178878043862,74.53311376292416,20,naive_seasonal_24h
159,1.0833333333333333,1.620185174601965,83.33333333333333,105.0,20,naive_seasonal_24h
161,128.70833333333334,184.95810336397807,72.47829406342171,68.05246946660799,20,naive_seasonal_24h
162,93.60416666666667,118.49797818247083,84.0419008667471,71.4655455383962,20,naive_seasonal_24h
163,47.666666666666664,67.43268248161768,102.65723047667157,49.81464996145206,20,naive_seasonal_24h
164,47.958333333333336,63.065442200939174,130.68320666649254,60.57873158361491,20,naive_seasonal_24h
165,0.3333333333333333,0.7359800721939872,83.33333333333334,43.05555555555555,20,naive_seasonal_24h
166,10.229166666666666,13.87068251144598,79.38980195652694,54.56661124182841,20,naive_seasonal_24h
167,1.1458333333333333,1.7618645426554977,47.5,119.16666666666667,20,naive_seasonal_24h
168,2.5833333333333335,3.2015621187164243,109.8623511904762,109.99262311762311,20,naive_seasonal_24h
169,1.0,1.5275252316519468,46.42857142857143,116.38888888888887,20,naive_seasonal_24h
170,50.6875,66.60908972004746,92.81965859041571,53.80350114898681,20,naive_seasonal_24h
177,1.75,2.622022120425379,74.23076923076923,121.69642857142856,20,naive_seasonal_24h
179,2.7916666666666665,3.7472211926528525,119.08902691511388,74.20315863330569,20,naive_seasonal_24h
181,5.270833333333333,8.120190884455857,196.60094086515494,120.55949857899985,20,naive_seasonal_24h
182,0.6666666666666666,1.3844373104863459,76.33928571428572,65.34722222222221,20,naive_seasonal_24h
186,97.6875,112.4760159619226,127.27543504686751,71.91514750671683,20,naive_seasonal_24h
188,2.2708333333333335,2.9895651857753496,142.32947232947234,102.71087708587709,20,naive_seasonal_24h
189,2.2291666666666665,3.2691742076555053,120.40816326530613,107.67857142857143,20,naive_seasonal_24h
191,0.7708333333333334,1.181453906563152,91.66666666666666,96.94444444444444,20,naive_seasonal_24h
193,2.7708333333333335,3.6543353248801163,58.40853590853591,93.11142131575569,20,naive_seasonal_24h
195,1.8541666666666667,3.1655699855370965,131.0,105.08928571428571,20,naive_seasonal_24h
196,0.9375,1.3307266185559425,63.74999999999999,115.0,20,naive_seasonal_24h
197,1.6666666666666667,2.111476576553321,126.3425925925926,90.14880952380952,20,naive_seasonal_24h
198,3.1041666666666665,4.589389937671455,265.4761904761905,126.18106430606429,20,naive_seasonal_24h
205,0.75,1.20761472884912,88.46153846153845,105.55555555555554,20,naive_seasonal_24h
209,9.020833333333334,13.766656577881696,209.3297821179653,78.2463052445986,20,naive_seasonal_24h
211,24.041666666666668,34.44077041337297,578.2182315064229,75.05996019383785,20,naive_seasonal_24h
213,1.0208333333333333,1.479019945774904,69.44444444444446,117.5,20,naive_seasonal_24h
215,0.9583333333333334,1.3070322617798436,67.20430107526882,107.63888888888887,20,naive_seasonal_24h
216,1.75,2.309401076758503,78.91472868217053,67.87728475228475,20,naive_seasonal_24h
222,0.20833333333333334,0.45643546458763845,83.33333333333334,41.666666666666664,20,naive_seasonal_24h
223,3.2708333333333335,4.736823830374104,151.6269841269841,88.27441077441078,20,naive_seasonal_24h
224,9.0625,11.836560592784826,197.79727932289887,79.53588298159475,20,naive_seasonal_24h
225,4.5,5.488624600025037,171.00535429482798,108.49855006105004,20,naive_seasonal_24h
226,3.3333333333333335,4.373213921133975,84.1161963036963,46.97193485479022,20,naive_seasonal_24h
228,2.1458333333333335,3.158981903504144,109.77011494252874,109.15584415584415,20,naive_seasonal_24h
229,32.1875,40.257245724631154,112.2440962741889,60.95037195493672,20,naive_seasonal_24h
230,57.354166666666664,83.93313310804818,89.59702821321501,49.3078228653275,20,naive_seasonal_24h
231,40.541666666666664,53.974145044950305,366.93141565843143,75.41083586560235,20,naive_seasonal_24h
232,12.770833333333334,17.045893933730785,243.40454575023074,74.98825063230645,20,naive_seasonal_24h
233,18.770833333333332,23.82969086385022,102.24514195296636,51.62116388277315,20,naive_seasonal_24h
234,73.77083333333333,95.99164460167006,200.7494347878367,77.96706031545177,20,naive_seasonal_24h
235,0.9791666666666666,1.4505745987941008,77.77777777777777,101.38888888888887,20,naive_seasonal_24h
236,94.79166666666667,123.90251544393008,90.74994108113917,72.50538926339611,20,naive_seasonal_24h
237,112.5,136.70863176844395,107.53841270799394,80.43309404704091,20,naive_seasonal_24h
238,21.6875,30.276847590196706,99.28601252297065,47.64570299046185,20,naive_seasonal_24h
239,34.520833333333336,46.072632874625256,176.00039232698487,53.196646729908075,20,naive_seasonal_24h
243,4.375,5.299371031861549,211.5025252525253,92.84221626980577,20,naive_seasonal_24h
244,7.145833333333333,10.09228253006557,116.0156036580124,65.22935205979375,20,naive_seasonal_24h
246,47.125,62.43429880015204,293.55803234507374,67.79325215638202,20,naive_seasonal_24h
247,6.145833333333333,12.490829969755145,119.17513484100961,131.05129467164042,20,naive_seasonal_24h
249,77.22916666666667,133.5170869214873,238.3256900759871,70.31175140843379,20,naive_seasonal_24h
254,0.625,1.0408329997330663,37.03703703703704,68.88888888888887,20,naive_seasonal_24h
255,22.458333333333332,38.70077518603471,477.82996194117817,118.03879471577049,20,naive_seasonal_24h
256,13.958333333333334,21.13843261297614,554.3432740099406,111.4696862585384,20,naive_seasonal_24h
258,1.1458333333333333,1.506928443335427,81.86274509803921,129.58333333333334,20,naive_seasonal_24h
260,2.5416666666666665,3.253203549323856,139.95934959349594,99.83299108299109,20,naive_seasonal_24h
261,9.854166666666666,13.412525240734249,143.09181246397532,59.50768716596887,20,naive_seasonal_24h
262,29.4375,45.23848840681277,87.03441981344228,57.637628388303085,20,naive_seasonal_24h
263,38.666666666666664,51.015928885006105,145.32734336569789,58.424335129121175,20,naive_seasonal_24h
264,2.7916666666666665,3.685557397915997,54.058956916099774,65.5187477482285,20,naive_seasonal_24h
265,3.3125,4.090130397269342,246.9736842105263,109.3309237059237,20,naive_seasonal_24h
4,8.407725495455265,10.74311240092553,122.06770607440956,59.702643714233204,1,lightgbm_raw
7,10.450936761999126,13.354734785689207,173.3098097618995,75.93156383321092,1,lightgbm_raw
10,1.794916467684993,2.634748728653602,57.122107365699236,75.26271002586277,1,lightgbm_raw
12,1.6232376031172329,1.971109302903335,88.12486076855801,153.87813359981718,1,lightgbm_raw
13,28.699378880476175,39.00165630733882,75.67485452731594,121.8116468193427,1,lightgbm_raw
14,1.6349326763653969,2.2307742088336107,59.35582272891109,94.76982473226292,1,lightgbm_raw
17,1.9529834331155955,2.424821817312299,49.64494175197214,58.96051126330273,1,lightgbm_raw
24,5.797961171923686,7.320207205893339,56.412365940267215,51.01888656591607,1,lightgbm_raw
25,7.348113452264216,9.436598351101678,166.15567411628882,94.39904877638729,1,lightgbm_raw
26,1.6766986750469524,2.139718907238485,84.91478882359867,92.51972969510024,1,lightgbm_raw
28,1.5896984496608517,1.8876702162994097,104.75163391960191,102.56687038855841,1,lightgbm_raw
33,4.517007121924647,5.807332104606582,103.90494926603708,79.95347571461134,1,lightgbm_raw
35,2.652603333852875,3.665893223722182,45.32318074297951,81.96164713535215,1,lightgbm_raw
36,7.19014090097248,9.057805935552205,331.97065852288057,112.02012945681234,1,lightgbm_raw
37,6.469269148801053,8.72983662960752,168.56061306529068,82.6581166741684,1,lightgbm_raw
39,3.428195639800603,4.793519364054808,50.52258988500338,101.82675233552567,1,lightgbm_raw
40,1.438370521008605,1.7685410437699889,93.11786672518853,110.80889355269498,1,lightgbm_raw
41,8.352211759115248,11.508977809873743,49.424464256798906,37.44620957515537,1,lightgbm_raw
42,7.353005409166507,11.053636387281234,51.47246599404093,46.42296401670756,1,lightgbm_raw
43,36.044993991855016,52.386315772076145,83.19764198295809,84.95208240845308,1,lightgbm_raw
45,16.255033838819916,19.94266869042198,250.8082387958445,102.29974919463996,1,lightgbm_raw
48,21.397227040189676,29.932595142192966,24.008299586062307,30.60410841802222,1,lightgbm_raw
49,3.3239917258268767,4.3292249524365936,115.65385358668682,80.27956397647257,1,lightgbm_raw
50,15.27061253081069,24.137417849818085,54.56514350070775,49.21005531487098,1,lightgbm_raw
51,1.7764854092812843,2.1530052936775017,87.12950049799119,105.6631962324954,1,lightgbm_raw
52,1.5052203270536377,1.8836696600430438,64.9742720296353,101.21650438223098,1,lightgbm_raw
55,1.5488778052027783,2.083207653926098,56.58438804051122,97.29082786485567,1,lightgbm_raw
56,1.6861760075093855,1.9699417384738935,101.76211083887041,109.08505612074572,1,lightgbm_raw
61,5.1942389231569015,7.521455942566759,77.16058570870305,64.01333554739158,1,lightgbm_raw
62,1.5249265416060205,2.064449192578314,77.39037792717825,71.75349759009735,1,lightgbm_raw
63,1.3658458388867103,1.6110528749029178,83.5084729771681,96.08429117799606,1,lightgbm_raw
65,4.396360784582732,5.3901521474066865,98.73612847911207,76.53713232718293,1,lightgbm_raw
66,5.563586001859089,6.763795437146854,200.03612114893724,103.48584828626836,1,lightgbm_raw
68,18.46623369558051,23.688222830024717,27.788348629500298,23.951390368775645,1,lightgbm_raw
69,1.3091385857665376,1.7715187457194137,39.74352488782972,87.28882252340902,1,lightgbm_raw
70,25.21593536604915,31.121851169207844,422.20675282433956,116.25005130041939,1,lightgbm_raw
71,1.9809922930428279,2.8185632638529623,41.7867090915514,80.35337923457585,1,lightgbm_raw
72,2.3709894424673212,3.4113022933340216,42.78119699838301,95.99818342119575,1,lightgbm_raw
74,6.245099999642979,8.784828661390181,39.214211528217916,37.40855304016002,1,lightgbm_raw
75,26.12809864666546,33.08825332705693,71.68594027598813,66.00824430197729,1,lightgbm_raw
76,4.461998132070657,5.391728794079715,94.16818194784373,71.7246312765437,1,lightgbm_raw
77,1.2765731671030374,1.6321847984186724,47.342917205499496,90.13231201298329,1,lightgbm_raw
78,1.4411614937604427,1.7208523659873884,84.3311053527748,97.91930420573398,1,lightgbm_raw
79,18.135277874413063,25.87780259805149,27.22955989087248,26.754072207048,1,lightgbm_raw
80,6.580396945884445,8.8636434713627,254.81387716533516,98.67418663132975,1,lightgbm_raw
82,4.974174644095336,5.9999653208160115,300.34171299697346,92.90594545793802,1,lightgbm_raw
83,2.226989148595106,2.614906559189855,133.51123085066857,136.3044061204657,1,lightgbm_raw
85,1.246447843211302,1.4830232948284976,57.16536702737951,80.56312479713374,1,lightgbm_raw
86,1.2324169030520107,1.6072002055920978,53.42000123010982,89.23815536830767,1,lightgbm_raw
87,11.77575471694661,15.67073801990248,69.35555399799617,62.124326407709326,1,lightgbm_raw
88,8.066245904380203,11.067325922382858,98.7185612805526,68.78144207567938,1,lightgbm_raw
89,3.6354335998306175,5.201617691960118,49.73196812148045,87.42279486489703,1,lightgbm_raw
90,14.264879307876198,19.66418582164387,38.377871567310386,32.21214223784499,1,lightgbm_raw
91,2.2706484648859173,3.0921897893896326,53.27227081237167,85.80266715748103,1,lightgbm_raw
92,2.319678358852108,2.864028026729305,125.09728920786625,109.59867222362946,1,lightgbm_raw
95,2.161444431056872,2.7689665781815056,76.70305966157564,72.09081396772685,1,lightgbm_raw
97,4.690878557357521,6.010685403046016,109.41806781591812,79.71372897970032,1,lightgbm_raw
100,18.995386113702423,24.64972675353702,29.29448586752068,27.984474849700316,1,lightgbm_raw
106,1.9381488183568727,2.4160896729241963,110.94235662888832,110.69750340263857,1,lightgbm_raw
107,28.653379003,35.80367049288397,39.08653494596273,42.015282826227086,1,lightgbm_raw
112,17.32072876864015,20.854996054383186,513.1386452293126,125.82305638592823,1,lightgbm_raw
113,20.05885427830182,28.335536059889307,82.79925860560029,51.58224645417895,1,lightgbm_raw
114,23.766038739243687,28.952964715612946,110.3496445755025,59.843387868582475,1,lightgbm_raw
116,7.102143401577057,9.186668718157568,92.67732390801714,66.33180207511934,1,lightgbm_raw
117,1.3916627720518016,1.6971676997143994,51.217625470060504,105.29543781652394,1,lightgbm_raw
119,1.3436020144504355,1.5249351416600516,84.73911202095897,113.5635558159459,1,lightgbm_raw
125,9.762433335318013,11.780362736436029,84.45187957733245,54.96905919102557,1,lightgbm_raw
127,1.7497296307779813,2.161508608709905,83.95576204424955,79.16533791789617,1,lightgbm_raw
129,8.613506184783779,10.318704137474098,241.5754848244308,88.0312075007414,1,lightgbm_raw
130,3.704802767580322,4.727177877010908,135.72334780679975,64.38443013662426,1,lightgbm_raw
132,65.78014841878097,87.45007479106053,39.24204955075637,37.7729230346211,1,lightgbm_raw
134,1.706546856232041,1.9880214584970912,118.69745049469668,118.68686739721248,1,lightgbm_raw
137,13.803617415011571,19.608114111132746,37.90655078535906,32.07278964122036,1,lightgbm_raw
138,60.72633986586643,78.07165745509413,562.3961400597635,68.27166057482957,1,lightgbm_raw
140,54.69700599945562,74.1981521792176,49.316848315901886,49.24169834148743,1,lightgbm_raw
141,38.666913660691144,51.11728969679919,33.61396355948321,38.003591732436426,1,lightgbm_raw
142,32.327334908814926,50.170036129318575,43.448485797992745,34.58488682795582,1,lightgbm_raw
143,19.397399562725163,29.345441799505817,46.48372929087892,40.77490938496779,1,lightgbm_raw
144,15.5911348427154,18.94795608815268,125.83469407928025,61.91435671030579,1,lightgbm_raw
145,11.95419498479824,15.407678345501772,174.80365171325965,78.02101910123812,1,lightgbm_raw
146,2.8170045285821232,3.4119985974605203,82.02518568569845,73.93102117312365,1,lightgbm_raw
148,14.37013972959596,18.54746806946849,64.1609699406315,52.24659049797801,1,lightgbm_raw
151,14.38704660465777,19.387708773942933,53.39031822812687,39.8098295857107,1,lightgbm_raw
152,3.920500954545647,5.360695223215127,61.10031894830876,68.65431576226187,1,lightgbm_raw
155,1.1162092959098546,1.3613465533002427,42.10584611128315,96.42831651935212,1,lightgbm_raw
157,7.373086975875386,8.663798463652567,478.7442163115205,154.35497834256907,1,lightgbm_raw
158,20.282728522060612,27.304398286663414,142.59466440583626,67.33911552994073,1,lightgbm_raw
159,1.4079897215159967,1.737313232968541,77.95037420824465,96.80821439587048,1,lightgbm_raw
161,157.12300731081385,227.6023139278996,56.46743827602969,62.88604415215648,1,lightgbm_raw
162,107.29446642625105,147.4078629748268,65.31811216729493,65.30194882047573,1,lightgbm_raw
163,41.505298192612905,57.78297512195891,63.824088320300184,41.38294483627905,1,lightgbm_raw
164,39.15488212920558,53.47981295925776,59.24283072596599,48.39822006026492,1,lightgbm_raw
165,1.576092140493784,2.0057963871688282,75.23611986370527,100.52834356619583,1,lightgbm_raw
166,15.570623213963572,21.64611561195017,69.72537200990534,51.00077459238481,1,lightgbm_raw
167,1.5301656349506683,2.078326619484484,50.84361083101483,110.59862680670851,1,lightgbm_raw
168,2.361405344003844,3.215816452563966,61.79391353376923,77.16104164959383,1,lightgbm_raw
169,1.2576180373376962,1.5178242240379707,69.39920035092668,104.66688870724606,1,lightgbm_raw
170,63.76027412520248,82.00283987092224,63.40227833677733,55.737763068747235,1,lightgbm_raw
177,2.5436644823962045,3.6181767879349325,63.20249122201814,84.82176648324946,1,lightgbm_raw
179,1.5650556006804122,2.0429867875336574,63.28860527344877,68.58980332724012,1,lightgbm_raw
181,8.242884777937457,9.769536465233717,212.10768729356224,93.88750323924164,1,lightgbm_raw
182,1.476520667393692,1.9884188911172636,55.663974869580116,114.9330795247942,1,lightgbm_raw
186,48.044238556716095,61.473060117078056,41.32252699780442,37.79993977360896,1,lightgbm_raw
188,3.7782471670373035,4.933699832410684,53.166425096874946,81.5877602689152,1,lightgbm_raw
189,2.576945364286424,3.162361133988854,144.0775229340769,99.35467319791583,1,lightgbm_raw
191,1.5955484390817232,1.9300657325309243,94.0455705825439,116.0062013582622,1,lightgbm_raw
193,2.228922631945116,3.179815742498148,39.01179715803288,80.93524675833699,1,lightgbm_raw
195,1.850093069439188,2.323889092593705,135.90090543117762,116.03395043934238,1,lightgbm_raw
196,1.5411034909068348,1.8113307037104043,106.72860120708168,106.88120669309156,1,lightgbm_raw
197,2.291386924881054,3.2180917304824,90.83586003130938,83.3067822613709,1,lightgbm_raw
198,2.369665864053023,2.8581691832942515,136.26249124469564,108.81677109640789,1,lightgbm_raw
205,1.356135899918255,1.9740333786436166,37.0463904571868,101.82805216063907,1,lightgbm_raw
209,8.231299482016373,10.565286567414377,180.0985393341476,81.19906102580832,1,lightgbm_raw
211,28.51725990270206,34.657635522191406,190.758621011482,90.03110721889361,1,lightgbm_raw
213,1.2093739433825696,1.580796225097069,42.44388581747125,91.79253035138352,1,lightgbm_raw
215,1.1494944273750236,1.5860658839015362,48.88133155333695,85.02744434068455,1,lightgbm_raw
216,1.917226515718758,2.399340739088022,54.515949591659286,70.40357700680352,1,lightgbm_raw
222,1.3871904448813588,1.7707186668914099,60.9110764172028,106.8807430152192,1,lightgbm_raw
223,3.2596062042736293,3.919272837514174,120.8875476003997,98.72329358077529,1,lightgbm_raw
224,5.105546879191164,6.942587948918228,59.71667342625825,64.38586726209603,1,lightgbm_raw
225,2.741598738339595,3.965095594441198,43.71792920423403,64.61595593232029,1,lightgbm_raw
226,5.1144316765497875,7.2252476699037045,73.94595340792176,50.65078087258427,1,lightgbm_raw
228,2.20664158164307,3.006104185232701,94.12872197949123,102.07928120084266,1,lightgbm_raw
229,21.19309841552257,29.05147804433561,61.842320422035,36.53643312582722,1,lightgbm_raw
230,56.81678734852212,89.47948620526383,48.78751609706887,45.19258508656555,1,lightgbm_raw
231,18.704117151275806,27.4327401751355,88.10918971062144,48.575774405969035,1,lightgbm_raw
232,10.580431567700495,13.935208633042397,137.46973228552318,71.52768883806941,1,lightgbm_raw
233,23.899820160308593,30.52650140417662,102.42230107382116,64.50007289103839,1,lightgbm_raw
234,57.28151565564189,82.42907486974188,64.52977084217491,50.1368077558489,1,lightgbm_raw
235,1.4423285342401948,1.8552302467832957,41.38527589286707,114.89478628745947,1,lightgbm_raw
236,125.42911570295246,162.50741299460623,72.44696021553453,69.74650233695183,1,lightgbm_raw
237,168.54381394194453,211.22127355028877,79.48498990415352,82.13227522188443,1,lightgbm_raw
238,43.54574467240251,58.69705221981958,70.41451656647583,55.52835358427034,1,lightgbm_raw
239,32.67866401424023,45.06793340645994,52.36981899343907,38.50532277918655,1,lightgbm_raw
243,2.9484054110301106,3.8216941331236334,59.31718033135458,70.01723529098183,1,lightgbm_raw
244,6.790539624377339,8.693817373022377,103.50846038164234,61.70742929686517,1,lightgbm_raw
246,42.06224226299985,53.77086619954361,96.56391163543292,64.50048680401898,1,lightgbm_raw
247,1.4568607880027624,1.869493026770469,77.56154451599839,81.59580778681827,1,lightgbm_raw
249,20.252185441583183,29.145968789820067,32.430399014571684,29.565744833847614,1,lightgbm_raw
254,1.385790002481165,1.7658556879631326,52.52839582889612,93.86592821313563,1,lightgbm_raw
255,29.795283262226857,35.810776168760015,1310.1394744245829,143.6344999319097,1,lightgbm_raw
256,22.418545801123354,26.96332913785245,547.0212581413266,125.08605629829827,1,lightgbm_raw
258,1.5000495581633884,1.8381409334317969,82.19242248267382,107.96290382547666,1,lightgbm_raw
260,6.372644498660598,7.774123649486399,327.41054378159896,112.26633683417009,1,lightgbm_raw
261,9.118893795951811,11.82834618440434,100.10271730488043,73.73204885506426,1,lightgbm_raw
262,54.46024115543787,73.5028067282021,83.22057009722256,88.78155608437153,1,lightgbm_raw
263,18.51153373843552,26.595718026955286,29.664417725254992,26.456107696320714,1,lightgbm_raw
264,3.9328146419379135,5.529746029167748,64.28284199978704,86.6694114003257,1,lightgbm_raw
265,1.9336716853983553,2.5428572802034815,106.85156562053709,91.05284897297709,1,lightgbm_raw
4,14.498038808165097,18.173675653766985,258.867861180698,86.22445635179035,2,lightgbm_raw
7,17.709132094486353,22.402236501165476,243.4908486460841,92.06413113894088,2,lightgbm_raw
10,1.6438871048620387,2.244688325842175,57.74468812991383,81.05046477014706,2,lightgbm_raw
12,1.7371241859335564,2.2626743389850863,73.31196657353341,139.9950847274167,2,lightgbm_raw
13,27.182957497651476,36.90321402578858,76.11959248733339,123.87745681271254,2,lightgbm_raw
14,1.5212292608315916,2.0859618493032674,45.71911140714817,93.97093432764645,2,lightgbm_raw
17,2.9581413919361026,4.0805525528866955,49.97074072097807,75.56571906703228,2,lightgbm_raw
24,7.146210690224268,9.921109199658611,75.64628326425692,51.041921419066476,2,lightgbm_raw
25,3.9767960573556844,5.356612454049588,107.72470608443192,82.43880934438916,2,lightgbm_raw
26,1.6472226503379943,2.2184884677639936,74.09036206921856,107.11955424511768,2,lightgbm_raw
28,1.4801918108128114,1.7788753882303698,81.31885242142745,100.75431028315643,2,lightgbm_raw
33,3.002702825027774,4.157745827010718,58.06008093884812,72.18196198376866,2,lightgbm_raw
35,2.9931831389894215,4.520740587902005,52.742615238337024,79.58798024582273,2,lightgbm_raw
36,7.029877944604863,9.534900306879097,332.9342720616403,116.76453996751782,2,lightgbm_raw
37,4.4431972687207315,6.19011482555304,121.99460194427203,64.63687015855406,2,lightgbm_raw
39,4.064982314236991,5.971505312529121,55.30185319601802,98.51236577572733,2,lightgbm_raw
40,1.5157479955589415,2.1518840998370976,66.13268937536063,109.00791699187072,2,lightgbm_raw
41,6.595505801882626,8.859078877686743,35.80937135922713,33.442661948210436,2,lightgbm_raw
42,14.577792048680164,18.653662575920535,89.51832779329143,60.3259126267998,2,lightgbm_raw
43,19.180315336102,26.790242869006587,131.9724100651681,59.28682030215233,2,lightgbm_raw
45,15.125179317968952,18.43810243757356,263.44725732592434,97.50851787865646,2,lightgbm_raw
48,24.68918889474342,29.747086579675212,29.35819459201318,35.43123774782746,2,lightgbm_raw
49,2.949035023472877,3.6126999607222894,95.23561232239804,78.55793584126879,2,lightgbm_raw
50,18.263310976184297,23.07161347061206,82.13148466723669,52.55652918544637,2,lightgbm_raw
51,1.6179164345550834,2.120294217127665,90.33770160411156,92.27178276745421,2,lightgbm_raw
52,1.5109525508032136,1.983891127981614,83.7526976084411,94.96708334892675,2,lightgbm_raw
55,1.347901229878321,1.6371576382461053,52.2048181218856,93.10702519987036,2,lightgbm_raw
56,1.4093176141818249,1.7210191051025088,93.75541406339437,100.94003000135454,2,lightgbm_raw
61,4.409775651081943,5.662724481153532,68.19755741280409,57.12136081673791,2,lightgbm_raw
62,1.447995759595397,1.8472866474052765,52.65266655841361,76.56177083481326,2,lightgbm_raw
63,1.5343243962011213,2.654513807097937,47.695691416186406,84.56663565374294,2,lightgbm_raw
65,4.298953182197675,6.27057363716589,68.80227299306215,81.28257762266621,2,lightgbm_raw
66,5.433151498810331,6.9576869227754665,199.4556599025334,100.81864302534348,2,lightgbm_raw
68,18.438180142754817,24.691963352386328,35.04156525008844,27.09571075680728,2,lightgbm_raw
69,1.520679766464351,2.005275772121773,52.07687454453524,101.41554401418819,2,lightgbm_raw
70,14.235655843817886,18.749538641853036,259.01345377775453,86.63003860754601,2,lightgbm_raw
71,2.1187551590221525,2.99072756676989,53.73794751978781,89.84746403454913,2,lightgbm_raw
72,2.311052512312075,3.587676515592458,58.10549089884694,85.68958728535169,2,lightgbm_raw
74,10.664686468179015,13.912211620193226,73.73401985082378,47.60285335517667,2,lightgbm_raw
75,13.594676751371345,18.020419602567184,45.391465617148704,39.79604492110773,2,lightgbm_raw
76,5.792578753735094,8.619279686125502,62.413537905680414,90.80570496771152,2,lightgbm_raw
77,1.2840889142871206,1.9365417168225172,55.877853940166,77.72440955021104,2,lightgbm_raw
78,1.1470128047602821,1.4220085914968488,61.77238359362332,108.64153147795741,2,lightgbm_raw
79,20.982765717186854,31.817633753133695,38.61287233319581,31.753904180148908,2,lightgbm_raw
80,16.06089700773811,19.448056472140436,763.254639641111,132.6443131684109,2,lightgbm_raw
82,5.1745391590689,7.353635642410526,143.10495858568163,96.81143526321888,2,lightgbm_raw
83,2.10362758527706,2.79036572990864,140.6269946167619,127.20465942742096,2,lightgbm_raw
85,1.131917889407216,1.4425440636827283,50.12488474515977,88.32868077671678,2,lightgbm_raw
86,1.4574850469023801,1.7835637216420537,63.934480580552844,113.6028496288262,2,lightgbm_raw
87,13.16339915472995,16.471070462142062,115.23121806288673,61.400543468638965,2,lightgbm_raw
88,12.673229878330362,15.132695195708786,180.48713475080888,86.59170598949315,2,lightgbm_raw
89,3.622500321524478,5.169344291565778,50.86269297782415,84.18814068738469,2,lightgbm_raw
90,15.866658038778867,22.414073183117974,32.65157457692425,29.487125610804167,2,lightgbm_raw
91,2.3897751587333027,3.7379707091251184,48.00449533356044,81.86525674900642,2,lightgbm_raw
92,2.5021955538915326,3.1960845656329258,162.6978028729431,117.93728381622007,2,lightgbm_raw
95,4.375441441460092,10.28998539964028,72.5478369073947,91.16991644079677,2,lightgbm_raw
97,10.879315769520327,12.825989343076921,255.8132855625005,106.9177758971199,2,lightgbm_raw
100,27.046960412218663,35.85898993370843,67.30678317538262,40.460636779723906,2,lightgbm_raw
106,2.080818328073543,2.572543804388401,129.1224513291098,122.18351760321862,2,lightgbm_raw
107,18.208045488242742,22.457036676796267,33.00521158876266,31.831631543048427,2,lightgbm_raw
112,16.933509139564958,20.267040702214466,674.7912513082979,134.1470591790405,2,lightgbm_raw
113,15.114818400637686,20.019366185559296,79.58766356144253,45.219576310590185,2,lightgbm_raw
114,17.652877364869827,21.458800243612846,97.24870253013069,47.51277091157905,2,lightgbm_raw
116,6.862537653630587,9.262098590245463,60.81978645357121,91.65152266700493,2,lightgbm_raw
117,1.166391502438009,1.4728634716081845,68.02078061135653,101.78141876074001,2,lightgbm_raw
119,1.242275072091638,1.4954299033604397,69.55958648296188,108.07754909219754,2,lightgbm_raw
125,14.392749340388775,18.316163813336274,92.04853080030854,64.346257354402,2,lightgbm_raw
127,1.6119804199663033,1.9582720933832283,72.58887696443568,86.25500715695034,2,lightgbm_raw
129,16.26567963527606,19.712906606042022,426.745484829204,108.80451999924803,2,lightgbm_raw
130,4.616002978138101,5.530633667677353,149.49739893399797,70.84825993219204,2,lightgbm_raw
132,54.15929097201437,69.48347508877585,56.887534476150456,33.71522261755682,2,lightgbm_raw
134,1.6655418584802233,2.007297675219605,104.24504208240684,123.40974653129155,2,lightgbm_raw
137,9.953917191812613,13.564939252087955,33.44247495487257,26.870162028128547,2,lightgbm_raw
138,57.7875786818848,74.0280058520174,379.8090216429117,65.0313231851831,2,lightgbm_raw
140,46.31173446465494,62.86976377419714,48.71130880066225,46.859021227717015,2,lightgbm_raw
141,21.25474096281494,27.56393998379896,28.981547925315727,27.810442099268545,2,lightgbm_raw
142,36.00788280210656,62.83393251924647,70.88800905988619,39.13373511245536,2,lightgbm_raw
143,22.693447428677,31.15179861929905,44.07635350479407,51.79930575649479,2,lightgbm_raw
144,27.924760708295704,33.57037810503649,152.82027957199605,77.21113077780079,2,lightgbm_raw
145,10.13935443054343,15.257635355419563,121.67885654722058,71.48903127388877,2,lightgbm_raw
146,9.291122211221838,11.799543301399417,326.805892731446,97.15952340335149,2,lightgbm_raw
148,14.401096537906646,19.749728315849346,55.37494194364959,47.95541619962509,2,lightgbm_raw
151,18.41310549011906,24.419537000179623,59.8942466691803,49.92353974744933,2,lightgbm_raw
152,4.645457132190557,6.658959545760605,53.70288056235805,87.49840972007235,2,lightgbm_raw
155,1.0239612195851229,1.4034060268461845,47.07820917501417,87.42184297866056,2,lightgbm_raw
157,1.8740168089395148,2.319516050213709,142.49592540026356,119.53883127971547,2,lightgbm_raw
158,37.06305760172712,46.42991636073265,173.48298878126081,77.47687800083828,2,lightgbm_raw
159,1.0960870234447853,1.5805572487645625,62.96651214040103,67.57112713045692,2,lightgbm_raw
161,143.4077374233134,197.20078512941132,104.19765377493053,79.70791411060891,2,lightgbm_raw
162,60.9427986053895,87.31274136837752,60.85605224776912,41.92946703358132,2,lightgbm_raw
163,30.323657938362633,42.50944543704723,83.70411649142909,41.20142124269298,2,lightgbm_raw
164,31.733299217927822,41.49060932778489,48.55021383256306,46.722118569310254,2,lightgbm_raw
165,1.1268281556419135,1.4019824880299123,71.04440494865172,95.02899427880125,2,lightgbm_raw
166,10.731062279768809,14.076043961505396,68.55509616637634,43.19978197675525,2,lightgbm_raw
167,1.2668462331768664,1.7174538888707842,59.370212245623144,115.60474158696412,2,lightgbm_raw
168,2.132075105381112,2.7592562709950665,77.04720984434131,68.57236011177845,2,lightgbm_raw
169,1.241657266369778,1.5199688430703076,94.3263444777343,105.31327176757877,2,lightgbm_raw
170,29.6983837868038,38.33975089374277,43.69660321279629,30.045160661045003,2,lightgbm_raw
177,1.9331684135595912,2.6774720943003523,49.61975859178759,80.26645091734883,2,lightgbm_raw
179,2.639271338006601,3.4570196852504935,109.10913608206334,72.43269158695152,2,lightgbm_raw
181,13.548813796756326,15.902449081157167,369.5217141665526,118.17555841934727,2,lightgbm_raw
182,1.7993890426204804,2.6053924367163943,71.99605023571671,106.24021221492337,2,lightgbm_raw
186,36.71852049725232,49.18277167664132,66.44534079764246,38.765505000484005,2,lightgbm_raw
188,3.789604578088993,5.279218487530418,49.98603997936106,76.84600768435799,2,lightgbm_raw
189,2.214646949754948,2.800879491951476,124.039816365495,96.04633745633468,2,lightgbm_raw
191,1.3506870535347446,1.7750331587730348,77.04327392563535,113.4575706041752,2,lightgbm_raw
193,2.964787364131304,4.060696805975646,57.28077866539132,86.42751499813524,2,lightgbm_raw
195,1.5411091423462622,1.8877182428591703,103.1671474845205,115.83809750377685,2,lightgbm_raw
196,2.100041464388856,2.750358187522939,120.73936383700715,102.84980894869175,2,lightgbm_raw
197,1.8568505632011594,2.989280165804504,57.196909666198096,69.04901597635116,2,lightgbm_raw
198,1.5174073445251253,1.914948778647314,68.03583090243532,101.62147007278878,2,lightgbm_raw
205,1.3432703661044305,1.732361431635326,66.20220688230788,90.79045189986392,2,lightgbm_raw
209,13.707073927109455,17.205901526285395,338.3396297251999,102.66409013613001,2,lightgbm_raw
211,21.762169195751927,27.215449018908135,189.33353809179653,76.58570822251559,2,lightgbm_raw
213,1.5850368022959234,2.2702929357184054,38.35571904812994,93.15457447256631,2,lightgbm_raw
215,1.450793325737192,1.8092681418946186,51.95539746221402,81.17525655146157,2,lightgbm_raw
216,1.9777718968032083,2.635329559305592,65.12331910667038,67.14057226764209,2,lightgbm_raw
222,1.2864730987127484,1.5069594756876197,74.51024922286229,119.7706412981491,2,lightgbm_raw
223,1.8352165994780696,2.306723549158215,69.18696920284849,65.06588659954045,2,lightgbm_raw
224,4.533997221852522,6.209444557239749,71.30057740518265,67.19294020290452,2,lightgbm_raw
225,3.106951548838996,4.6010957785426445,52.694848742999945,72.43100724607132,2,lightgbm_raw
226,7.5431530522082895,10.05507795640263,100.74968695681088,62.33348886801443,2,lightgbm_raw
228,1.593290752323681,2.3863230223538268,76.55677882044726,76.71307694559968,2,lightgbm_raw
229,19.085296128775948,25.88330102045834,67.07637219203706,35.81471320381916,2,lightgbm_raw
230,47.26389562595568,64.72693957363482,57.885116743402676,40.17547562973025,2,lightgbm_raw
231,16.284110585426912,22.97221731489459,93.22976153355216,48.632161985756966,2,lightgbm_raw
232,17.723061126919326,22.069055432515462,199.07724298979116,81.59336696670904,2,lightgbm_raw
233,26.063080896809723,35.32551890305424,89.76356760381607,58.09981070962609,2,lightgbm_raw
234,41.27468345437148,59.187211181722816,84.7017679539527,45.89571008749444,2,lightgbm_raw
235,1.2703843405245416,1.62056796723222,53.697715609302755,93.2629126913065,2,lightgbm_raw
236,109.49807402025594,140.4042759167203,84.3295223165092,64.20528137457036,2,lightgbm_raw
237,128.08511944588898,157.36097287236865,86.96775911634363,71.68522045165311,2,lightgbm_raw
238,35.22951675360829,47.92762992887959,48.445506197139636,49.3640124967707,2,lightgbm_raw
239,26.41012033977349,36.64979413843752,31.756217532977942,30.691320317307014,2,lightgbm_raw
243,2.5240634585003803,3.442388661777392,57.17053201180173,70.26543342797721,2,lightgbm_raw
244,5.1776653145093325,7.476366353862736,50.96900912441442,54.15926898437217,2,lightgbm_raw
246,37.08765583730346,50.918424600536476,82.4007168910923,50.26320082488743,2,lightgbm_raw
247,1.3883567116532387,1.7008350124233425,79.38384102838832,98.53869112702175,2,lightgbm_raw
249,22.993131756963322,32.05053083975335,40.12849054938275,36.07561329807255,2,lightgbm_raw
254,1.6314532507321313,2.1653316161041807,72.32900510733889,105.06912538471727,2,lightgbm_raw
255,36.4423880970972,44.42217124759512,1376.569084867439,136.16528500433063,2,lightgbm_raw
256,20.36429950479106,25.727822308057405,840.3747424256405,125.37045759739681,2,lightgbm_raw
258,1.2852641814028845,2.0071860554237615,62.88603161943097,105.03245297279096,2,lightgbm_raw
260,2.3492668996770383,3.957365092444106,66.3995498845609,80.34167514874792,2,lightgbm_raw
261,13.988901911250402,19.48914791410916,113.66605257534157,88.02867825365416,2,lightgbm_raw
262,44.09346618918349,59.68089043444488,57.22635762514374,71.30449451096733,2,lightgbm_raw
263,18.361062514426468,27.040932989683697,47.23142274801147,26.92558501405462,2,lightgbm_raw
264,3.181675479783079,4.2696768780526435,46.40269206446492,63.26526720850675,2,lightgbm_raw
265,3.5722822470640203,4.398263248574757,242.68020102030184,112.58887546859565,2,lightgbm_raw
4,15.651304498915279,21.213027711711913,190.322776727196,79.59389946846791,3,lightgbm_raw
7,15.091465254118598,18.723320324294185,227.21542338770485,89.95863858114603,3,lightgbm_raw
10,1.905458172406144,2.378013411686454,64.29416375045261,84.74284347531686,3,lightgbm_raw
12,1.7361326487801891,2.2392279626005562,95.66635902957124,120.97409069325802,3,lightgbm_raw
13,28.063628281073502,38.94088813179251,77.26838670405279,117.91404966811251,3,lightgbm_raw
14,1.7231738683841435,2.1842857779059446,61.3083097880337,84.18544323326391,3,lightgbm_raw
17,3.453865716172046,4.791463019250129,120.54882696217312,74.15999397852629,3,lightgbm_raw
24,7.396095735845203,9.975940332023054,74.61893094732423,57.1082183649739,3,lightgbm_raw
25,5.425088557428842,7.251961408912041,142.3256819159475,83.57871464821086,3,lightgbm_raw
26,1.3149799985083483,1.7521939206631814,51.20260031851227,94.95575052262184,3,lightgbm_raw
28,1.5516486243420917,1.97723120046661,72.17695216164545,99.27357499623804,3,lightgbm_raw
33,4.177750037173986,5.580121017111737,109.28909443309523,84.2519535005141,3,lightgbm_raw
35,2.5681874483576324,3.6099647503036567,45.85003331063769,83.1180154572421,3,lightgbm_raw
36,6.765509326019355,8.970122714219976,460.403025378125,114.9082014073244,3,lightgbm_raw
37,7.22032607314111,9.763277386652192,152.80193588455703,85.83301190521831,3,lightgbm_raw
39,3.8369506117333962,5.391135151074306,57.27153605908121,104.46901760580995,3,lightgbm_raw
40,1.2171027185871042,1.4677086686529768,68.20284802706121,90.54917710272532,3,lightgbm_raw
41,10.003785003607145,13.546293110648866,64.57594793708981,53.19868062525,3,lightgbm_raw
42,10.516307697360267,13.693248523207062,62.301169569151384,51.526280470763005,3,lightgbm_raw
43,32.471092695314155,52.39755647577114,89.65967172832855,76.39912862894457,3,lightgbm_raw
45,15.196366313305083,20.066269682274346,195.21355646701923,97.17193527577048,3,lightgbm_raw
48,22.87002709714388,29.316632790075708,29.6234802696986,33.29612715899888,3,lightgbm_raw
49,5.4282252262203485,7.466094126045958,167.8163586034096,96.37712446317153,3,lightgbm_raw
50,19.042369868938383,24.28819742691326,92.4826367479352,56.541845572691784,3,lightgbm_raw
51,1.7455911380237445,2.1889075381810317,72.82004996035904,100.70279329599175,3,lightgbm_raw
52,1.59496752106282,2.3912730304145335,67.81043352709003,95.87037994937678,3,lightgbm_raw
55,1.3876829782208295,1.8469004546349723,55.09982523180056,95.77107841125569,3,lightgbm_raw
56,4.47669739631505,5.358871370791443,334.2118516864051,141.84617039082994,3,lightgbm_raw
61,6.022509394104503,7.979756733645625,118.19674242894114,69.59160315560722,3,lightgbm_raw
62,1.8695091525717558,2.8235492255462815,50.19502572355133,88.5774045619067,3,lightgbm_raw
63,1.7857169471607799,2.616883674524548,53.80376948129185,103.69811162916271,3,lightgbm_raw
65,4.286765601968718,5.4992198888932045,127.57904726598636,87.24918415805307,3,lightgbm_raw
66,3.8889342154671276,5.0608007905219745,165.62596138090987,99.81736200794013,3,lightgbm_raw
68,37.24412721029929,48.693892626525404,34.77938365080435,33.70476592500142,3,lightgbm_raw
69,1.425560052518881,1.795807485383109,56.427985073305166,86.73170184313926,3,lightgbm_raw
70,15.45848437309042,19.910299821625387,249.72880396924006,85.65439845776412,3,lightgbm_raw
71,2.831492047075017,4.358040955152274,58.91529724468679,92.77158463559242,3,lightgbm_raw
72,2.4686605820375473,3.799181908165313,60.04785188696656,95.33492646392706,3,lightgbm_raw
74,12.385972189153598,15.77854288270165,91.84210689767896,58.5895916069672,3,lightgbm_raw
75,14.353865178119554,22.06343146008877,44.955342626998615,40.08798610747005,3,lightgbm_raw
76,7.055664341073292,9.233182962342354,71.97860485997538,108.73016420981669,3,lightgbm_raw
77,1.4264928634289034,1.957204682061556,54.13766214716116,92.85981701104778,3,lightgbm_raw
78,1.2449182708993336,1.45835609184386,70.7734020865351,98.83731278014034,3,lightgbm_raw
79,22.2854525217145,32.81239593991139,37.00719163256056,38.67960597549918,3,lightgbm_raw
80,17.435205163299084,21.914000677234423,748.105964506462,133.19413245380784,3,lightgbm_raw
82,3.3955648808420604,3.8894783140744016,151.81360719372202,88.67596913479065,3,lightgbm_raw
83,1.5333846144091545,1.8388546220378603,76.68450348353988,115.17459412258142,3,lightgbm_raw
85,1.4943478061447513,1.828723853827465,58.562364240644015,97.27039412624983,3,lightgbm_raw
86,1.3053568450973732,1.7825292508300883,45.38920106154144,111.22849987644895,3,lightgbm_raw
87,15.841910237510179,20.31862614176111,98.34035798913861,62.24168189038486,3,lightgbm_raw
88,11.39934444307365,18.15692091950347,86.42702426760563,66.36600730327223,3,lightgbm_raw
89,4.1726094963326075,5.844351465108588,67.1664119935823,92.17885125192238,3,lightgbm_raw
90,21.52667886115064,28.308729514473857,56.21475994627184,37.86416570254591,3,lightgbm_raw
91,2.555168975149038,3.51985377696382,59.858765967723556,97.54562235445304,3,lightgbm_raw
92,3.394817343630995,3.9429555780086933,176.10587039336158,113.59582083423409,3,lightgbm_raw
95,1.800351608045568,2.345629097540896,54.614492182570764,66.96712758590584,3,lightgbm_raw
97,10.453761566230815,13.586243976359722,207.6835368997072,96.00103833618805,3,lightgbm_raw
100,20.473850751791645,27.13884047771832,41.583245723406556,41.469537993607055,3,lightgbm_raw
106,1.7632171587941794,2.1789265879266804,123.398842280889,117.90138691064503,3,lightgbm_raw
107,28.91846886793647,37.27470256429254,37.48158855783932,43.649425169659025,3,lightgbm_raw
112,21.777037152592868,27.338095326119895,1058.670649158036,136.13854867679493,3,lightgbm_raw
113,22.64870804265767,30.993018666745883,61.57361358567207,43.410217030821265,3,lightgbm_raw
114,25.00400811679242,30.545356634268533,248.51270110156563,67.80593357759933,3,lightgbm_raw
116,5.3239522898738825,7.5662686657945875,84.22383677157778,63.8667995617271,3,lightgbm_raw
117,1.3293046847882326,1.7457765236204237,57.53606331152192,99.85696735812819,3,lightgbm_raw
119,1.2703212920192886,1.5847532149338548,79.66734802959294,112.15793616240865,3,lightgbm_raw
125,15.833718708733784,20.004975658747043,210.89148947639637,69.43763896325248,3,lightgbm_raw
127,1.610592692697449,1.9348605109079018,66.2626020865944,77.14689938587243,3,lightgbm_raw
129,4.497519303524244,5.445974261629299,97.16744780453934,70.81558040228282,3,lightgbm_raw
130,6.040121136850881,7.343943577216422,191.6798003537947,86.29624054489818,3,lightgbm_raw
132,67.09706909428365,83.2250363084815,100.89029351542263,44.25378320059178,3,lightgbm_raw
134,1.514387472288283,1.902909784750814,109.36988202205589,110.90477100498083,3,lightgbm_raw
137,16.741575396848962,25.809766076729694,30.5748563131715,33.32100947159021,3,lightgbm_raw
138,57.786738252423184,73.84229140312124,167.375886362406,63.8043812754355,3,lightgbm_raw
140,63.05329136038296,85.58020285001359,56.576634673358065,61.74616179331341,3,lightgbm_raw
141,44.97746463353735,56.04278342096189,48.92696308864681,50.10371373233537,3,lightgbm_raw
142,66.77323248158278,90.70456671018601,204.2522937769166,68.31480346175084,3,lightgbm_raw
143,24.23571881796549,34.92944504736469,81.85372219343938,55.30864757713281,3,lightgbm_raw
144,23.460437273530715,30.699302049601737,140.98551978634714,64.4520366009615,3,lightgbm_raw
145,12.903846198374728,17.534613781099576,187.6617310051242,83.95951385463303,3,lightgbm_raw
146,2.366868569627405,3.060128567112052,67.921579714858,61.41313107158195,3,lightgbm_raw
148,13.596544365151397,17.71209872809949,57.84933576198639,52.3125706869778,3,lightgbm_raw
151,16.74797846508434,21.328032789693598,93.77329655674703,54.519493967338484,3,lightgbm_raw
152,3.1670251343410847,4.863742860691631,72.19054773210665,58.12291753220387,3,lightgbm_raw
155,1.0585630567351607,1.4884560222959329,63.5405257600383,100.01628326665873,3,lightgbm_raw
157,1.293988408894881,1.6014760674455857,68.947136521605,113.9650669759975,3,lightgbm_raw
158,16.740291016788785,23.114155812031537,86.7618947618987,54.158021877187224,3,lightgbm_raw
159,1.4325026784981387,1.891326378546118,64.33380192491491,85.66823731405218,3,lightgbm_raw
161,142.00837539558745,214.49353437255994,67.85014842815123,68.72438490696106,3,lightgbm_raw
162,75.29439600889845,110.62186903215873,42.65223421720292,51.123219748366516,3,lightgbm_raw
163,42.44958793605431,61.79750056448717,71.83477190827446,48.56776325000166,3,lightgbm_raw
164,32.891201463212674,47.207438152307134,46.0004257846268,44.088081836120104,3,lightgbm_raw
165,1.3212042815581853,1.667790262828393,51.28193353208207,101.77362627475452,3,lightgbm_raw
166,8.795072733759048,12.607459703081735,55.92738628275414,43.38902961981933,3,lightgbm_raw
167,1.2726092659535484,1.862166538597112,53.51318301946908,110.60084038135176,3,lightgbm_raw
168,1.9379329759713138,2.599642451682025,54.146050251772735,58.09299167386075,3,lightgbm_raw
169,1.345209767909929,1.6664244802093435,72.5938064776119,109.26586278083794,3,lightgbm_raw
170,53.301811974033484,67.09427779844762,42.01259160177649,49.563416814143295,3,lightgbm_raw
177,1.6256219903522393,2.4331114826594065,47.91772750559918,71.05761959740441,3,lightgbm_raw
179,2.4475128113496454,3.8984436825279167,57.09957003281342,83.86551879913235,3,lightgbm_raw
181,9.470520704484427,12.322769432442078,254.96501892918624,126.78132848691966,3,lightgbm_raw
182,1.7691513541445616,2.3327798169470237,78.5495632265057,107.08661360055214,3,lightgbm_raw
186,54.24161149485999,69.4275790569186,56.29219515241114,47.901456768043154,3,lightgbm_raw
188,4.983740995206535,6.653250740227744,72.72241876967092,95.57195851039525,3,lightgbm_raw
189,5.18168729335311,6.873820889337562,288.12094700847996,124.08401374589702,3,lightgbm_raw
191,1.4916951891573724,1.8705597797771103,76.42748492663284,97.86878508635196,3,lightgbm_raw
193,2.3357978709614353,3.6346207369947723,53.51317767222904,82.21241000289933,3,lightgbm_raw
195,1.4894496048813195,1.8477044275073011,97.48869180918118,118.42973125728844,3,lightgbm_raw
196,1.182745172919919,1.4721991089228186,67.23355824869432,93.76240510484236,3,lightgbm_raw
197,2.159568327582277,2.9659421583850496,67.25814660834385,89.72652460527122,3,lightgbm_raw
198,3.4932858670118185,4.359124885201035,236.151024556514,115.69137048465751,3,lightgbm_raw
205,1.3598690776184725,1.6976098769705084,48.164545942446985,104.3418815911001,3,lightgbm_raw
209,11.531327435986862,15.48786805323624,224.40705746303684,105.53950720494076,3,lightgbm_raw
211,21.654086237050148,28.43498392660481,202.1251931741454,73.22257436310684,3,lightgbm_raw
213,1.5941275112024769,2.049083276086017,58.726114396890495,103.72865695975003,3,lightgbm_raw
215,1.8706355916397495,2.4822630541293402,75.2022800540967,88.4486609318011,3,lightgbm_raw
216,2.5912177343280156,3.515265529426452,52.983518916418625,86.63412631058134,3,lightgbm_raw
222,1.0828086503070413,1.4775221390874063,47.65246206030554,89.11277249729932,3,lightgbm_raw
223,4.07003196108212,5.1005664630452054,223.69549127136173,97.44085331733618,3,lightgbm_raw
224,8.376411862739552,11.575775070041106,104.77643445842514,76.41226418803667,3,lightgbm_raw
225,3.8265534707851017,4.987843551482571,64.53807362337209,84.32133579013446,3,lightgbm_raw
226,4.554238849492194,6.3119740249222485,49.694224971786504,52.86536041383777,3,lightgbm_raw
228,2.1425270994648216,2.7307838052228126,107.51623200732053,103.59600387907318,3,lightgbm_raw
229,20.456756037672005,25.975726802683624,50.02314351865797,37.199222254075885,3,lightgbm_raw
230,52.350553014411865,80.6152671044643,36.1250562982044,36.014145586455335,3,lightgbm_raw
231,17.290757422734757,26.55103916233382,74.54449124360694,46.26076812312982,3,lightgbm_raw
232,16.670846572049253,20.84171244845661,196.0361697074594,93.10913143255941,3,lightgbm_raw
233,29.07448885806356,39.98282844100096,77.29907930071812,65.41508502791397,3,lightgbm_raw
234,49.120630339340295,68.37675237738812,94.00426898911795,55.58807257550999,3,lightgbm_raw
235,1.418250864567715,1.7317926435192657,71.25378759115057,114.86006513317598,3,lightgbm_raw
236,151.1545457229635,201.27744260927122,101.75233241357378,87.54601854001017,3,lightgbm_raw
237,128.93713143675484,169.36637720304535,74.42972673778128,66.85408339953374,3,lightgbm_raw
238,48.13170542166824,62.33830136769637,80.22256288435342,67.80019781544785,3,lightgbm_raw
239,41.04611773606611,59.0904922952203,71.75343364938739,46.57863293090211,3,lightgbm_raw
243,3.0890744435951483,4.391416280988212,83.7648709663895,69.18076447521692,3,lightgbm_raw
244,10.299453726713953,13.291228975369178,86.01459509730516,116.61984297103936,3,lightgbm_raw
246,26.513481585428735,40.24397913923451,55.65298104875899,42.933189531738456,3,lightgbm_raw
247,2.7854952288164228,3.352602397867654,156.93082797944868,114.34475278657446,3,lightgbm_raw
249,16.963919455272322,22.010757220212316,37.037159219385515,34.90781974523893,3,lightgbm_raw
254,1.4900343567443048,1.8665121551127641,65.73454566121688,102.53994732145117,3,lightgbm_raw
255,24.999979761139723,31.6367121250723,1046.289773114897,138.03736699851524,3,lightgbm_raw
256,20.904908425811957,27.23194726724925,1083.8621813000238,127.18428701466941,3,lightgbm_raw
258,1.7499714910769615,2.0995859619797295,95.25750778715569,114.97462183728118,3,lightgbm_raw
260,2.0576110089022372,2.498196703145917,105.73321624391512,78.8190791291018,3,lightgbm_raw
261,12.250629834427803,15.258965975865761,142.90532045364637,80.3754178481142,3,lightgbm_raw
262,35.29800435506665,50.230244705567465,52.21966240170573,55.500843934848895,3,lightgbm_raw
263,34.70319305312003,45.00159647740033,57.649110668295464,50.276899130370545,3,lightgbm_raw
264,4.77283444899115,5.854067960360229,91.4537052882738,79.26021663863862,3,lightgbm_raw
265,2.083412525043578,2.8033556724253117,99.25039026284817,95.63442063321646,3,lightgbm_raw
4,26.33979895288988,39.444025243439825,247.94427294251093,102.72591477414683,4,lightgbm_raw
7,41.456041754618454,53.30629461802594,751.2650878821042,141.15019896293285,4,lightgbm_raw
10,1.8032483583283092,2.4648991813648897,71.08940312918713,67.4380636432499,4,lightgbm_raw
12,1.747757809428603,2.1112757302149,121.34960920181497,134.8360294088042,4,lightgbm_raw
13,19.066809435129628,25.777980646317797,67.17336532969067,91.40729371469935,4,lightgbm_raw
14,2.503325367986043,3.7157036481611336,124.35029176217725,91.9288753131919,4,lightgbm_raw
17,8.209162230420237,11.969149757274394,305.78186050327076,103.419863607506,4,lightgbm_raw
24,8.78655232477339,14.93130660786684,82.43267348033167,58.94853903104945,4,lightgbm_raw
25,18.42659149393435,27.329912473203677,566.2576916189109,126.33464443121977,4,lightgbm_raw
26,1.467606658062122,1.899949767427108,75.68971684648504,103.3244320562557,4,lightgbm_raw
28,1.8855524248522337,2.288871158296979,111.13194566937155,115.31814222189207,4,lightgbm_raw
33,5.094672950875691,6.948141347532631,116.75823142906441,92.8604649410609,4,lightgbm_raw
35,3.2736825914247567,4.955057054805378,64.68984110318644,94.20050239364366,4,lightgbm_raw
36,19.12087358678991,26.10790850805239,929.334310594264,147.7487020239074,4,lightgbm_raw
37,17.53639772543761,25.562497940491347,370.11841451130726,110.73701900637526,4,lightgbm_raw
39,4.084536187517908,5.648587214735929,90.93920811759737,89.04523088317767,4,lightgbm_raw
40,2.427865930773146,2.808425673757117,170.94227465194817,121.96732588979216,4,lightgbm_raw
41,17.131546412570263,26.72313527962967,79.75618322837556,64.24215413605818,4,lightgbm_raw
42,15.126865750846356,22.293551400528425,107.30321877871374,70.57685799723474,4,lightgbm_raw
43,28.416396443243187,40.89958262918452,72.43186146173032,74.72202568745975,4,lightgbm_raw
45,21.18501677460332,30.480528615627605,297.04121030334494,105.0651089876571,4,lightgbm_raw
48,35.976044310050966,42.18239462479811,41.0444651306286,49.88048596148493,4,lightgbm_raw
49,5.98130570882013,8.082973333053195,155.7614129802595,89.70945313604147,4,lightgbm_raw
50,22.626380904751187,35.0125215804536,73.26470032878409,58.3288242692093,4,lightgbm_raw
51,1.8973725630405578,2.466372772962557,64.93595867499397,103.58724727352792,4,lightgbm_raw
52,1.680408576118585,2.049929363262316,107.41238938661213,108.0797988067709,4,lightgbm_raw
55,2.1256172612320547,2.7791512811711265,80.98210219246508,100.51025035485122,4,lightgbm_raw
56,2.7090850890227682,3.2996819294410082,173.24694832621472,119.29585299629177,4,lightgbm_raw
61,9.190413287473207,13.539886642332913,136.0989835974289,81.72174005223812,4,lightgbm_raw
62,2.1304308993583247,3.0767816439238724,95.41562907874498,92.4319334528036,4,lightgbm_raw
63,2.5930398283355234,3.3943581838556782,107.55779977948059,109.26340140586456,4,lightgbm_raw
65,4.711283109812377,6.294532440780802,118.12981328248196,72.47177247575559,4,lightgbm_raw
66,11.182534843377411,14.940378481069125,320.1288330676007,106.70712546674235,4,lightgbm_raw
68,22.161082519515627,28.863149833144487,27.371723162679455,36.15115970204605,4,lightgbm_raw
69,1.9087660350881694,2.347379164216784,84.938505069051,89.06489442906125,4,lightgbm_raw
70,17.647783895337742,24.79482319119233,314.2012229695847,102.12724960578585,4,lightgbm_raw
71,2.7210785271697744,3.97074732100533,67.15342066585886,89.04565202320425,4,lightgbm_raw
72,2.220747148636144,3.1597006715146723,55.54876242992022,78.78260909796822,4,lightgbm_raw
74,20.152856888015233,27.724141936041693,114.73083005552319,69.39025414235395,4,lightgbm_raw
75,16.765473174009887,22.566967798702496,74.69495358567265,58.10625622307433,4,lightgbm_raw
76,6.772563382376016,9.53187594793694,99.42340436822225,103.68527130993851,4,lightgbm_raw
77,1.8509069756316567,2.230329282684977,84.49540991868768,104.81083270825302,4,lightgbm_raw
78,1.6146912325474692,1.8692866808758761,107.07811889117285,110.83779729279297,4,lightgbm_raw
79,31.909305348142876,39.44941474873452,51.50475237474962,54.05880990883846,4,lightgbm_raw
80,18.150550657379124,25.175215164271503,739.194921695281,129.29564851264598,4,lightgbm_raw
82,13.879630145288681,16.775278319914158,705.8874352537482,125.02678108247865,4,lightgbm_raw
83,2.0140064584522346,2.4242049718170557,141.59407083405006,114.76362488523756,4,lightgbm_raw
85,1.3652236367088129,1.670942641705471,71.74724373000392,85.61363272351498,4,lightgbm_raw
86,1.359387780142297,1.7935816557886777,56.199419538028735,83.11904859015658,4,lightgbm_raw
87,29.482847336792318,44.511959474415654,136.97246220436165,83.5963165365377,4,lightgbm_raw
88,24.670846660503173,36.268880373715945,226.920828595031,101.91940457839947,4,lightgbm_raw
89,6.2469355652854,8.5399353424977,225.79096680139256,98.78705219993083,4,lightgbm_raw
90,26.919204262147048,39.28282605642629,49.52719256012714,56.00509069809532,4,lightgbm_raw
91,3.1580802096105938,4.383694800832317,95.80981725005047,86.2406997999003,4,lightgbm_raw
92,11.123938862001713,13.219057501436417,870.7526888454632,156.55245924415962,4,lightgbm_raw
95,7.785833903066436,10.249036966750404,318.36514649625485,111.82257749898334,4,lightgbm_raw
97,22.24302239290478,30.507029322756033,502.078022384699,127.77816207051968,4,lightgbm_raw
100,49.9237698133905,68.83083316229083,68.20472614231338,63.15846325232341,4,lightgbm_raw
106,6.0544315965997315,7.642849371874139,480.3786085598273,147.71391726041716,4,lightgbm_raw
107,25.89278028274134,33.50349272173403,44.51577657338162,62.891334743015626,4,lightgbm_raw
112,34.15093064978411,44.718828305894455,1081.3415397503009,158.61462863936754,4,lightgbm_raw
113,43.29322815899829,59.76213806306188,86.14560964182404,69.86360915904116,4,lightgbm_raw
114,41.74022514506952,50.95838523071624,154.366343500833,72.20052298114452,4,lightgbm_raw
116,10.644005309461097,15.933579251483252,177.8186828030813,75.35468670889806,4,lightgbm_raw
117,1.4150363700483652,1.9044902093104656,58.05377655252747,88.31228531611004,4,lightgbm_raw
119,1.5935817760489848,2.0196126888797847,47.739981102488194,126.68781597687045,4,lightgbm_raw
125,18.789028028735896,28.200982309401144,123.35318199602018,74.01564476941871,4,lightgbm_raw
127,2.254905496081563,2.8426352858533916,109.47806405730918,96.54585746946016,4,lightgbm_raw
129,20.93946770482043,28.030728079406458,709.8772293057646,125.97984392956111,4,lightgbm_raw
130,9.296956337096644,12.644728213796439,293.8714627958017,108.88056768525382,4,lightgbm_raw
132,61.33076776371015,75.19714961655612,129.9248037218687,41.58787523414525,4,lightgbm_raw
134,2.079059434419752,2.6519386634618267,134.8552781347033,102.30416273975861,4,lightgbm_raw
137,37.80106764922905,60.012468715937274,98.47215817204975,59.65497773491268,4,lightgbm_raw
138,84.79987136758614,108.22704795863501,771.9238760379654,89.50745102223084,4,lightgbm_raw
140,52.319471342237584,69.6521811756983,45.51647390855383,58.79108018269958,4,lightgbm_raw
141,40.99956108356758,59.20289781753646,52.28798690323482,50.57820518328642,4,lightgbm_raw
142,40.283340305357065,56.96643896586543,130.93325612330668,49.334088321790055,4,lightgbm_raw
143,23.746489424581753,37.195777477587484,49.03528599026994,44.288155125834635,4,lightgbm_raw
144,41.82346535646504,57.04396279153041,141.63781402028872,89.34289168191185,4,lightgbm_raw
145,28.25096432157196,39.50127076173037,390.15345798445645,123.32381668482526,4,lightgbm_raw
146,4.7559284887611994,6.287932546544635,158.43909436577172,86.02477094600526,4,lightgbm_raw
148,29.088298506636544,44.38323516244534,100.83750127494476,78.29299535610852,4,lightgbm_raw
151,25.90151169318372,36.818029370170564,78.64640873421673,53.97328434873276,4,lightgbm_raw
152,2.9651638994832172,4.188667421887751,45.669977213553004,65.07356303825553,4,lightgbm_raw
155,1.3589287046253051,1.7499620904839637,57.9412657397032,84.85755970421137,4,lightgbm_raw
157,3.996503150393784,5.73507839057659,286.92160990489396,134.69153628519322,4,lightgbm_raw
158,54.1682064754084,73.3224350057855,180.9990837855371,100.11812999227783,4,lightgbm_raw
159,1.5105868158794873,1.9533068796306168,89.27844295518092,84.21138598354821,4,lightgbm_raw
161,107.4429590266954,144.46946104572532,45.81379650748776,62.801705511311546,4,lightgbm_raw
162,43.655397689354324,57.30471954599614,38.14374452278746,47.44343490289064,4,lightgbm_raw
163,21.807348851676625,27.56939042869829,35.50676344163558,40.95106945762272,4,lightgbm_raw
164,19.575845067093752,27.33356884877523,34.6786887343925,40.486398270535325,4,lightgbm_raw
165,1.77102618389761,2.4402203366030784,62.515608986879165,96.97348579236753,4,lightgbm_raw
166,17.197606696918285,23.52190866442411,59.03756144617536,53.1373496124045,4,lightgbm_raw
167,1.7067586448728742,2.070224308889009,78.08166171160106,108.5204870837667,4,lightgbm_raw
168,3.7885289945554597,4.997162207137306,171.75550082279085,110.6818698797053,4,lightgbm_raw
169,1.4969534124385087,1.778566034194212,108.06268305226155,102.19577308634102,4,lightgbm_raw
170,35.73622435140206,49.259420548820046,47.675219049759775,49.65239162648964,4,lightgbm_raw
177,3.4800665534707993,4.707345901312598,153.1982333885011,86.70898284367786,4,lightgbm_raw
179,4.32159476629958,6.460452026429602,166.58790008675203,81.56700444696533,4,lightgbm_raw
181,22.909104475233477,33.95602639435149,561.1676483363701,118.70380103759955,4,lightgbm_raw
182,1.8678977189517567,2.4353875021691884,98.7727103367889,110.2489545156768,4,lightgbm_raw
186,81.17179671520093,101.42229075375178,55.098647271744305,59.355256400701364,4,lightgbm_raw
188,6.517759049646815,8.929519824748919,180.70145520737697,95.15260505239064,4,lightgbm_raw
189,4.629981010589844,6.276597320938719,360.97437008855803,134.6615956594064,4,lightgbm_raw
191,1.9083646982462825,2.2299564141404855,125.43303907774626,106.33270016929691,4,lightgbm_raw
193,2.707694694508538,4.013969595817857,81.23600440439014,83.05388274946192,4,lightgbm_raw
195,1.9231732572259137,2.4086005709882765,144.3090928946122,115.91349574457138,4,lightgbm_raw
196,2.3483200122315075,2.7164330441732076,183.94692937672596,119.26453321143886,4,lightgbm_raw
197,2.184177767470141,2.6646735517235727,107.88320869101643,90.86653836111459,4,lightgbm_raw
198,8.290212672054603,10.906099130847279,549.8425201991298,141.2593686654529,4,lightgbm_raw
205,1.7637529236332536,2.389958508067277,74.08570105372112,99.58329140235026,4,lightgbm_raw
209,15.907015101196144,23.40858970413669,231.8634230001443,103.80908688992281,4,lightgbm_raw
211,37.394012158798695,49.579751276253155,184.75497357220954,91.44819446258663,4,lightgbm_raw
213,1.9873246352923626,2.416258216423949,73.68930513534285,106.47681491365256,4,lightgbm_raw
215,1.9504247313778038,2.3660064653858357,94.06910576659489,100.40480649858843,4,lightgbm_raw
216,6.2463063162856045,7.896679742277396,223.20877044530607,89.01356852808796,4,lightgbm_raw
222,1.4798206457904008,1.7187122471391447,73.06260214666985,109.53170610193557,4,lightgbm_raw
223,10.697510357076299,14.712625734618754,395.05649099889575,121.47948441381675,4,lightgbm_raw
224,8.643330708670119,12.015198410730356,167.19210395486684,83.29032965749558,4,lightgbm_raw
225,5.1502884509361095,7.300040699435891,196.56557578789818,91.09257688129269,4,lightgbm_raw
226,18.676866923850486,24.7372185923716,240.56628803898388,98.6194178339404,4,lightgbm_raw
228,1.8034896885498668,2.502504305265919,94.68056107838339,89.94716308738668,4,lightgbm_raw
229,42.9549479989278,66.31547514661816,66.17064306631536,58.96852728071995,4,lightgbm_raw
230,36.219391259515056,57.41705719836706,31.196738451810567,40.82045237967166,4,lightgbm_raw
231,12.8141957646391,18.35751398270577,48.730470426401034,44.621373834176666,4,lightgbm_raw
232,19.62287807805077,29.915862199562167,185.69074338950065,84.85806959553362,4,lightgbm_raw
233,21.956564605310394,33.55308474738939,51.07777138222108,55.025089972547526,4,lightgbm_raw
234,25.15516397149619,33.12884405300512,41.241024323045785,50.399142986766776,4,lightgbm_raw
235,1.7807640459845615,2.082099914017035,96.00021699776953,113.90215691735686,4,lightgbm_raw
236,65.1348140780572,91.8328041201002,45.859017686835394,55.998339716450175,4,lightgbm_raw
237,97.03272095932529,130.82022720210767,57.348681849884656,71.5572221208605,4,lightgbm_raw
238,35.14581705776012,47.08817402917148,48.53431498711517,50.87944182447043,4,lightgbm_raw
239,39.81768596897992,54.01999677289818,48.10256523145631,53.694480490110976,4,lightgbm_raw
243,5.9723934711817135,8.17023781930209,181.38513170021585,88.28174119015534,4,lightgbm_raw
244,11.018410468264435,16.58641184042728,110.83976411681505,66.5590677350021,4,lightgbm_raw
246,24.423835856654062,29.871593279849574,97.5092680729994,57.55100200167973,4,lightgbm_raw
247,1.9005673715019606,2.288107155532266,94.19016942472945,108.27794407119393,4,lightgbm_raw
249,27.507044359617524,36.54776217066598,56.783929046180745,55.72926365348898,4,lightgbm_raw
254,1.8061042098966782,2.3671342712409675,79.74101225105336,104.98626882030835,4,lightgbm_raw
255,48.24746307050189,63.44045874829154,1475.1613233089383,152.53278859814122,4,lightgbm_raw
256,33.161191084067944,45.6023689830945,1058.4533459646414,139.65353245507117,4,lightgbm_raw
258,2.9726287274782215,3.841860493901034,201.47380347604275,123.92079364756255,4,lightgbm_raw
260,10.819654832168633,14.269208977651866,483.6222478739665,123.59014848831286,4,lightgbm_raw
261,11.960637078700039,20.035647589062346,90.30507992763339,55.3541526738137,4,lightgbm_raw
262,32.34926482923043,45.694281095560086,48.90768980380741,54.09882846895272,4,lightgbm_raw
263,41.226310353680425,57.88023850653165,62.17440397455382,61.53979286124027,4,lightgbm_raw
264,1.9392097660383747,2.4801773116732075,60.771208435264825,52.70119237058918,4,lightgbm_raw
265,4.893207811608991,6.0510463017567355,277.11631423863906,128.67965389725265,4,lightgbm_raw
4,20.837400328669904,27.04669039805267,229.35969366118098,82.34591063742137,5,lightgbm_raw
7,11.485573367857441,16.094188227203592,233.06051065273996,81.65177895343668,5,lightgbm_raw
10,1.8952010451056502,2.5574438495909417,62.89008590318274,80.37298950718022,5,lightgbm_raw
12,2.671148900226147,3.659725231514972,98.74755635603894,139.09399223821865,5,lightgbm_raw
13,22.94158744748218,32.52066297908601,80.2992865305877,107.46751329260127,5,lightgbm_raw
14,1.7833588440555204,2.316063538356714,59.70471309333142,97.48203534714662,5,lightgbm_raw
17,3.0107542514958907,3.8884244350568284,80.97495420257735,73.67630074200619,5,lightgbm_raw
24,6.254252876301261,8.419887744884113,51.4158420489253,51.411546978312536,5,lightgbm_raw
25,10.846308236633519,14.055018915455248,280.472334493977,109.34217851996841,5,lightgbm_raw
26,1.6317484612453146,1.9449673624686932,75.57640663808898,115.27570078364643,5,lightgbm_raw
28,1.60517861918054,1.8979614574316386,73.76021501552991,114.01118126102824,5,lightgbm_raw
33,2.9743961255048057,3.6734485633081566,60.29683282286364,76.53206892887789,5,lightgbm_raw
35,2.592415979029887,3.680893144277905,60.01030685892709,95.57901193890571,5,lightgbm_raw
36,9.047456935667675,11.433135860603572,491.7358770588171,122.56740864030827,5,lightgbm_raw
37,6.90425119537451,9.102226875365243,204.72007790884734,80.02571969103299,5,lightgbm_raw
39,3.8566074665520573,5.946380781683225,53.68535312308467,100.49091549225768,5,lightgbm_raw
40,1.5185035579640787,1.8748113840965424,105.2311739835335,113.5637916289308,5,lightgbm_raw
41,8.791314016486139,12.37031728472345,54.673424076797126,39.3817574297762,5,lightgbm_raw
42,8.818281763768574,12.150071352436045,50.73680319657981,49.69220071975415,5,lightgbm_raw
43,33.583644720988765,48.0881850591297,94.68742761044759,79.56862576897034,5,lightgbm_raw
45,14.749308430007105,19.377139416924305,214.96177673029894,92.99416809198506,5,lightgbm_raw
48,21.33962406493877,29.925695048855054,27.574229947867206,27.324814833508963,5,lightgbm_raw
49,2.8267441689833177,3.6296331241741044,84.3504972200104,84.3219532010652,5,lightgbm_raw
50,8.859367873078293,11.230219421531883,105.52036386291171,43.02630460920735,5,lightgbm_raw
51,1.6387356291258532,2.175844648848593,46.284932040446115,100.06967648089507,5,lightgbm_raw
52,1.6018334239130485,2.056352074772269,72.20090719334263,109.10780952929065,5,lightgbm_raw
55,1.8939084613185642,2.687631352105736,62.1999541032504,104.13289894717873,5,lightgbm_raw
56,1.0822664058949645,1.372588947095602,72.76224759219187,81.03563581376984,5,lightgbm_raw
61,5.0255870761869375,6.51899120725316,65.44727350281295,74.98675332675684,5,lightgbm_raw
62,1.5039618634721006,1.945317060614981,53.95435169012296,80.15064277383662,5,lightgbm_raw
63,1.6974432076194732,2.0938759463877443,78.77435410283582,109.7533367971102,5,lightgbm_raw
65,4.437249148106424,5.513363687518923,109.63829609850603,83.25065895811595,5,lightgbm_raw
66,10.853247416206377,13.520226523241801,430.61317961389705,122.73006651950259,5,lightgbm_raw
68,25.833515172306374,31.469431330332874,30.91071108791597,29.06614185561756,5,lightgbm_raw
69,1.57501720809055,1.8404699988055833,81.27642166489046,92.22166783389552,5,lightgbm_raw
70,20.54473866621233,27.08834240979225,339.34501068700945,92.54820968727905,5,lightgbm_raw
71,2.726599453068306,3.7227738545400704,63.795589240852614,112.54611647792576,5,lightgbm_raw
72,2.6822339678494043,3.7244862298612005,61.73971183149892,89.61029193373737,5,lightgbm_raw
74,6.869600157791065,8.874090448455297,49.15481489905573,39.90876481732953,5,lightgbm_raw
75,11.140633157601428,15.437489858812395,28.414515906091893,30.48736194764271,5,lightgbm_raw
76,6.906316116876778,10.233584819203292,61.167844591605245,97.63319385803807,5,lightgbm_raw
77,1.4224413091553547,1.71523034751127,60.91227776475403,94.19176498917928,5,lightgbm_raw
78,1.3919260150201278,1.7699786798827275,66.75606873056846,105.73276609998102,5,lightgbm_raw
79,19.432098798018735,25.459796659039664,36.356864943899595,31.81923523097758,5,lightgbm_raw
80,16.08110822891507,20.12017553548207,471.1117413323451,127.7907136574305,5,lightgbm_raw
82,6.123965686858209,6.961167926872728,307.518871531874,112.60699914702768,5,lightgbm_raw
83,1.587721886658537,1.872409664027042,126.48230388731182,106.12336632442414,5,lightgbm_raw
85,1.4581849427062614,2.0267424097529467,65.69172705900286,99.39621880603029,5,lightgbm_raw
86,1.4629811653353315,1.8780808512913545,56.536119398358586,97.1958694030427,5,lightgbm_raw
87,11.553863603664823,16.196823378591066,74.75893083899179,51.17079701448267,5,lightgbm_raw
88,13.692045051387387,17.669160736718226,178.5426941046328,81.37856477991357,5,lightgbm_raw
89,3.7024709829244284,5.451158962903685,56.115755857739046,88.52664624282659,5,lightgbm_raw
90,14.147308950892686,19.504406091796508,42.93975817816077,35.86034680649591,5,lightgbm_raw
91,2.291126924638887,3.231783429950666,61.46961856072694,93.22810660595967,5,lightgbm_raw
92,5.78670434255086,6.6593963922184045,370.66406166597636,138.85220120069621,5,lightgbm_raw
95,1.9930219132700107,2.494511657257768,67.17145971292227,85.18815941587832,5,lightgbm_raw
97,6.495411934655993,8.424629942116134,131.84654137755936,83.42509586289556,5,lightgbm_raw
100,30.692451863226367,47.98960728973321,51.44941713020453,38.42952617521263,5,lightgbm_raw
106,2.782439546684499,3.2790354294211665,158.1014189961033,151.68825386586556,5,lightgbm_raw
107,19.838759214096584,29.95995385176586,27.936002830408913,27.298595980091687,5,lightgbm_raw
112,19.38983804185389,23.83174547779247,736.3629358869736,131.29538689681567,5,lightgbm_raw
113,28.216648289013097,38.3238095747679,74.17402441569494,47.669195923936684,5,lightgbm_raw
114,27.060970800138005,32.8344844494552,188.48313423912398,65.77365602435913,5,lightgbm_raw
116,3.692105640034279,5.683029816847971,41.76893829948913,40.00007980512569,5,lightgbm_raw
117,1.4541597177516172,1.7416716769727465,65.08206350465728,115.82092323795841,5,lightgbm_raw
119,1.272038726344462,1.584275381803629,55.24428649260157,104.94507715886509,5,lightgbm_raw
125,9.290583318025844,12.042266664548546,130.76297725042886,58.535708320963245,5,lightgbm_raw
127,1.043908375175173,1.3070868176547874,58.53352871965147,72.35357401260681,5,lightgbm_raw
129,3.4171989931154627,4.304997727918497,95.6169484134052,69.18231327814765,5,lightgbm_raw
130,6.014785564087911,7.623823241776604,224.20403874886264,85.29734219368858,5,lightgbm_raw
132,60.1311415343854,75.75305471781913,123.04061111743553,42.223941903961595,5,lightgbm_raw
134,1.6132513094792704,1.9982262850554724,110.18054661225595,118.71184585049521,5,lightgbm_raw
137,24.080038714158857,37.61552257450484,55.60111493083176,35.941154231362,5,lightgbm_raw
138,53.058744670994024,63.83428255624116,243.6036350875877,54.11225072093581,5,lightgbm_raw
140,54.7117536700032,72.30355897678312,99.55479781602602,68.11012935666082,5,lightgbm_raw
141,27.02416348677934,38.0716660014758,35.49938539980353,29.423174018119727,5,lightgbm_raw
142,37.696500662663745,53.20939788444996,46.747214042708116,39.05753584278977,5,lightgbm_raw
143,19.299140076926978,28.314024438630216,58.29432793594793,44.27052002578589,5,lightgbm_raw
144,24.12569226967521,31.748399922978226,170.12918740222364,62.26474226710846,5,lightgbm_raw
145,10.018081278831126,13.49989132055971,189.26711726739234,80.84024922133231,5,lightgbm_raw
146,3.732080583751158,4.726994287022652,183.73544496242846,90.56013980231093,5,lightgbm_raw
148,21.566950755531593,30.251790432412363,100.55501847597823,57.82133780593289,5,lightgbm_raw
151,11.628804493713666,15.413601392247449,47.68720188528335,36.511081370210775,5,lightgbm_raw
152,3.68718537645096,5.30671590403162,47.99118111592324,69.99747831916402,5,lightgbm_raw
155,1.2992760851026965,1.8212887511110207,61.78726180242586,94.59654854758968,5,lightgbm_raw
157,1.7826907832660501,2.055883594417559,96.36877899384594,136.93946471784975,5,lightgbm_raw
158,18.007021003007807,25.107234439676663,137.88944329659836,63.697329003348614,5,lightgbm_raw
159,1.5516408213492632,1.8521043975938296,72.40485960947322,92.57321684393465,5,lightgbm_raw
161,74.18947840592223,99.00934289336155,45.62448844937353,42.872725664829694,5,lightgbm_raw
162,28.472865306129496,36.06711836416304,35.023256778274444,27.00175292854405,5,lightgbm_raw
163,34.38847341790634,47.256482148117406,46.85934307290067,36.9946755467627,5,lightgbm_raw
164,23.336126388722146,30.569515122605587,63.25036203702107,44.340034914991826,5,lightgbm_raw
165,1.5576088727038926,2.00962242821986,66.98669819876831,117.27555528450597,5,lightgbm_raw
166,7.801172650751952,10.312442455677706,58.00892871194042,35.565651215436354,5,lightgbm_raw
167,1.5927687372717407,2.2388743408759786,54.72198512448245,115.3455813013428,5,lightgbm_raw
168,2.1719926406905956,2.770316619024471,79.57306387695748,75.7473325542892,5,lightgbm_raw
169,1.296689145470979,1.597594935930812,82.19237904351749,101.38871122580368,5,lightgbm_raw
170,29.575011017383343,39.90730041053049,44.83577818737355,32.77540776656317,5,lightgbm_raw
177,3.00492962836722,4.535647402227572,95.09437547294088,100.63342202960928,5,lightgbm_raw
179,1.9139092009034278,2.4088613186692203,75.2046093492775,59.14917273344159,5,lightgbm_raw
181,10.320298680468284,12.94800797044112,313.6812039204829,118.40939739405002,5,lightgbm_raw
182,1.5526977041935701,1.8770529179124043,58.64149365453486,117.99788756383516,5,lightgbm_raw
186,54.23353273063322,72.2410382351442,48.93581198742531,46.0196396956046,5,lightgbm_raw
188,3.914935947653015,5.090540217858695,60.39359473960574,109.73584552081304,5,lightgbm_raw
189,2.6475479213775532,3.184457508423441,152.14770826084765,100.2536945031577,5,lightgbm_raw
191,1.4396815481725822,1.7610485337836714,78.62576581582411,95.36104406845807,5,lightgbm_raw
193,1.9257654920715883,2.7426457329214537,50.44617285817955,89.77793997524923,5,lightgbm_raw
195,1.3905063580080579,1.7647568025544766,65.098228953881,123.72149060452553,5,lightgbm_raw
196,1.370349940639225,1.6475586290735214,67.89009186959319,104.37256703518445,5,lightgbm_raw
197,2.4788653580245703,3.1656486987248535,114.73069847070705,86.42351108049992,5,lightgbm_raw
198,1.7060646433096196,2.0968018408317155,93.07094515019293,101.4368157303633,5,lightgbm_raw
205,1.4912042132065542,2.387045637865569,55.420504204871214,88.30460523283118,5,lightgbm_raw
209,14.14251078493236,17.992555241343215,274.8623027822165,102.26755849655956,5,lightgbm_raw
211,20.749025504949863,27.692066791822082,243.5790923715757,76.7621013645127,5,lightgbm_raw
213,1.7276295986310857,2.2055303186931305,74.75708649803518,99.66764237402542,5,lightgbm_raw
215,1.4444738933525658,1.8539591515805758,63.53876805851995,84.06185762934895,5,lightgbm_raw
216,2.00334701088606,2.9198276119337105,78.81102867548064,58.827636064846644,5,lightgbm_raw
222,1.2399088723248088,1.5891264204805324,48.30350521371237,105.32147892009726,5,lightgbm_raw
223,1.8799699370388108,2.4794135603892573,89.56823131989917,69.6283303275913,5,lightgbm_raw
224,7.267772033776747,10.168815081107775,93.65335622733163,58.48993079879559,5,lightgbm_raw
225,3.5227530078045795,5.053698186148879,78.59135163946256,85.84698513324264,5,lightgbm_raw
226,3.284318464170602,4.233775643472678,52.50654668199539,46.855959551995305,5,lightgbm_raw
228,1.6956630925892007,2.0202397929908043,72.08983325226261,97.90798184884154,5,lightgbm_raw
229,17.61434918379576,22.64999877940564,53.51831074854415,33.32492661332606,5,lightgbm_raw
230,41.09376197648145,62.663997712538205,41.32048285889626,37.15660827831974,5,lightgbm_raw
231,15.309330387319536,21.26767974413169,69.74892190961968,39.84914941200487,5,lightgbm_raw
232,12.86607919660311,16.58255602088913,130.6092533666071,73.05530249785393,5,lightgbm_raw
233,10.864164973412358,14.915691148063281,52.638500384264084,33.488882079096385,5,lightgbm_raw
234,22.25686785460394,28.68868344453599,57.21606664019349,41.8253254310569,5,lightgbm_raw
235,1.1384148463019188,1.4222578333963756,54.04550792751235,96.31487136331388,5,lightgbm_raw
236,48.1854795281287,65.00194308663752,46.22814191183542,39.40299508316638,5,lightgbm_raw
237,86.91036614213037,114.16880570329957,59.582307946402125,51.17080372703925,5,lightgbm_raw
238,23.355771540025483,28.949501188946005,53.22365503647072,38.209464896717584,5,lightgbm_raw
239,25.03071410530049,36.161656630677534,28.66855627862378,24.83766117753657,5,lightgbm_raw
243,2.6092166510893846,3.4790882825505354,71.75882534445222,81.46531083704501,5,lightgbm_raw
244,6.812997280393396,9.086302765520417,49.64030973476287,70.53687780978045,5,lightgbm_raw
246,29.88497203032881,38.90859625009811,97.52209734085451,49.31497445837285,5,lightgbm_raw
247,1.489766588778372,1.8371879103233653,64.27733312080873,76.59255389173727,5,lightgbm_raw
249,21.164356346478524,28.613274698125654,51.848159644459734,38.599928622511634,5,lightgbm_raw
254,1.657892583360721,2.428802081228163,62.51703864983937,105.68602784406119,5,lightgbm_raw
255,32.446597947062465,40.708977960829756,1072.2865242985179,153.31490604942928,5,lightgbm_raw
256,29.576602860081113,36.78349509793597,1058.304168353306,138.9997544902606,5,lightgbm_raw
258,1.6126230953967458,2.1734850321706585,86.7241871930763,117.06205684882964,5,lightgbm_raw
260,1.5454842380636429,1.8794447946186101,87.73173297903242,82.15411127469422,5,lightgbm_raw
261,9.4572130463732,12.604218767832688,135.43925946826755,67.56655648435562,5,lightgbm_raw
262,34.62760165058392,54.373960419696985,44.58822201407621,60.22876407445324,5,lightgbm_raw
263,29.24651606287632,41.001965783678166,36.850897744171334,32.06119927547498,5,lightgbm_raw
264,9.89478114033531,12.399972048668337,316.9597054859895,104.88440902652083,5,lightgbm_raw
265,1.7274150664154542,2.3251097352320893,74.13699836089008,82.45878703703316,5,lightgbm_raw
4,19.11451463086712,23.37054805538883,195.98727885139044,86.66637675001606,6,lightgbm_raw
7,3.3478702749513842,3.890016822925549,52.89658874381199,58.653413546370764,6,lightgbm_raw
10,1.5864348549146978,2.058637791613924,58.23446376139512,88.54318675660689,6,lightgbm_raw
12,2.347216621597195,2.9983261891082003,47.934213210633324,137.3627643310285,6,lightgbm_raw
13,17.40347909533608,25.72024306291855,56.997622661697164,91.4321448961394,6,lightgbm_raw
14,1.7361438985427213,2.377825058890258,62.77810401380699,88.58233419701537,6,lightgbm_raw
17,1.9794433766471855,2.5991133542895293,46.17084518778987,63.92907080101941,6,lightgbm_raw
24,5.832733526749268,8.803321684364416,50.43643281396598,48.65275809692347,6,lightgbm_raw
25,8.270844016695138,10.606149925899798,256.20844760883574,109.8645495902144,6,lightgbm_raw
26,1.8733118950625771,2.225161541351968,156.96179807045846,137.8779831656392,6,lightgbm_raw
28,1.7467526197858032,2.383466303903787,88.20951036409006,109.20282985932151,6,lightgbm_raw
33,3.9916609083127987,5.29947433470375,136.08841584907762,92.51343045032742,6,lightgbm_raw
35,2.0413162492445998,3.252670208550535,47.44172612120285,77.34194313046734,6,lightgbm_raw
36,4.909877595628985,6.4464081912107085,336.31135376590123,119.5569041202159,6,lightgbm_raw
37,2.890854971599687,3.8810201265111894,89.89981975242877,59.59241051600143,6,lightgbm_raw
39,3.298020068308887,4.56896320132832,72.45459147846974,94.52864300013493,6,lightgbm_raw
40,2.0825022550926655,2.565872328709917,142.58424452980145,123.42402166834636,6,lightgbm_raw
41,5.599576176427568,7.279844915371593,46.57658500042743,34.32147916915593,6,lightgbm_raw
42,5.9560584198998585,7.907430615495684,52.7759760841039,44.60561068796926,6,lightgbm_raw
43,35.89536697045272,48.868338884493284,153.80588622083096,85.95453955966794,6,lightgbm_raw
45,14.966978256235782,18.580612617124192,362.107003007634,100.45080230776325,6,lightgbm_raw
48,32.244156827040776,41.459625438203304,36.38398595312915,39.740437362527345,6,lightgbm_raw
49,2.002254840802935,2.5141849772468343,67.65458384024258,80.74420391366141,6,lightgbm_raw
50,8.370867369265477,10.731546054213982,79.2227684552301,42.91777087490308,6,lightgbm_raw
51,1.4390185573750536,1.790521463352271,69.66206812574988,92.5518246866573,6,lightgbm_raw
52,1.8983964868368677,2.2136390719951766,120.73640408156226,123.92424197098637,6,lightgbm_raw
55,1.2517063424755612,1.6750842717386294,62.70410495316534,86.15812128251405,6,lightgbm_raw
56,1.3708063423988468,1.673489539749697,86.51571058973772,112.76478574015152,6,lightgbm_raw
61,5.261826219520159,7.318881676887753,106.78597832992627,73.87856710670096,6,lightgbm_raw
62,1.3923310334875099,1.684503939369466,58.92054163341713,98.11647406086564,6,lightgbm_raw
63,1.4470601537947256,1.7519750362096012,93.93481613807022,105.42710367874777,6,lightgbm_raw
65,3.52726018482135,4.538193403133778,69.69519074936154,98.83906493059192,6,lightgbm_raw
66,3.7235645772456145,4.777979689608981,128.7722465678722,83.95113508107885,6,lightgbm_raw
68,24.591823975882402,30.988244427987222,48.409026560050286,29.8237752227357,6,lightgbm_raw
69,1.4636018474135177,1.854335990941544,41.271466935829984,84.10502028019694,6,lightgbm_raw
70,23.13367418102415,29.246502115053776,381.6578835397169,105.70150345377606,6,lightgbm_raw
71,1.7374957553411672,2.330326917149966,55.937580324971194,93.27898355592443,6,lightgbm_raw
72,1.9574497010357934,2.7767567237716753,57.442969016180825,77.73753450861564,6,lightgbm_raw
74,36.99292877575493,46.20295111681534,195.24373543937062,87.95472348567914,6,lightgbm_raw
75,15.146404345702488,20.9724370401328,46.42786907881901,48.8211703247454,6,lightgbm_raw
76,4.809949271013127,6.395532416354614,70.96768097880471,92.02751609960858,6,lightgbm_raw
77,1.2251048371751128,1.5265183468283945,48.446701025414335,101.08787573974227,6,lightgbm_raw
78,1.1200251500414249,1.3790575410486594,62.179223012698785,100.42329889053899,6,lightgbm_raw
79,14.357496410220492,18.84481109793962,29.59379480148297,35.474990530407695,6,lightgbm_raw
80,8.027970001276406,10.664574075790382,345.47274979412094,113.71552506082236,6,lightgbm_raw
82,1.5354789235949438,1.9102546285797908,84.72554541874543,58.89122896404021,6,lightgbm_raw
83,1.5697433810822075,1.9468020863154714,90.55794960162262,120.7051976966538,6,lightgbm_raw
85,1.2853334022777103,1.6119086229538584,50.82886885584655,102.74016834639535,6,lightgbm_raw
86,1.1992018226499075,1.533226842305561,45.95492021539095,90.17393378404161,6,lightgbm_raw
87,15.285591212081068,20.357770674904692,129.37729633998532,70.11271711562831,6,lightgbm_raw
88,11.681279750933525,15.264207783385437,199.97482040505727,77.50103631907855,6,lightgbm_raw
89,2.107697662625515,2.9291631073994613,42.699371292910484,68.91708407448411,6,lightgbm_raw
90,12.408531626199698,16.12747065602301,25.95408009177873,24.665621719539207,6,lightgbm_raw
91,1.557782532857089,2.05932345219481,49.280500184936486,87.56665876825696,6,lightgbm_raw
92,2.8847903574359806,3.4441678026435154,219.59844974465565,114.13127509339601,6,lightgbm_raw
95,1.6447788377169654,2.2252350254570192,55.16150230150409,78.98572838392407,6,lightgbm_raw
97,8.971851168851908,10.88626818090055,241.7612289619641,106.55707384676907,6,lightgbm_raw
100,28.360746791696272,35.013938297254036,53.568767174833276,43.157611749715706,6,lightgbm_raw
106,2.443728507955376,3.132952815696765,181.15392491949316,128.81923654201944,6,lightgbm_raw
107,18.49677211773854,26.040844414795703,28.224891251045747,28.82736697611234,6,lightgbm_raw
112,12.461393803467125,15.885878267818816,468.51726671342027,122.17030347009272,6,lightgbm_raw
113,26.119044595086635,33.624995710862066,89.49927227385898,48.318429770029546,6,lightgbm_raw
114,16.80053895282035,22.0281849410297,102.44370336172013,59.635354768983916,6,lightgbm_raw
116,3.849210220589504,5.020225557445906,62.858416735074854,52.75466805316386,6,lightgbm_raw
117,1.4105593632912257,1.9087468169818291,50.856675068945464,88.26808268110553,6,lightgbm_raw
119,1.5249538513823506,1.8555301603195773,79.67721588982641,103.66753329014666,6,lightgbm_raw
125,15.36680701089719,19.577675341764063,138.1241370192688,71.91435645801602,6,lightgbm_raw
127,1.5107922802423168,1.846607391619254,85.40251104165503,109.10770470553568,6,lightgbm_raw
129,1.8651737985950394,2.58697973332284,41.08540998929921,62.21793980881987,6,lightgbm_raw
130,4.118149975210938,5.115298492543091,149.8047168849363,74.7214378290414,6,lightgbm_raw
132,41.60570898899644,51.5470915728449,54.6750046959542,29.09789299820885,6,lightgbm_raw
134,1.8534489482360375,2.235726373231191,147.17721007535746,135.43087508329975,6,lightgbm_raw
137,14.5090529582514,20.431760017177993,48.31335565138761,35.24029909458229,6,lightgbm_raw
138,46.265821476104655,63.139775330618924,364.2342116302829,54.439963007747856,6,lightgbm_raw
140,37.3063553931806,49.58292085348305,48.005081238605385,43.14899130242825,6,lightgbm_raw
141,22.52600277913395,30.58405137319339,48.089912778860494,30.776126014461067,6,lightgbm_raw
142,37.333293551185385,74.29638287226283,36.592900548320245,33.257141911580995,6,lightgbm_raw
143,14.327383303464444,19.828998689672847,72.39406060216183,44.57132804761964,6,lightgbm_raw
144,13.736304758853322,19.75049517606638,106.0561282604441,54.94474766318748,6,lightgbm_raw
145,6.307793067463755,8.814989034580163,137.13635249921256,57.90516949089008,6,lightgbm_raw
146,1.5243347843408228,1.9049670844923896,52.79135683521512,65.76545022952831,6,lightgbm_raw
148,12.12520150095053,17.594119399434437,64.40415452519952,48.59515477674694,6,lightgbm_raw
151,12.096438465708815,17.427468970808405,40.489544139872734,39.72059820234718,6,lightgbm_raw
152,3.7809824681017266,4.7949421065531,53.08505579927111,84.29917888677718,6,lightgbm_raw
155,1.3011254578991893,1.70834706677854,67.33940413057576,94.11802893258407,6,lightgbm_raw
157,5.818701137786163,6.823246658971383,552.2360795004506,163.9040883762639,6,lightgbm_raw
158,17.813075048237582,21.919485462266874,116.3080367948805,62.39683495788328,6,lightgbm_raw
159,1.4583052995480497,1.8028211857656986,61.998774590223704,101.01899548018332,6,lightgbm_raw
161,109.5782828322014,159.32214999191456,52.55349082260344,52.47922859318661,6,lightgbm_raw
162,27.548518687190533,38.795310399752395,29.96261725497666,24.879299558898882,6,lightgbm_raw
163,46.66694029670045,63.320396107127365,112.20030112360374,53.71197863160165,6,lightgbm_raw
164,22.091321088550767,28.462589852726005,71.53794800646462,38.403045024542756,6,lightgbm_raw
165,1.4224691194336938,1.6215187950392398,67.69736730460829,124.92072894045646,6,lightgbm_raw
166,12.838121547857062,19.675927941082456,77.99213436246411,43.8508084741593,6,lightgbm_raw
167,1.3344509491518792,1.6650490323523914,62.82575818493712,98.82367329431064,6,lightgbm_raw
168,1.484629292688431,1.9198907552763962,47.036035640455786,68.38888155264084,6,lightgbm_raw
169,1.1825972444123127,1.3699420658932517,87.21135669245473,109.06866403599481,6,lightgbm_raw
170,22.51944560717048,33.39475835847163,37.21885619592247,25.608461910126525,6,lightgbm_raw
177,1.7372355279572178,2.32751449326959,44.550755605642294,81.09222325260188,6,lightgbm_raw
179,1.7505535912070573,2.2356282441251607,67.06343296816112,80.31318721434268,6,lightgbm_raw
181,5.72254873985234,7.904415778617514,150.4640552355899,86.15161854412774,6,lightgbm_raw
182,1.427523519392506,1.7701012561482206,64.50983529873287,104.57198406652684,6,lightgbm_raw
186,89.83656602569324,111.68255300956987,54.244484231765846,55.252027845431236,6,lightgbm_raw
188,2.5118765158216916,3.1467744179498234,65.01562802201299,80.7660040015944,6,lightgbm_raw
189,2.355191915306022,3.026518077053687,182.84165561416805,116.68736963927056,6,lightgbm_raw
191,1.5147849780283444,1.8692828531967707,94.85415362572938,107.0842752080701,6,lightgbm_raw
193,1.8480217322506463,2.624763261724394,45.574085814672635,80.3320473355398,6,lightgbm_raw
195,2.033894737479671,3.9593251456469956,81.50533175901751,108.36607362766763,6,lightgbm_raw
196,1.8537914659989818,2.2442029802652925,101.3494728564331,115.4079533413156,6,lightgbm_raw
197,2.388942411964945,3.182296260989422,73.58950594581114,95.27674020275101,6,lightgbm_raw
198,2.613536233066404,3.208673845761377,167.50681774771707,114.25353755579322,6,lightgbm_raw
205,1.3713061575923053,1.8163110570152243,81.33791319608403,84.82937063764447,6,lightgbm_raw
209,12.314976276862552,15.523693577714454,299.2971828267003,102.0619016749971,6,lightgbm_raw
211,30.33676790259479,37.301535697259176,353.6487272461114,86.4813428503084,6,lightgbm_raw
213,1.557275977147038,1.911510181486958,90.69427767138414,106.77396651193548,6,lightgbm_raw
215,1.5019232686920114,1.9323115072743144,67.37512502708279,101.31198872164127,6,lightgbm_raw
216,4.0412031517490545,4.9650264693443615,164.15324505225004,78.06240368297891,6,lightgbm_raw
222,1.4553922593558426,1.966860016144177,44.79742078018945,118.1824565543172,6,lightgbm_raw
223,1.8968326847744812,2.5676430372051966,83.66990618776384,85.04775715707878,6,lightgbm_raw
224,5.707357189677299,8.123490458071863,109.22711814408821,56.97274180802558,6,lightgbm_raw
225,3.099716372404929,3.997389991223512,90.21450140381565,75.03739230948457,6,lightgbm_raw
226,3.0761880175059253,3.991462862766602,46.28829758472903,45.719635951694556,6,lightgbm_raw
228,2.023988468019947,2.6312894683665715,126.74203623800533,85.4997369198659,6,lightgbm_raw
229,14.617360332259542,19.436212479282947,50.354864177430805,29.356149754142525,6,lightgbm_raw
230,39.93765718027917,83.16412959281134,48.58835528550481,37.602588982493245,6,lightgbm_raw
231,14.619651043222902,17.959132307880775,114.74301630347468,46.60935810646911,6,lightgbm_raw
232,14.22761697388004,17.263665546766703,181.36106584966547,81.51433420854957,6,lightgbm_raw
233,15.737866445616481,20.85890611117951,87.62074051929707,51.91484662071051,6,lightgbm_raw
234,30.980006674496693,40.78510149122112,56.317876310063255,40.36637601682015,6,lightgbm_raw
235,1.4071178032967246,1.950690886105952,43.16167183506096,103.51441465956923,6,lightgbm_raw
236,103.44750134768371,135.30602611728844,74.46340828159586,72.31460193148145,6,lightgbm_raw
237,113.28269296401639,149.72589980778986,127.07344547347834,69.42049476992925,6,lightgbm_raw
238,30.0203328039503,37.099151403192145,70.32925672500755,49.77501332250898,6,lightgbm_raw
239,23.501249631916494,32.47894755295228,72.00034064156657,32.69543813570242,6,lightgbm_raw
243,1.7427082391503401,2.401271139097337,54.947096415296585,67.2523040004305,6,lightgbm_raw
244,5.039596589690439,6.227317846880954,78.03273234241847,63.92300659860606,6,lightgbm_raw
246,29.401838560510765,37.633271948520616,76.67980855978081,44.73605300520384,6,lightgbm_raw
247,3.3184582339851096,4.333936842012968,160.25964627038667,100.11188184208594,6,lightgbm_raw
249,14.247922096704563,17.765912657207824,35.69968075743338,34.07154162291413,6,lightgbm_raw
254,1.3889655100010418,1.6857962141437297,83.09709324859742,95.72382797178768,6,lightgbm_raw
255,21.67444778211281,25.74044064911971,1234.7537554123119,143.3503181252454,6,lightgbm_raw
256,13.836956363244193,16.897748364629468,514.2773470692982,122.1488690341243,6,lightgbm_raw
258,1.868755844843146,2.2439137243760388,54.970770858365114,122.39103955662279,6,lightgbm_raw
260,4.42870095646883,5.422312606370039,286.22068437644367,107.12153484883737,6,lightgbm_raw
261,9.306634955011932,12.202968556932406,157.6044369044814,69.17226747502264,6,lightgbm_raw
262,28.01464354860143,39.43963998418094,61.95568961287704,54.0122136738369,6,lightgbm_raw
263,20.264102865832868,25.728345276446127,32.15457361681922,29.70226130297841,6,lightgbm_raw
264,5.7184462778444605,7.377259834430989,145.95236241121395,75.37281465949856,6,lightgbm_raw
265,2.3269226042573075,2.9053792743092615,157.42916888149043,94.31016655171913,6,lightgbm_raw
4,17.520830033801175,21.706343373697518,183.593878358082,82.28717612007071,7,lightgbm_raw
7,7.138499450175939,9.252700942241153,134.52150709707144,70.10932101851681,7,lightgbm_raw
10,1.9881915062775908,2.5570434118574825,107.18788854553438,98.2346018077889,7,lightgbm_raw
12,1.8887940485583323,2.3115091704682764,107.24182480451934,134.5123991457715,7,lightgbm_raw
13,25.60280965330753,35.69126983516212,76.71046524993751,117.80704602953922,7,lightgbm_raw
14,1.1680234196558532,1.5325401816639563,52.83303236300796,77.49194952599176,7,lightgbm_raw
17,2.4318864886052434,3.2072850951944294,86.25367296689261,65.36365133502892,7,lightgbm_raw
24,3.9563771319297616,5.076222138843956,36.62448223146602,40.32922090658979,7,lightgbm_raw
25,6.10600094649024,8.192802116096585,208.81590983458645,92.79432673926458,7,lightgbm_raw
26,1.517131992709371,1.8979117140617088,70.57947045737795,108.01409340990945,7,lightgbm_raw
28,1.7211026195271881,2.149303216143707,106.78431171940277,116.95052653100981,7,lightgbm_raw
33,3.4961698242644155,4.05985183761717,75.42938022335676,79.70825693432295,7,lightgbm_raw
35,2.6267634254376535,3.7685719108013833,57.09821556410557,86.93168184034049,7,lightgbm_raw
36,5.622249293124365,7.181995009237993,333.85678046556893,121.94006135889667,7,lightgbm_raw
37,6.0478376823555635,8.09877340903147,171.8399443847313,79.05227455067201,7,lightgbm_raw
39,3.648400578335528,5.374598024143239,57.38378874067078,104.54750063220986,7,lightgbm_raw
40,2.320639730764645,2.787148623271105,138.99570028552526,126.8128770041006,7,lightgbm_raw
41,11.67541426094248,15.264674918306369,95.79904214461106,58.37164983262769,7,lightgbm_raw
42,8.49824938265285,12.455957727505535,62.3022395392243,65.80621798682118,7,lightgbm_raw
43,33.33688940640145,45.603084370811374,80.788370239796,73.7793761183349,7,lightgbm_raw
45,15.542323429074157,18.371763395515824,255.11921897208478,104.81281654362954,7,lightgbm_raw
48,22.830293591969127,27.446010739370905,28.701815686072745,28.35253037198467,7,lightgbm_raw
49,2.72893375078244,3.726238921841867,74.62543513732479,75.7293843950569,7,lightgbm_raw
50,21.86149307372077,27.478743158400363,87.08806877316627,54.79853248545371,7,lightgbm_raw
51,1.3817254395409453,1.6888614396559676,60.36739051837453,92.45088371356273,7,lightgbm_raw
52,1.7201956541598282,2.1778180613027542,86.95261360383057,113.76724112641392,7,lightgbm_raw
55,1.7003485077504825,2.3773850034366646,51.33300914907504,94.80897656406505,7,lightgbm_raw
56,1.4380639777358706,1.8202449334117092,90.24531445942691,97.3200078226367,7,lightgbm_raw
61,5.406716911185849,8.066706941505162,48.43630317040771,73.68918504238682,7,lightgbm_raw
62,1.081776035593263,1.4725962488461197,38.61327640508589,60.608605919148225,7,lightgbm_raw
63,1.5825299550100949,2.0903274689435007,61.076811717769644,100.52173254992222,7,lightgbm_raw
65,3.058966370152969,4.051153448923759,106.2795246972527,67.6157319780616,7,lightgbm_raw
66,8.357242521523716,9.79741911839952,288.18018062125293,108.91852019190924,7,lightgbm_raw
68,21.198813727656958,26.30486578734598,42.67640775880864,29.130227638418223,7,lightgbm_raw
69,1.4455904267348878,2.1178040001410827,58.82478398622326,91.83073171989469,7,lightgbm_raw
70,25.001091112769974,29.980038777146166,224.58518968367702,105.67115439926152,7,lightgbm_raw
71,2.131225907130183,3.137085004622028,48.759357319162326,87.41065148288594,7,lightgbm_raw
72,2.5567955509764113,3.8993215953656364,56.24201519409445,92.7778927392955,7,lightgbm_raw
74,9.137510500504343,11.700423631642735,61.73946078306306,43.157124364057815,7,lightgbm_raw
75,20.715362716907823,27.58525262013255,75.02696913483308,59.30323310477926,7,lightgbm_raw
76,5.906580072664897,8.264977236514465,60.783944819002485,101.287128277472,7,lightgbm_raw
77,1.2721913529225026,1.7187883677756801,40.71464789434259,98.38159810173431,7,lightgbm_raw
78,1.3638976919582817,1.6622094314438678,76.3379640693745,102.69989758044056,7,lightgbm_raw
79,16.31985347381617,20.428389394651774,34.402037659596935,28.88765351553327,7,lightgbm_raw
80,12.959985744586824,16.96945939657542,503.73945210374654,121.81353149424807,7,lightgbm_raw
82,2.7791706347891165,3.4400912292007213,157.0991085244884,83.63427872937895,7,lightgbm_raw
83,1.9708089747228577,2.2912717343248925,154.31190907069586,120.40959543268433,7,lightgbm_raw
85,1.3926334464740648,1.7530971034290947,65.99226414938569,91.65351439699994,7,lightgbm_raw
86,1.323735035934579,1.6647894844796824,70.7209875316152,96.7659023068682,7,lightgbm_raw
87,8.61784546312092,11.514651859143484,99.95697400059302,51.313466451057856,7,lightgbm_raw
88,14.053010830284938,17.18637634011359,194.87052052947365,83.77246607595585,7,lightgbm_raw
89,2.804248316614687,4.6289643617919,40.6509021630211,76.10667432720878,7,lightgbm_raw
90,10.990233881327507,13.984903279801337,29.69054168283038,25.705437918016866,7,lightgbm_raw
91,2.014646647333361,2.808111886444514,46.929230002197684,92.45441898317313,7,lightgbm_raw
92,2.4342109271987393,2.895740791016737,184.65302111537042,129.7530058128781,7,lightgbm_raw
95,1.779357629448013,2.2777958080967258,74.09961759618554,76.17871395131696,7,lightgbm_raw
97,6.1514311227778675,8.07920976530257,176.3883819067481,90.73052228553944,7,lightgbm_raw
100,26.537095942842075,32.779465593019594,64.80158334803393,44.986550459370875,7,lightgbm_raw
106,2.546922011080288,3.169559399448366,174.43425061644578,123.80153394461531,7,lightgbm_raw
107,20.71349439586752,26.016949929111824,66.54244715605886,43.72370895336121,7,lightgbm_raw
112,12.504043698813723,15.706174624803893,512.1000210659058,112.92928913548457,7,lightgbm_raw
113,30.627929442528,41.55695282453722,139.3605955460807,53.156947378753785,7,lightgbm_raw
114,27.276544394034953,34.166279591495076,170.9006272095974,68.32632562428356,7,lightgbm_raw
116,5.536864157371372,7.358799932180505,74.56312704983839,63.22034485539253,7,lightgbm_raw
117,1.6196198869827103,2.0129321526375215,75.40140631298571,112.29065089445193,7,lightgbm_raw
119,1.377559952267622,1.7562588859538393,74.28349322312694,100.46156195920638,7,lightgbm_raw
125,9.832351947881614,14.371740783211358,135.41642486863134,56.644371096264,7,lightgbm_raw
127,1.6628352034864828,1.9779318968730912,82.67496094233994,86.5393345753726,7,lightgbm_raw
129,2.3853522979941357,3.050354203295892,77.87352684387454,51.65743061801087,7,lightgbm_raw
130,5.208008149476656,6.439129461488272,171.98802835984878,82.59765203412316,7,lightgbm_raw
132,57.11911643406382,71.28539857462451,61.305888463645275,32.42788637606486,7,lightgbm_raw
134,1.8077302973730491,2.141982685750978,129.6303980687367,121.23566449646421,7,lightgbm_raw
137,16.56874761898666,21.615088883003633,61.226766818164,34.729384195007945,7,lightgbm_raw
138,59.83514246714312,73.38654478639829,372.6025097927514,65.83158808206497,7,lightgbm_raw
140,51.67648763535268,70.00303958497425,44.874167088602654,49.738517277577444,7,lightgbm_raw
141,29.224842329672025,38.66895098106473,50.44016933367842,39.27610900836937,7,lightgbm_raw
142,26.48123619583193,43.921567653390326,49.387296986111416,31.94724771877053,7,lightgbm_raw
143,21.757438094366645,30.81277569421235,49.067945988968134,41.713137173962274,7,lightgbm_raw
144,18.01216145782981,22.61448238344429,126.73273472015319,60.91804890067353,7,lightgbm_raw
145,12.103413024966088,15.109685996283506,214.24199387686124,84.47833310521342,7,lightgbm_raw
146,2.536077587439022,3.2766566062337064,90.33298411761646,67.19335420102733,7,lightgbm_raw
148,16.995975505492794,22.00065377960271,85.4495995367409,53.59569971743476,7,lightgbm_raw
151,15.394797073082813,21.051475621501954,55.78019431672142,49.6459422225984,7,lightgbm_raw
152,3.3400783869561743,4.3954787690386565,46.192652412110476,65.90708852166155,7,lightgbm_raw
155,1.3224977098922746,1.6444239738154047,69.01994500984262,98.23284680865017,7,lightgbm_raw
157,1.798686438196718,2.1724552684854372,133.4404200568758,131.95251046085616,7,lightgbm_raw
158,16.812557065806804,20.894741766685396,142.49155284562835,57.96024047473395,7,lightgbm_raw
159,1.4314635644274851,1.8896306850757179,64.14138494794163,90.05779231893491,7,lightgbm_raw
161,121.52535050332843,167.24445115328274,72.73722776244415,56.954258503526965,7,lightgbm_raw
162,51.68297915757961,69.6533882107434,62.463536567425805,40.11028879081845,7,lightgbm_raw
163,31.03610666718647,45.042719208242936,47.32435420627034,34.889442035391625,7,lightgbm_raw
164,17.5971524164961,23.717035619838025,30.7989931282173,27.24850422369418,7,lightgbm_raw
165,1.4809840450948517,1.8872058485116148,57.43580308196109,112.65317743012577,7,lightgbm_raw
166,12.825730598923258,18.805341662563134,65.68419768106347,40.78913069008547,7,lightgbm_raw
167,1.4055679545634028,1.724094126561326,82.440920645621,102.74184719870175,7,lightgbm_raw
168,1.3016342693335519,1.9465402059063157,35.550471307274336,45.768179046926264,7,lightgbm_raw
169,1.4488423994494803,1.7429724647101055,91.48123712881389,108.36360309616164,7,lightgbm_raw
170,30.67306007629308,38.71211343894691,33.33936664225494,29.934642540858295,7,lightgbm_raw
177,2.219999783833603,3.065117577161934,54.995695127660895,87.01519258253154,7,lightgbm_raw
179,1.8743152780073948,2.1542981821993377,70.97996388231115,69.78238635885229,7,lightgbm_raw
181,4.052163726720593,5.2883488227224635,134.4734630349912,88.84876148111498,7,lightgbm_raw
182,1.6894974861763277,2.090714057979192,84.22030917902839,118.97168601930275,7,lightgbm_raw
186,52.3051943757626,75.41468373789304,64.00332450145648,46.31738100365817,7,lightgbm_raw
188,3.44995528807593,4.516392235591119,48.66765647298408,74.43021702943322,7,lightgbm_raw
189,2.400524257983164,3.0520623061177643,150.44234120953055,109.49030549425396,7,lightgbm_raw
191,1.7198640096874735,2.020689661208483,112.53561706399356,117.00692019910144,7,lightgbm_raw
193,2.334775287262152,3.3848719108436516,49.00163421602625,74.31971326060123,7,lightgbm_raw
195,2.0919944028222086,2.3590905409409064,167.9471864686425,138.14904795860852,7,lightgbm_raw
196,1.6713894117221721,2.0759218108806223,133.02247426021017,113.6150666727359,7,lightgbm_raw
197,1.6392568855480585,2.202270152463822,53.15603161282792,77.90588660032459,7,lightgbm_raw
198,1.8691734539115314,2.2398250558383257,120.64780557449765,113.99847808560317,7,lightgbm_raw
205,1.627494217008996,2.177543107235381,61.29870801705164,86.52038627301044,7,lightgbm_raw
209,11.177910413053802,13.596085258932826,259.3487214943828,102.40271875722858,7,lightgbm_raw
211,32.29596718831177,39.02943675840706,202.3675444233339,87.20503617652032,7,lightgbm_raw
213,1.83192031008757,2.502559980892293,63.38033146754945,103.8476351242582,7,lightgbm_raw
215,1.4605215656493638,2.032723851923777,53.754029752826796,80.86726806481171,7,lightgbm_raw
216,1.9200828394796907,2.3519797603431662,57.81913967084109,64.55313949281894,7,lightgbm_raw
222,1.2380652327626194,1.536434682222407,61.48943438672659,93.60157734530897,7,lightgbm_raw
223,3.2530481261068243,3.98890943983272,146.89898471931605,77.42706322808102,7,lightgbm_raw
224,6.464449960697626,8.500383933923365,88.92032024288525,59.59202697073829,7,lightgbm_raw
225,3.0130147940394605,4.615227281907378,54.3569061645809,66.14133339987156,7,lightgbm_raw
226,3.6705956874341656,4.6263810057163,77.07217994942496,46.33745242467705,7,lightgbm_raw
228,1.5114615131163767,1.9504336769130843,87.53709695637329,79.33013698258617,7,lightgbm_raw
229,15.875649630131278,19.81987890401494,66.80147207960151,36.454831404044086,7,lightgbm_raw
230,49.74547741865691,74.26060570503643,37.74467966037527,36.69783901407529,7,lightgbm_raw
231,16.588942988913114,21.957700478433747,93.5469924777003,44.88569005324163,7,lightgbm_raw
232,13.10648974629209,16.309411560875755,157.90890790509457,77.58210314464503,7,lightgbm_raw
233,21.323530347540807,26.269795037323693,75.55145678551348,62.625194194206394,7,lightgbm_raw
234,29.143508997668565,37.00983006596543,70.86122641046684,40.49075636917857,7,lightgbm_raw
235,1.5633674988078348,1.9182457876462287,68.80327232384424,102.86900479265127,7,lightgbm_raw
236,106.58538178146887,138.2229356286432,73.2401111811933,67.8081534748982,7,lightgbm_raw
237,142.22527517554366,179.22865848701795,64.82932484199317,75.94561814313917,7,lightgbm_raw
238,38.897898766930346,48.32655208501463,69.85306109575036,52.47926423994952,7,lightgbm_raw
239,26.224019673893668,36.270819363988885,59.73054718127572,32.24638494668259,7,lightgbm_raw
243,2.8600833106433172,3.7329428662916175,79.8175386334657,73.11505119499556,7,lightgbm_raw
244,5.401221121166188,7.263215963272023,82.58187392699674,47.38540156924967,7,lightgbm_raw
246,22.176247367707152,27.590794104517958,94.24470797736313,45.19579595264566,7,lightgbm_raw
247,2.626727894259083,4.0420439288020376,76.61445253589247,92.05805921067513,7,lightgbm_raw
249,15.882066364696726,20.158651818763154,42.93392660137827,30.11570079595273,7,lightgbm_raw
254,1.3954058247428038,1.713532550870189,50.820525251971645,99.989629127078,7,lightgbm_raw
255,33.62459035514604,40.188287472920784,1631.6502076493591,152.30841695374735,7,lightgbm_raw
256,19.50762712287347,23.690195082088916,868.6314927769682,129.79901631750363,7,lightgbm_raw
258,1.4416019212090745,1.7906532415733842,80.62802906272123,111.10014076997186,7,lightgbm_raw
260,3.620419695293856,4.469658876380731,225.52193513391802,107.0653572110612,7,lightgbm_raw
261,13.134797728030682,17.240617315680893,179.0615620320842,83.07525566873154,7,lightgbm_raw
262,51.10528625944912,70.13372199453595,65.1460334951397,81.34106304606131,7,lightgbm_raw
263,22.25636951880072,32.24759292529667,33.47918791171837,30.98918973207893,7,lightgbm_raw
264,3.583913328430583,4.619491882771206,65.19989919675167,88.98083631250434,7,lightgbm_raw
265,2.641717791538175,3.386285598656618,138.3910224517378,101.20808076237302,7,lightgbm_raw
4,19.253763757183204,24.638853027876575,176.84930201540016,80.68204315688699,8,lightgbm_raw
7,6.563263423746396,8.658318856452661,108.11972178786068,61.02861172767914,8,lightgbm_raw
10,1.4860106530809407,1.8708632418878806,55.01869846509414,69.55266531293249,8,lightgbm_raw
12,1.7062248038519237,2.175985791757122,105.31184353490308,131.08278323221916,8,lightgbm_raw
13,19.972722996692024,31.112511823672705,72.58973091529091,76.0265754763775,8,lightgbm_raw
14,1.4499915346017076,1.9212905309165094,61.16412564367759,79.75562156518605,8,lightgbm_raw
17,2.405077682654202,3.009135883226862,87.20297608435314,73.11608659812472,8,lightgbm_raw
24,5.413980849786481,7.097050961342559,65.3781062519121,46.8134729500487,8,lightgbm_raw
25,4.5868666967967435,6.325514990711505,114.41217390747664,82.70791120886805,8,lightgbm_raw
26,1.4869782452877072,1.8820158509051372,63.27814608123658,112.84269009177166,8,lightgbm_raw
28,1.5500638175346408,1.989034528657866,86.56326014313477,92.43695139051788,8,lightgbm_raw
33,3.311435604932118,4.448205166712824,71.45529734063241,80.05860606876584,8,lightgbm_raw
35,2.665397277896211,4.178305525539656,54.42178854442214,94.83209841229007,8,lightgbm_raw
36,6.540164370037277,8.620964052361792,343.56235224402855,111.9863009287274,8,lightgbm_raw
37,5.723669909729392,8.124697569720212,171.17804025463997,70.17464859240013,8,lightgbm_raw
39,3.6140454586044464,5.455118437515196,59.16766655153529,99.95110415103606,8,lightgbm_raw
40,2.1838782572315885,2.953789380957304,121.33375732121685,106.05890161032022,8,lightgbm_raw
41,8.15514227882281,12.061980910647213,58.56052520079351,45.571339230376914,8,lightgbm_raw
42,9.609617756323248,12.882989788650196,88.18370142196076,55.10541604162345,8,lightgbm_raw
43,33.62145358718145,44.87991177089014,144.6956098381253,73.87069362743581,8,lightgbm_raw
45,16.04349773957436,19.495310965073923,191.27092431346136,92.07242737173196,8,lightgbm_raw
48,22.00223888319726,28.16586730568559,26.77090115350545,31.04783014426057,8,lightgbm_raw
49,2.4347488865707994,3.3155057816822495,67.4780886107604,84.75225422245494,8,lightgbm_raw
50,8.032589577111823,10.253893600562932,44.837782360887495,35.71555553035227,8,lightgbm_raw
51,1.4872091645301133,2.3440746802137347,50.59803997121283,92.78983014797286,8,lightgbm_raw
52,1.4444497717389317,1.8459434228980385,84.25274866506601,107.26123966586374,8,lightgbm_raw
55,1.5103364372293437,1.9087690468906338,62.391509346138875,103.70861766290314,8,lightgbm_raw
56,1.588890312411504,1.9630897583153277,89.09424486352542,99.46060967726835,8,lightgbm_raw
61,5.334481666859557,7.0941312597928885,94.72280862645638,70.66391838523332,8,lightgbm_raw
62,1.7562567480849,2.2845944109074154,82.41040344261901,90.90549798316202,8,lightgbm_raw
63,1.6504058797030272,1.97723978111068,87.27201099388301,101.97281106119813,8,lightgbm_raw
65,4.028308989246844,5.156774455432626,81.77466266283402,73.50677714178407,8,lightgbm_raw
66,16.04697359431461,19.468904106959606,585.6503885107505,135.94626004543,8,lightgbm_raw
68,30.501293732451913,40.070848799400764,40.96825858155398,32.88664087286195,8,lightgbm_raw
69,1.608769730717815,2.371260367404393,60.79379675200618,101.73569925711847,8,lightgbm_raw
70,24.209775106962336,28.207301557329178,353.4298413570043,109.731760098969,8,lightgbm_raw
71,2.1748726241162752,3.0271289117323477,57.59536009753868,106.84520152468382,8,lightgbm_raw
72,2.6379417245131047,3.4856234769888705,68.6147045623907,107.4713123403812,8,lightgbm_raw
74,9.193785453277982,12.666468838894493,93.0052574490419,49.91418572283539,8,lightgbm_raw
75,17.881646319879554,23.379405737173112,41.34704610737118,49.89322113473914,8,lightgbm_raw
76,5.398847355177504,8.279890641932285,60.04124038759847,93.4794081980491,8,lightgbm_raw
77,1.667178711488566,2.0126856824655097,97.12211274595323,109.11966870169783,8,lightgbm_raw
78,1.078770823588416,1.2674145813679565,64.94908909596502,89.09957792818041,8,lightgbm_raw
79,15.833186832928845,20.532402567847452,22.082755464818284,24.208517480609213,8,lightgbm_raw
80,9.906500261748286,12.627772535200823,409.3949782087358,116.41495014653286,8,lightgbm_raw
82,2.292095423095011,2.8699424905746973,121.59560201008274,84.90708608744909,8,lightgbm_raw
83,1.8767118403453553,2.160549782399346,114.07219835532021,135.16918566231547,8,lightgbm_raw
85,1.8189455394174683,2.57964657781849,60.3845267360928,105.79069193736275,8,lightgbm_raw
86,1.6298528034228166,2.23348866676752,74.5214587117475,107.34317330882624,8,lightgbm_raw
87,9.663282284849606,12.998777932823142,66.14336036168098,44.68041218929671,8,lightgbm_raw
88,10.153646122824723,13.354625070994361,135.24247891572173,72.65925750691646,8,lightgbm_raw
89,2.9540963801696662,4.389560109461413,45.28576171780841,76.78158254901277,8,lightgbm_raw
90,15.411903769754735,20.47662042503359,32.44128847657192,35.331079856422804,8,lightgbm_raw
91,2.702332295873633,3.987564014189357,45.51875721621733,98.8841016604962,8,lightgbm_raw
92,2.710343244104235,3.4236004243174127,136.86660371744455,106.80676924652823,8,lightgbm_raw
95,1.2368886429904686,1.4821534922207737,40.7843687611173,66.28618319617341,8,lightgbm_raw
97,5.857312129701508,7.432517393309187,141.60002878521365,86.28676141020598,8,lightgbm_raw
100,23.83665455499735,28.91482128461909,56.87885043984694,41.93918378732125,8,lightgbm_raw
106,2.151095408962749,2.597481529657679,133.16989318478156,129.69425662359643,8,lightgbm_raw
107,18.532827291469985,25.32453489344386,27.232198588733475,26.878757627219148,8,lightgbm_raw
112,16.98595758354063,20.63486986421171,727.2912292436587,124.34579469846335,8,lightgbm_raw
113,29.35473342397681,38.63754153321861,60.689478058498814,41.70578377010009,8,lightgbm_raw
114,20.964068547023228,26.804964184857756,80.88036848444243,48.938649852169675,8,lightgbm_raw
116,6.052567299009884,7.712162687330387,126.14868020619032,64.65479514046807,8,lightgbm_raw
117,1.3335382083999632,1.7950598393884662,55.81378770195524,116.10756234321276,8,lightgbm_raw
119,1.2886064222343363,1.5897214856663113,64.37857939235204,111.03448531067686,8,lightgbm_raw
125,10.61052998344202,13.623400418067071,106.84617508278549,53.42490547880337,8,lightgbm_raw
127,1.272631024225873,1.5257251362610937,63.729562552227904,90.1455647953585,8,lightgbm_raw
129,2.971018432191334,5.036755414863821,52.509534594723725,52.859057442866174,8,lightgbm_raw
130,7.422356983894822,9.256446211772571,239.2180701031264,91.18148007663838,8,lightgbm_raw
132,61.25246962833622,73.71005919463416,75.22618356899925,38.934904197300106,8,lightgbm_raw
134,1.694824500056722,2.0102975366518563,119.4365649941515,104.78009654191906,8,lightgbm_raw
137,10.299096491770982,13.69135119498009,29.23974232657855,24.348465726350167,8,lightgbm_raw
138,72.44485104418133,88.56917897505231,515.1198993262511,72.7843732807403,8,lightgbm_raw
140,65.02949718396316,84.80152297397204,53.65235250233091,62.51879170853914,8,lightgbm_raw
141,24.227204097532194,33.672791911428746,28.47174686417443,26.965397992325325,8,lightgbm_raw
142,40.74586160867511,80.4203289864813,34.73079550842215,30.711038913272162,8,lightgbm_raw
143,14.980848709570282,20.333526084162752,79.19464634936155,41.44560438653991,8,lightgbm_raw
144,27.39009274559756,33.4516011662665,125.57450926495486,74.4512581074447,8,lightgbm_raw
145,7.9071898374576195,10.977047917359945,113.06490385155597,57.77626475745455,8,lightgbm_raw
146,2.507836306607873,3.103204787436928,79.28735163535812,75.10264893064986,8,lightgbm_raw
148,12.112913222065865,18.054026849228382,85.90739819464913,37.574686298777685,8,lightgbm_raw
151,19.206536320844055,24.39833611236032,78.57671372905638,67.58091015308905,8,lightgbm_raw
152,4.989103953474797,6.070033973940792,58.70807859701457,101.31394793567199,8,lightgbm_raw
155,1.4621422662891455,1.7807583431643927,63.400736746489216,105.79413595778817,8,lightgbm_raw
157,2.154562966386855,2.4906823939324334,147.75047919034876,142.818928754472,8,lightgbm_raw
158,15.339502754032774,21.10667578973343,48.70484449665876,54.35439286754627,8,lightgbm_raw
159,1.2725029396879328,1.5785482388326153,48.06433430721796,98.67005478055798,8,lightgbm_raw
161,144.06964159304263,199.8512172095476,94.19092319285176,68.10758440669873,8,lightgbm_raw
162,67.2356429840531,83.02599241288594,53.302336112231565,47.1107367473629,8,lightgbm_raw
163,45.650234683100166,61.769087658887564,76.46779727923568,42.71612939024508,8,lightgbm_raw
164,20.6508186768077,30.878283060934017,31.970071023403353,29.244849827747185,8,lightgbm_raw
165,1.4548862748844253,1.7823908268649655,61.94728144662546,108.33336647462293,8,lightgbm_raw
166,10.199177037831232,14.556533213053436,112.00833976406489,41.73442851705288,8,lightgbm_raw
167,1.4052796516329102,1.7240084348754108,64.18650007554422,112.73109973473072,8,lightgbm_raw
168,2.037502781163905,3.5231247333404867,51.06728686265916,63.66197850860602,8,lightgbm_raw
169,1.4594558627946148,1.782980202909866,96.89836874524718,109.47319849969035,8,lightgbm_raw
170,47.82554624800093,58.31038240804039,35.49207709758438,42.64579912672547,8,lightgbm_raw
177,1.8211824255806708,3.091488282279319,55.428444438575475,75.03223528809897,8,lightgbm_raw
179,1.986686778376205,2.9533924361133423,68.46088519370363,68.20755832121158,8,lightgbm_raw
181,7.7091865256460474,9.510049719720913,271.487614852918,113.60820391759991,8,lightgbm_raw
182,1.2914326006584143,1.580980288750696,66.5588057500456,103.5739540273849,8,lightgbm_raw
186,61.10082540473335,81.69151305372978,84.94155273312126,53.32349134907695,8,lightgbm_raw
188,3.1398163765349043,4.538774626770597,47.72086576317853,82.39384043305343,8,lightgbm_raw
189,1.7623864876010096,2.4520950992086443,90.10170313368562,92.76587797978311,8,lightgbm_raw
191,1.6137128297970602,1.9189620441177198,86.79076907636235,108.93274210827171,8,lightgbm_raw
193,2.324710308926315,3.2833856515250712,60.629792707038234,79.97689618873083,8,lightgbm_raw
195,2.175571174580091,2.5771325283027116,151.9880415646839,137.7266384991008,8,lightgbm_raw
196,1.515174961283425,1.7804714336406373,105.51311410455473,105.53148305637835,8,lightgbm_raw
197,1.934509917239559,2.523850402528263,89.1782575698822,89.64779082131868,8,lightgbm_raw
198,1.7926186122862866,2.1376654844180565,127.43553577078288,100.745677710066,8,lightgbm_raw
205,1.3805673702863313,1.8538894583072278,54.53076813776037,77.60776521238604,8,lightgbm_raw
209,9.818830331540644,12.076756995802766,190.4345090994113,91.75223713045017,8,lightgbm_raw
211,19.64884848415014,25.616387184833947,223.1056108552732,69.46308827179804,8,lightgbm_raw
213,1.7326634838779646,2.4529118865994715,61.84474748096568,106.00166039383235,8,lightgbm_raw
215,1.609747271216616,1.9884977710783607,111.12374893867656,96.95113569606063,8,lightgbm_raw
216,2.2035776393511175,2.919800923672287,86.36432641518542,65.80352666560414,8,lightgbm_raw
222,1.3195203522123393,1.6210872556602247,61.49991952837043,105.42403511028208,8,lightgbm_raw
223,2.2006187508749178,2.7089279963802233,106.36361038281095,68.21862107923727,8,lightgbm_raw
224,6.8290794881868635,8.616343061604415,109.86253421510996,71.2641729896714,8,lightgbm_raw
225,3.3344610076050896,5.042923464559268,57.50551290854159,78.89244601110688,8,lightgbm_raw
226,4.90210212927515,12.261092250581408,39.88209864081201,40.54050603918153,8,lightgbm_raw
228,1.8511993111616443,2.247931927703721,118.65584624656536,86.4780886156711,8,lightgbm_raw
229,17.83787240264914,23.79946531657506,32.435313960651875,31.860707466669396,8,lightgbm_raw
230,43.87735226039219,71.21205608393728,36.306611136723696,34.51615374088061,8,lightgbm_raw
231,22.766594210888616,33.974143744765875,56.47704214206293,45.30131805064332,8,lightgbm_raw
232,17.41720096339418,21.678607912339782,149.34106237565786,77.80815619358174,8,lightgbm_raw
233,10.792453978622374,15.115368705811628,55.88308494101045,33.6976162534532,8,lightgbm_raw
234,30.040393484752673,41.07740202599146,42.34724657631465,32.05368524504039,8,lightgbm_raw
235,1.4072932115141639,1.7825138917848795,66.94803870199446,100.95608237749138,8,lightgbm_raw
236,91.95019697926698,122.8564651909567,84.65907409924884,54.37774059554959,8,lightgbm_raw
237,149.6949659179355,187.08094556549912,78.90577841857208,67.20507872885125,8,lightgbm_raw
238,30.990758236654447,42.84960981684701,74.22370442663873,46.02584829345141,8,lightgbm_raw
239,22.065481504003554,31.61017121411557,35.86978634489258,24.427936510197082,8,lightgbm_raw
243,2.3092848336136176,3.7760452552248034,61.24377170843248,66.74601694211471,8,lightgbm_raw
244,6.3842291865788985,8.582489998441126,72.10708277917203,69.62483515904823,8,lightgbm_raw
246,27.598819287565487,38.547185287603476,75.27038036836302,40.24535732180028,8,lightgbm_raw
247,1.5809026012449259,1.8863239486925643,112.90083117456345,94.09858359298987,8,lightgbm_raw
249,12.92218198458027,17.36461149819412,25.61488347007735,23.073364301236538,8,lightgbm_raw
254,1.3131571548347676,1.8624910055344286,50.41604853798168,94.86819399136972,8,lightgbm_raw
255,30.987381162232058,36.804477480494924,1290.9089733950518,148.1288840475414,8,lightgbm_raw
256,16.925194391371857,20.739843962908083,725.3188256580657,128.60653103305376,8,lightgbm_raw
258,1.360583025941004,1.7492888146804526,62.36094756746303,114.82748107892519,8,lightgbm_raw
260,2.812090151332074,6.563475454404916,82.88696096577216,78.16235408926563,8,lightgbm_raw
261,8.46541261063164,10.774079361535437,102.47478626506768,63.51065701744049,8,lightgbm_raw
262,30.005476493248874,43.21781203507165,60.35727637042116,48.08600236855824,8,lightgbm_raw
263,39.38145712813613,49.482354777291725,58.469132421870405,43.348761105642744,8,lightgbm_raw
264,3.5566080362938663,4.454070329777321,86.58450195827344,65.3805051970427,8,lightgbm_raw
265,2.307201150959774,2.929186113199485,113.59505270194164,98.82896303261498,8,lightgbm_raw
4,12.402394596623159,15.792973209672681,125.3899428072637,74.49499753206645,9,lightgbm_raw
7,17.549982360803096,20.836980471119425,320.00197389286484,104.46351851384095,9,lightgbm_raw
10,1.757556668900578,2.6123715152144693,51.74168563561696,75.4711914362788,9,lightgbm_raw
12,1.7989763325094712,2.2850743604332404,63.87301223129393,133.88825113354588,9,lightgbm_raw
13,24.16457155297489,34.31784719342026,74.12602335915057,100.55758968890932,9,lightgbm_raw
14,1.3777603182555762,1.7214834624012796,74.33170229694053,87.36997185513394,9,lightgbm_raw
17,3.0004226588146694,3.857090681391182,105.39579712378107,79.22731101651594,9,lightgbm_raw
24,5.069729261046603,6.9012753719320346,75.12651343810073,44.79966447956798,9,lightgbm_raw
25,6.042823982916872,7.633657101890686,170.49755436107694,100.92276941813411,9,lightgbm_raw
26,1.8987398843576262,2.5346706803804526,67.03379608246281,119.03217405985886,9,lightgbm_raw
28,1.2759587987032674,1.5690814946010097,74.15619548168264,106.4239133253435,9,lightgbm_raw
33,3.9877466161864086,4.877541670869995,78.23465453079316,85.62352663120389,9,lightgbm_raw
35,3.168762669909872,5.083554648248205,53.81781045225848,102.70572803755077,9,lightgbm_raw
36,10.895840548632435,12.798876341768528,589.9897281001435,136.88554394389882,9,lightgbm_raw
37,4.527202304085432,5.5490352258291455,168.7205039468205,81.22373404913195,9,lightgbm_raw
39,3.962821574798379,6.21353193689269,57.61411160831093,104.88719013957162,9,lightgbm_raw
40,2.3621632336012794,3.1945429676108796,141.89429722784118,122.20980606824342,9,lightgbm_raw
41,7.697902369946675,9.464398647430668,50.38721243470068,47.39649362792022,9,lightgbm_raw
42,6.363461208691549,9.727882662514212,60.67666686731435,48.21889687485076,9,lightgbm_raw
43,18.815399214067295,25.029957219316955,81.36994116791605,55.202383788931286,9,lightgbm_raw
45,21.812699181617393,26.80372904163782,443.939485981951,105.51286164468705,9,lightgbm_raw
48,21.273670679884713,25.94026940342828,29.498519023246033,31.134589902206528,9,lightgbm_raw
49,3.0124923414426363,3.821826459071754,123.48586730731354,77.53301186609976,9,lightgbm_raw
50,10.7997297215204,15.483796191994895,56.031724833212536,41.00638772829256,9,lightgbm_raw
51,1.344895969721283,1.9938274524278272,32.02226502823438,87.08825963394862,9,lightgbm_raw
52,1.4187405443155932,1.80570532664693,71.46053665352163,102.58614936069,9,lightgbm_raw
55,2.2224939972729385,3.041749494209928,55.073382514777045,112.91664487198291,9,lightgbm_raw
56,0.9733570924985838,1.2312199286684742,63.294708247838436,88.74853239664412,9,lightgbm_raw
61,5.169553197152767,6.996230391253032,67.91545220508361,84.85623801213679,9,lightgbm_raw
62,1.3172407707394254,1.8989092060141066,39.20515162674232,84.04886783687375,9,lightgbm_raw
63,1.36404789012488,1.8318036685608219,62.22194516883746,101.11232722109007,9,lightgbm_raw
65,3.1445704394056424,3.9902998579701325,118.64110559153893,63.80512746219051,9,lightgbm_raw
66,8.820112195600968,10.58300291441851,323.46038295807193,115.3349944127123,9,lightgbm_raw
68,19.89105924324324,30.376408730600104,44.66125375266798,28.66532070751985,9,lightgbm_raw
69,1.5723971343938157,2.303619499728215,50.155921794061086,82.87507240393147,9,lightgbm_raw
70,13.190869058917292,16.338886138186044,199.1226167039416,88.94669550252968,9,lightgbm_raw
71,2.528493813097074,3.7849810115215066,56.35213003196261,107.17832579331798,9,lightgbm_raw
72,2.739813432937931,3.8470518149524744,53.250395327277,98.5734004663348,9,lightgbm_raw
74,6.054768206775833,7.42138597142134,51.956768476445816,41.56904502969886,9,lightgbm_raw
75,17.482782782118672,23.318886507139503,53.81821886250434,52.643821185861874,9,lightgbm_raw
76,6.798616862030177,9.206018307591732,65.63906648335231,98.66509722045134,9,lightgbm_raw
77,1.3451278636791832,1.7663920503548147,60.00223901698107,85.81968222853838,9,lightgbm_raw
78,1.1186534814528701,1.4054919195542224,55.19499460695613,108.08437870304004,9,lightgbm_raw
79,11.594189268019784,15.23590298010791,19.633347714903934,19.505146763247318,9,lightgbm_raw
80,14.068464245979406,16.481097702925908,654.8317052371733,140.9116880295078,9,lightgbm_raw
82,2.466418625771347,3.0174087938069025,93.60499273647565,80.71172834011468,9,lightgbm_raw
83,1.4815994994273993,1.846417752501114,99.44362847046347,125.55132880337864,9,lightgbm_raw
85,1.1710902522678164,1.6125107857487209,45.76624105115582,100.16309949759899,9,lightgbm_raw
86,1.1678191813730179,1.4293690050154568,46.40420544914817,101.50770011236177,9,lightgbm_raw
87,11.090240437062084,13.955419046848,92.25124671286538,55.41892951524844,9,lightgbm_raw
88,15.550850562583264,18.93491159686468,173.7203249523777,89.03940296665911,9,lightgbm_raw
89,3.7246190284615035,5.394253909249865,54.67996746013388,86.59558188852516,9,lightgbm_raw
90,16.426420327958937,23.739672595852362,34.042614490556396,27.614170554976237,9,lightgbm_raw
91,2.4168928440469215,3.560397515609846,47.125578151733365,98.40076641221596,9,lightgbm_raw
92,2.4173739594227146,2.881381732537925,146.5409606876837,99.40506799249157,9,lightgbm_raw
95,1.8264044605497787,2.287770320967579,51.67409513677714,74.254636300202,9,lightgbm_raw
97,7.098897833669974,8.373651469269175,194.22621027088465,93.91610112691511,9,lightgbm_raw
100,17.10571136769564,23.891658265239297,40.97425497419124,33.472824783500435,9,lightgbm_raw
106,3.1820919553692213,4.182936303606013,242.70222356846608,131.60252651614147,9,lightgbm_raw
107,13.584522408315573,17.649511296749935,24.29766535639059,27.596105197236067,9,lightgbm_raw
112,7.812291859314169,9.9735211768481,335.8605661498685,109.83954126695562,9,lightgbm_raw
113,11.057277164504455,15.524787378860466,60.105474168326225,34.26485994983482,9,lightgbm_raw
114,26.821089181394925,31.77884168499694,115.81816503110002,60.851050907525064,9,lightgbm_raw
116,4.688839377602043,5.83965180419085,79.04025432514263,54.80734834881497,9,lightgbm_raw
117,1.3309908420721752,1.6487635359902852,50.91430068212536,114.28923706763226,9,lightgbm_raw
119,1.1064392343308243,1.4915680424994222,56.89363635103077,104.67754674562902,9,lightgbm_raw
125,13.882327591116452,17.448214292789864,123.96093163615953,65.79955578644179,9,lightgbm_raw
127,1.6516101653934248,2.0815248149637156,77.82090750886212,104.62220588336147,9,lightgbm_raw
129,7.363744983849334,8.437195252497748,244.3617520081712,92.82415045058134,9,lightgbm_raw
130,5.218695723399324,6.485395187215779,152.26795320502177,77.00829309502728,9,lightgbm_raw
132,45.00408228245078,54.988900921421575,33.655992948201714,40.41140661245894,9,lightgbm_raw
134,1.3366069008149655,1.7159645322223254,85.4053147227058,104.9403996869102,9,lightgbm_raw
137,19.73350133182143,26.745799481860924,48.949436088783216,33.17229959944851,9,lightgbm_raw
138,58.95775036619691,78.99374560136998,222.68110580659985,62.39781521319919,9,lightgbm_raw
140,42.78116785713337,58.13978240558898,111.89745110152867,51.39608920073789,9,lightgbm_raw
141,20.958118331944416,28.450352833165333,30.10650240249248,27.422322208164,9,lightgbm_raw
142,37.94751020057351,69.36822814721178,60.99962050124732,39.61553046469465,9,lightgbm_raw
143,30.69323146901928,39.15478996927251,85.6262538263776,70.54520608050777,9,lightgbm_raw
144,35.16264069494422,43.80704567166349,207.2080222174589,83.31979441759671,9,lightgbm_raw
145,7.514716574050421,10.029309740091925,114.0998243678662,65.37488177504092,9,lightgbm_raw
146,2.8917797027827064,3.9186915074230133,111.9439530831666,72.70783074426468,9,lightgbm_raw
148,15.660309568743912,20.720932797209358,70.19143120902352,47.19274548810788,9,lightgbm_raw
151,14.69734904506584,20.00402869565689,72.03529175337857,42.5427316250294,9,lightgbm_raw
152,4.138851563523342,5.610052369642025,52.28734664086602,85.68387651289324,9,lightgbm_raw
155,1.0315774910060203,1.4163610956274093,43.09710294863423,80.87565114296667,9,lightgbm_raw
157,1.4902243738442718,1.831716954088361,75.32743716024139,122.24620349440902,9,lightgbm_raw
158,22.074413491129604,28.002707525817517,108.03806261714774,63.855745234367696,9,lightgbm_raw
159,1.1210888179872276,1.5343433295647693,45.462595345421875,85.49988920439183,9,lightgbm_raw
161,110.57064852049673,148.50057612751786,57.711697273637256,54.21505689620511,9,lightgbm_raw
162,40.69756457920502,58.179830292930276,67.19139345017605,36.52468979241971,9,lightgbm_raw
163,38.8268578377174,51.81539636356732,66.41560556742019,45.03978456052741,9,lightgbm_raw
164,26.1600074593749,38.460950093590064,38.25914173398108,34.19861175606675,9,lightgbm_raw
165,1.4009953785772193,1.8678441656073816,47.39711977889647,109.17699571976759,9,lightgbm_raw
166,8.370347466969788,10.778159988191424,59.23215181771692,35.309225627471335,9,lightgbm_raw
167,1.1095946827786287,1.476201399284417,60.13843842860346,101.85538440319431,9,lightgbm_raw
168,1.3250820392887506,1.8842502034803774,54.95147364775539,71.93414422541981,9,lightgbm_raw
169,1.0072912168484123,1.315522070045788,43.279297393996494,94.0226307022272,9,lightgbm_raw
170,25.168394290308527,32.37748034232655,44.72516494936033,29.984599600995068,9,lightgbm_raw
177,2.043574199676145,3.0180756754052567,42.01653772257177,84.98594591460959,9,lightgbm_raw
179,1.7023637884493124,2.090011657491081,59.8553391646958,73.34059334095751,9,lightgbm_raw
181,4.135868456096427,5.564264847779625,131.6622823536027,74.98065362584285,9,lightgbm_raw
182,1.3090112201841322,1.858256975612128,39.50943562662471,110.37147412651693,9,lightgbm_raw
186,50.59848265794947,66.07114317675256,66.88872101988696,46.598517848757716,9,lightgbm_raw
188,3.8456290665981427,5.278666192163198,58.081310489366004,100.63400028504331,9,lightgbm_raw
189,2.2408493940523795,2.8822070114383678,109.96540954367804,95.08584335183662,9,lightgbm_raw
191,1.3471132763269669,1.6981284304727657,52.48711654846654,109.1107002124193,9,lightgbm_raw
193,2.099786170155682,2.9782351757028307,72.19002827394733,83.2547203287631,9,lightgbm_raw
195,1.7605335654496423,2.3525784525548583,123.17947732383836,110.9100519581134,9,lightgbm_raw
196,1.4029695405561349,1.7214450725461423,54.7906919133084,104.32382247040282,9,lightgbm_raw
197,2.6327448007367864,3.7121664973569466,68.79988348629556,105.59704630765862,9,lightgbm_raw
198,5.130049614321616,5.822039967781964,341.21413689089,134.15924921354488,9,lightgbm_raw
205,1.6232818044333932,2.129003204308082,65.10444380190759,89.56989433124363,9,lightgbm_raw
209,10.253586245986797,12.558758913044137,219.58270305896673,91.64892302018218,9,lightgbm_raw
211,26.386031205562816,32.91633118502827,247.80000648804082,90.64243975447971,9,lightgbm_raw
213,1.4285471811185697,2.2276278800993983,49.68621372561775,99.75577340373091,9,lightgbm_raw
215,1.492488115676491,2.120928418170084,53.06743500031325,96.4669666355839,9,lightgbm_raw
216,2.346829020372082,3.282274705078174,56.58679348004928,70.69643034961206,9,lightgbm_raw
222,1.2607099056129671,1.6257432055068088,47.75596590243534,103.66260291199801,9,lightgbm_raw
223,3.426132199595003,3.946980236478374,137.52294730525531,89.86175096358575,9,lightgbm_raw
224,4.038581902189762,5.299135958693406,50.961884613758954,48.06542272543826,9,lightgbm_raw
225,3.3482147887429954,4.945247128021831,53.07324750995326,76.22356834865708,9,lightgbm_raw
226,4.184439707797357,6.737086052376501,60.87352110962713,58.30314347500494,9,lightgbm_raw
228,1.7029892317895012,2.1751518214657866,93.2758928464628,98.60386554071893,9,lightgbm_raw
229,22.069044096131478,30.976587813970742,44.490979510165054,36.07660449798074,9,lightgbm_raw
230,34.48006563719432,60.195597925798985,36.81393949647645,30.75435772645423,9,lightgbm_raw
231,12.270612218511294,16.58089055436681,110.27519276124478,41.49664796994753,9,lightgbm_raw
232,10.547639703496442,13.517359497028963,141.9633322144046,68.401576248557,9,lightgbm_raw
233,8.789324461309874,11.73115977625205,60.775114591822785,35.52215063562564,9,lightgbm_raw
234,25.24945223575487,35.53191684368892,58.75718902567462,33.373222787263984,9,lightgbm_raw
235,1.1990077087804418,1.596673668413825,38.861231201035196,93.77612053776356,9,lightgbm_raw
236,105.64863991562083,139.3568190184703,80.33911798630868,63.5512420898044,9,lightgbm_raw
237,118.56102067989228,151.46147977242092,88.50202323227374,64.84586727410944,9,lightgbm_raw
238,27.118025114142,36.82760313453554,89.68916367750782,42.22895687456061,9,lightgbm_raw
239,22.91819473884038,32.318406118299244,46.224792035487845,31.62318092519215,9,lightgbm_raw
243,2.241415083353485,3.212756472331541,68.11019990091295,69.35203179977934,9,lightgbm_raw
244,4.261306018668572,5.4831164792968865,71.50443735469236,49.424481971666104,9,lightgbm_raw
246,17.6180155886514,23.726750176947014,99.9606917461002,42.36049188303186,9,lightgbm_raw
247,1.4283889404791426,1.8994469172836659,65.73151296482239,87.59012379651995,9,lightgbm_raw
249,12.678417337799637,15.309095896675545,27.105147708935757,26.495095853395515,9,lightgbm_raw
254,1.368181661142138,1.7220298884910923,53.44823737316962,116.18468463364165,9,lightgbm_raw
255,41.29854918064601,49.33940129240244,1835.2374910604733,157.78912448363906,9,lightgbm_raw
256,19.966618836914858,24.076104696234534,844.1251866366049,137.37919045431786,9,lightgbm_raw
258,1.461460762482299,1.9557116542833275,75.22994705037327,103.47501354341138,9,lightgbm_raw
260,2.137800222188737,2.4968286601412566,121.2462351987321,102.91616397345409,9,lightgbm_raw
261,10.439060781694648,14.182736016962998,137.32959686756158,70.38826135391274,9,lightgbm_raw
262,35.8426088071045,51.99341726710089,58.009094601404456,56.402090078237556,9,lightgbm_raw
263,28.90589149013755,38.330775356231136,45.346693271411276,36.08248314497373,9,lightgbm_raw
264,7.760723331628754,9.561636782012837,181.1601015726353,85.06939556801065,9,lightgbm_raw
265,1.920148769680256,2.4509303546567978,118.02424440341626,102.90985390383878,9,lightgbm_raw
4,18.645275036589293,22.840714000615723,253.47127295242694,92.2303893173891,10,lightgbm_raw
7,3.7603434367109876,4.643154098969601,78.91443849513358,57.472386705703805,10,lightgbm_raw
10,1.9224065491837592,2.810997542773866,52.40363832139322,88.35842033006668,10,lightgbm_raw
12,2.008022861089935,2.5199887545126765,87.73142548665469,134.45018166624484,10,lightgbm_raw
13,14.870961024604327,20.974014048689092,80.58895224758976,75.24951211813665,10,lightgbm_raw
14,1.6730998345940742,2.1859613609378403,58.64585329050449,92.39658062272811,10,lightgbm_raw
17,2.1463536932555005,2.903298125970192,45.22049140371792,64.82780762155875,10,lightgbm_raw
24,5.270406721106635,6.637452362671238,47.49009811586421,45.427117846669034,10,lightgbm_raw
25,8.471516137872381,10.329916141791326,257.6483292415421,112.1286614600815,10,lightgbm_raw
26,1.7472156660302176,2.3091380806802246,74.43653581099721,94.615270750031,10,lightgbm_raw
28,1.6288769752313563,1.9638318305013909,82.78867601234103,107.76606195327038,10,lightgbm_raw
33,2.8984885981257,4.054909786533419,53.49023711014437,59.21220052369902,10,lightgbm_raw
35,2.4276340593190215,3.5833126050188544,52.72236748475502,85.13898551648744,10,lightgbm_raw
36,3.8428161165730508,4.611515382590445,247.69223259380163,103.58768764591673,10,lightgbm_raw
37,5.500490134794006,7.346226630922683,161.1269034923021,85.08458814577666,10,lightgbm_raw
39,3.967384605153432,5.903033740992555,51.996755733228774,98.12463289932464,10,lightgbm_raw
40,2.07984290263995,2.5405612155770276,136.67194546740683,116.1503555498411,10,lightgbm_raw
41,16.84719942677152,21.356014808741076,102.43838242196742,60.479024723359,10,lightgbm_raw
42,6.736998764343782,9.953241484353633,52.683188027303395,47.852130708303925,10,lightgbm_raw
43,32.955649134669585,40.080384124825336,89.83383226493942,80.51630510599644,10,lightgbm_raw
45,13.631904042196725,16.241986669578054,305.8698959856284,97.65582090764526,10,lightgbm_raw
48,20.838200535556883,29.371909879626024,23.270686512339847,24.2490948836537,10,lightgbm_raw
49,2.4496487041097983,3.1927369504107075,58.650216004603486,91.86713031516395,10,lightgbm_raw
50,12.301259225145316,15.377539220974786,72.48073886541852,44.589614566219105,10,lightgbm_raw
51,1.4875037027774516,1.8725788203014098,63.738321082420356,87.22567018837314,10,lightgbm_raw
52,1.6854279016299902,2.0819541219699342,106.41532488888885,99.2272545751423,10,lightgbm_raw
55,1.2631311995549546,1.5680998805464088,59.30453646816858,84.97045797531072,10,lightgbm_raw
56,1.4115951071674235,1.6950376667209646,84.92218870782976,113.91108469288173,10,lightgbm_raw
61,4.486967082389604,6.22768519544629,65.22386996382366,66.16746947148071,10,lightgbm_raw
62,1.2615612952260393,1.553631597512525,48.706453256344886,80.88782390902526,10,lightgbm_raw
63,1.397391393306077,1.6680334621676867,84.65899780742895,109.66914880294424,10,lightgbm_raw
65,3.5985285316034386,5.096810531153178,131.14963224413057,68.94990232890551,10,lightgbm_raw
66,4.857188570582111,5.886477516234515,173.1474802622352,98.78604451413725,10,lightgbm_raw
68,18.430373402492542,23.784141524329705,45.36853933073648,27.901907987665453,10,lightgbm_raw
69,1.6039370443407943,2.26460528055195,59.50299366870835,94.02005844978807,10,lightgbm_raw
70,25.464865545177755,30.188491056994394,305.33259822884906,112.59167774142391,10,lightgbm_raw
71,2.2774172202207845,3.0133959616940023,51.20840075676979,103.29139610985129,10,lightgbm_raw
72,2.5166889080761585,3.8072053533521273,50.81319547205162,84.83627372329295,10,lightgbm_raw
74,10.35385494388397,12.586365974104403,79.77750582383429,54.388894942652804,10,lightgbm_raw
75,24.254652245106275,30.749886594670546,59.79138956044996,78.5523947409802,10,lightgbm_raw
76,6.2790562244561245,9.196770444367242,63.09565105287952,96.74682201401333,10,lightgbm_raw
77,1.3990571293577412,1.7343773881800204,55.45348134514669,83.66548533259196,10,lightgbm_raw
78,1.5154811419162455,1.857485521479832,87.15191389138303,108.55889397608024,10,lightgbm_raw
79,17.5924718803747,29.00294225762579,24.268649295035768,26.202406575987823,10,lightgbm_raw
80,9.547149279574615,12.292633897254971,401.89599187708825,114.78863367439307,10,lightgbm_raw
82,2.0825931229530164,2.4475303575134126,108.15486076251717,92.42900706545986,10,lightgbm_raw
83,1.7468664828525344,2.0538413111109253,109.66191192046477,149.1229016401783,10,lightgbm_raw
85,1.663560181273428,2.0479245436294176,100.86740222901409,104.240294301492,10,lightgbm_raw
86,1.2272816593537643,1.4685852596105802,66.56431317573441,110.14703584031663,10,lightgbm_raw
87,29.11815755868174,34.73872402555944,201.31678397907845,89.72160861598674,10,lightgbm_raw
88,16.165730957457587,19.69483681374185,217.8446728509483,90.01316753013613,10,lightgbm_raw
89,3.105699159174632,4.836885403473636,51.06926956549485,78.72590111822565,10,lightgbm_raw
90,11.355146567564654,15.154106265316623,25.024924317510266,24.35288942358991,10,lightgbm_raw
91,2.1063010760129988,3.223799672037574,49.43636144537017,88.63339788880926,10,lightgbm_raw
92,2.4680933617402796,3.123865002619762,188.76173665578375,115.14502971078707,10,lightgbm_raw
95,1.6820855545880757,2.1624067841451216,71.12179287322856,78.57292657118167,10,lightgbm_raw
97,7.2140374411847406,8.679271883047491,175.9087267249462,97.80418126994323,10,lightgbm_raw
100,17.271560046489643,21.28701602241476,42.65442791425091,35.964395088353434,10,lightgbm_raw
106,2.502611021639878,3.045086608252812,115.54928961091842,126.5909067656932,10,lightgbm_raw
107,14.804343448850963,19.794564952573243,22.396660804620353,21.93172192049862,10,lightgbm_raw
112,11.121579173713917,13.267252744856483,427.77167796159557,123.53026494733331,10,lightgbm_raw
113,18.93316270283105,24.113307378203828,48.577024017786,35.62218148466073,10,lightgbm_raw
114,28.850405945490564,36.148866096018025,124.23059319137009,61.55510670425326,10,lightgbm_raw
116,5.131385652626644,8.540351495595452,76.4525089584492,55.9736573854772,10,lightgbm_raw
117,1.3834448422099328,1.7727369202047114,56.51084981416685,90.52404082136167,10,lightgbm_raw
119,1.4177947734318124,1.728258311894729,65.34356205314832,104.51322332871574,10,lightgbm_raw
125,15.936383250934568,19.45086780062639,129.8248761804402,74.99473623460142,10,lightgbm_raw
127,1.6559853210036428,2.165805142747025,86.20369854832369,86.6210075012117,10,lightgbm_raw
129,1.6346123680757862,2.016356460889133,59.317947668952684,48.17872515653474,10,lightgbm_raw
130,3.2841051876400975,3.906963901682455,129.28268624887363,73.03645105717573,10,lightgbm_raw
132,36.67927477228424,45.22475286650657,37.246495210462264,35.863488137159315,10,lightgbm_raw
134,1.68107272080569,2.048276947653666,111.54690538053431,114.18650196706703,10,lightgbm_raw
137,15.021356077534634,19.765438633938352,63.312395962139156,34.5793587643669,10,lightgbm_raw
138,61.95130474312182,80.23617963483105,370.03217065277806,63.83008624470907,10,lightgbm_raw
140,45.27033995929403,62.2662608355035,76.2704640079125,49.86958209024694,10,lightgbm_raw
141,22.603472025779762,29.659886776986173,30.16023212816424,28.50434638210852,10,lightgbm_raw
142,33.88067628459909,56.59601062301506,76.76985245312332,38.74427558030795,10,lightgbm_raw
143,27.10895283251214,36.117519794553985,49.65184786187952,59.46644849673661,10,lightgbm_raw
144,16.286361645726792,20.07518388912541,126.9725319629015,61.812896622096936,10,lightgbm_raw
145,6.494405815750864,9.221104750909829,103.89702203430211,64.40212635215615,10,lightgbm_raw
146,2.7660163182302586,3.7385670324808924,107.60686144017215,68.59712263209947,10,lightgbm_raw
148,32.732573276034366,40.28159950618354,131.75230566982125,69.72676829804173,10,lightgbm_raw
151,7.655096763531271,10.128207664895836,46.22500816752181,36.83749539113061,10,lightgbm_raw
152,2.971145507305266,4.036333856519531,63.49371715515208,62.808310630096294,10,lightgbm_raw
155,1.4811770718550303,1.9143317736470946,72.47073396940795,89.25032911792657,10,lightgbm_raw
157,2.2673811918231057,2.5682427633020124,193.21634467632958,152.17490934182237,10,lightgbm_raw
158,17.634167599108974,20.9360845140067,106.63803060618527,61.90810123685451,10,lightgbm_raw
159,1.3513523923467214,1.6333213729944207,69.00432296720233,91.48948980345062,10,lightgbm_raw
161,94.96789046889677,129.6264900421362,81.69613449963697,53.38427041600345,10,lightgbm_raw
162,32.98737224957526,46.54535657405044,68.00104853913894,32.55458448119186,10,lightgbm_raw
163,29.951457324942727,39.403112293720696,64.34659874278925,38.530353832662165,10,lightgbm_raw
164,25.519151062436077,35.95652265525951,47.214558669726806,36.886173203626996,10,lightgbm_raw
165,1.7178155181477583,2.1235983813793444,73.93659401780059,116.32580558755448,10,lightgbm_raw
166,10.305639571301867,13.824241755994073,70.30028439381284,44.74789187594484,10,lightgbm_raw
167,1.3291390538093726,1.573085150215617,81.03978945821659,105.28471002891563,10,lightgbm_raw
168,1.915079484944881,2.265674476796677,96.69484980764767,79.54109884468309,10,lightgbm_raw
169,1.5026248715187307,1.8170696551813321,94.01695639244772,121.98323599795691,10,lightgbm_raw
170,19.603405710718818,26.386776402171634,44.57709471198352,27.095383181237825,10,lightgbm_raw
177,2.149646796848684,2.7434650604955095,78.46489450185926,87.3194231609931,10,lightgbm_raw
179,1.856018685328171,2.4493643642839618,57.73878938601179,74.21685983222363,10,lightgbm_raw
181,4.092274011378824,5.1092887800459765,137.00022546113354,86.0957038951726,10,lightgbm_raw
182,1.3472057531618746,1.565704579516805,81.73999799919139,105.76389430230397,10,lightgbm_raw
186,62.928770908056045,76.5087946623624,76.64298866252862,50.86594237046026,10,lightgbm_raw
188,3.172429174228386,4.051496491560184,49.16785307962036,83.80134254072432,10,lightgbm_raw
189,2.3749150256718337,2.930190708897536,140.1109456245685,103.98687248066199,10,lightgbm_raw
191,1.3385509493745331,1.6607077390813163,70.77521748271703,94.4964068452686,10,lightgbm_raw
193,2.1060523079969244,3.1031520653967624,51.558373674347145,71.91297763620075,10,lightgbm_raw
195,2.145184179417626,2.5906562161403537,124.53789815561176,122.6864616806623,10,lightgbm_raw
196,1.6217403837935889,1.9565373388708212,74.1040476774966,107.12399765248546,10,lightgbm_raw
197,1.644153234174451,2.4615391898048977,56.41825885558083,79.21144746835232,10,lightgbm_raw
198,1.7761174134460678,2.073675217879585,124.36606211178145,113.11302828347425,10,lightgbm_raw
205,1.3650537133514957,1.727399744519017,54.3013586582474,102.10060462019574,10,lightgbm_raw
209,14.961687106447934,17.85451852749607,440.1412139265855,112.57434727082149,10,lightgbm_raw
211,28.091083140930305,34.144998736976156,279.54095632701643,85.83870728322229,10,lightgbm_raw
213,1.5123094197652385,2.0825530255765177,44.97382529757432,90.26725804833097,10,lightgbm_raw
215,1.3727222961452206,1.659412460835279,66.42367977046393,84.06594272026656,10,lightgbm_raw
216,2.142545953667097,2.8834514040292096,52.4845766977422,66.04193032813676,10,lightgbm_raw
222,1.2754412732432494,1.571612778715255,49.466485747243276,104.70211273165751,10,lightgbm_raw
223,2.100970251247254,2.764337698443404,73.99612466932976,84.94714521930241,10,lightgbm_raw
224,6.915293280959285,9.005930413660206,117.122077714288,68.9196456969921,10,lightgbm_raw
225,2.8684718159375002,4.276512925185271,43.726231541754956,63.65141279363419,10,lightgbm_raw
226,2.9536295941726767,4.023861621876808,43.12859305340518,46.96305991991816,10,lightgbm_raw
228,1.6343258114300483,2.1338787343879027,85.27092808127324,73.55316079862936,10,lightgbm_raw
229,22.8522906530454,31.08326854810793,60.47255754728068,33.45743373666459,10,lightgbm_raw
230,29.730091239224095,40.337997597338756,39.328146049049124,30.583815928497234,10,lightgbm_raw
231,15.016769465999097,19.38010357233977,86.09679852486315,44.98005024940509,10,lightgbm_raw
232,10.879810519314356,13.65517735292707,119.37149866401154,71.405456688946,10,lightgbm_raw
233,11.923722006536698,14.969383806186556,62.642456288397796,38.823300360091594,10,lightgbm_raw
234,29.532135365526727,41.63361278581475,37.05505641485251,31.705948249301525,10,lightgbm_raw
235,1.3066554876268095,1.7502057826011574,54.205425217037394,94.6342087146321,10,lightgbm_raw
236,108.5804500666157,134.96556306891398,74.53349575263987,60.45126499239629,10,lightgbm_raw
237,139.50427228113142,171.05801281648982,72.90116298904755,70.21799248507847,10,lightgbm_raw
238,17.96651140504022,24.298933741886714,51.88920032189134,32.21498962996322,10,lightgbm_raw
239,27.35359338009029,36.8278764448871,47.39688416693404,32.626394425431265,10,lightgbm_raw
243,2.13065199602755,3.1187776774574805,59.80428937398199,62.04789122671891,10,lightgbm_raw
244,3.9820953283681297,5.103561511622503,53.12442910516355,53.20688818638522,10,lightgbm_raw
246,34.502532666074636,47.90357667387718,126.14808203196448,50.8557725205462,10,lightgbm_raw
247,2.348781196332287,4.324294922274791,70.25895855098446,88.88387206006723,10,lightgbm_raw
249,23.627902231042285,29.703869537538086,58.86120778848246,36.95077341628117,10,lightgbm_raw
254,1.2994298198459857,1.6233561044333789,63.22423896154903,100.84302680727622,10,lightgbm_raw
255,32.52302549333256,39.002029051521376,1330.0195601311823,150.5907935301725,10,lightgbm_raw
256,14.16912357688206,16.683274447676016,568.5040537607323,129.86421708081764,10,lightgbm_raw
258,1.517586945864081,1.86640773526937,84.09530827389722,121.65809202398138,10,lightgbm_raw
260,2.2105155128180876,2.8392283897706525,134.66185879210292,81.25965595950062,10,lightgbm_raw
261,9.749378375393155,12.25672223936311,156.9045077165928,72.55352776845886,10,lightgbm_raw
262,37.700350109060345,53.551764726158616,69.156739467472,65.61210555758932,10,lightgbm_raw
263,39.676936109430294,51.73578396628336,46.93525437386335,37.11845992226731,10,lightgbm_raw
264,2.8617018715319062,4.063028084490115,34.68394555799516,55.39048124432065,10,lightgbm_raw
265,2.8454302195969134,3.515162484855767,171.7857664353906,100.8964086154461,10,lightgbm_raw
4,15.027393798157922,19.490212576421058,110.75075132555435,60.197301877455494,11,lightgbm_raw
7,19.0339792094284,22.926055899401483,275.3821018513474,103.54271483245714,11,lightgbm_raw
10,2.3999716307913914,2.931768708153564,124.1018919399658,84.74082753590415,11,lightgbm_raw
12,1.9966628517947342,2.448975837146491,91.70478901124068,136.26824669481962,11,lightgbm_raw
13,21.37031157367248,30.14706435331024,62.90848440926495,87.55271354659489,11,lightgbm_raw
14,1.6511896249002085,2.0738043649293614,38.254473914440126,82.07438794080389,11,lightgbm_raw
17,2.21044939527098,2.8556108710979466,46.93496131990776,60.946384691473234,11,lightgbm_raw
24,7.481863932551811,9.713529074484104,52.70808008728648,61.99065903049236,11,lightgbm_raw
25,4.014725584947967,5.257628627474113,98.56926945385447,77.221689056875,11,lightgbm_raw
26,1.6079385972494948,2.0217469932361416,69.37222751293699,100.05527618788422,11,lightgbm_raw
28,1.7554006038465646,2.095556025191495,109.24585116867449,123.83426409624435,11,lightgbm_raw
33,3.222368648580195,4.059152298497272,72.46960300585734,72.9706036923467,11,lightgbm_raw
35,2.850392087577886,3.988888199875651,63.073329727038185,92.72694125743836,11,lightgbm_raw
36,10.198807030704577,12.028287438174525,613.4727293858698,139.13997662745695,11,lightgbm_raw
37,3.867291420815313,5.143119498367832,124.24932706544854,74.48995581655531,11,lightgbm_raw
39,4.601170821800348,7.2404790672677075,62.96521616011063,98.0894966326756,11,lightgbm_raw
40,3.0672449457269964,3.59745267054197,208.70876042707417,127.66308866661814,11,lightgbm_raw
41,32.74404230777022,41.051055661885414,162.35104995712123,78.16745604490892,11,lightgbm_raw
42,9.320838898210367,11.799576382162055,78.74720694655863,46.86177835259959,11,lightgbm_raw
43,24.215242451752285,29.43001157154673,140.6340384450377,63.337402771233904,11,lightgbm_raw
45,19.656567834792227,23.76681859202504,293.92131644299513,107.77076073461603,11,lightgbm_raw
48,19.56267731422651,24.360849408214634,21.331060120710934,22.40085264420989,11,lightgbm_raw
49,2.2393229833943082,3.162265325034998,71.29960580473288,65.76546026231962,11,lightgbm_raw
50,10.865771117298877,19.37692615782107,69.73544105267058,36.639108162852345,11,lightgbm_raw
51,1.6238620702201876,2.0630320899541283,88.49875882704636,89.44577697190107,11,lightgbm_raw
52,2.365391282966055,2.887708636783756,131.91202731246932,104.45055872199958,11,lightgbm_raw
55,1.4694203791002034,1.9601989851219004,58.782223794926814,80.8721169279931,11,lightgbm_raw
56,1.5249265580219709,1.8369987914137984,98.70221172009465,90.33299430119752,11,lightgbm_raw
61,5.2873535196668415,7.0675931309535525,80.99257987315256,64.99882366687187,11,lightgbm_raw
62,1.7977921063023519,2.3615410662153855,77.09158988741902,83.47016957391438,11,lightgbm_raw
63,1.5329105661329125,1.858981539455276,56.590147727231674,97.78908654771386,11,lightgbm_raw
65,3.455723362891645,5.017868639878891,48.02811976290494,80.91589221433655,11,lightgbm_raw
66,5.454112702327996,6.875077053672186,208.6059345226935,103.70833105268387,11,lightgbm_raw
68,17.529236027905256,22.097827192861565,23.18059935196888,20.08751326338261,11,lightgbm_raw
69,1.5238973046967317,1.8967481719316415,76.74954140422744,100.61829873422198,11,lightgbm_raw
70,16.35248457351155,19.93872947540751,271.3567980814804,105.47816361503162,11,lightgbm_raw
71,2.1010899932855867,3.129360006644444,46.72038345202234,88.2549208350833,11,lightgbm_raw
72,2.1324424043523145,3.4191626447730963,51.490618614645136,72.0606030160854,11,lightgbm_raw
74,33.740326750722375,41.562745447635336,208.04739565516007,88.37180501874298,11,lightgbm_raw
75,17.481891457676554,22.945263166273673,35.74261034180784,42.154298891278756,11,lightgbm_raw
76,4.359140479666401,5.676099259510967,97.30003395129584,74.86328085890776,11,lightgbm_raw
77,1.4363925716103314,1.7318324823140125,62.71094054109347,100.01950613068279,11,lightgbm_raw
78,1.3305803463750754,1.682141423537882,69.8582076122985,96.32734463755791,11,lightgbm_raw
79,13.392479054348238,19.773208481126925,16.397033655538095,18.75733135335017,11,lightgbm_raw
80,10.054592380598107,13.299055434791232,386.63957208943754,110.43872006903776,11,lightgbm_raw
82,5.414612705145543,6.2238669453389335,292.42061624789295,110.65007668200035,11,lightgbm_raw
83,3.214260511956049,3.740863441290015,256.347955395048,158.46888453222527,11,lightgbm_raw
85,1.3989641106364434,1.6782791290502548,90.69097878186635,85.43651193046223,11,lightgbm_raw
86,1.5744559532023468,2.300855051053098,60.39263353709233,99.16654773984162,11,lightgbm_raw
87,15.570351867763216,19.48935586555493,73.65885908240531,48.47519664204234,11,lightgbm_raw
88,15.426927550075211,19.030977426072205,183.3884635273847,78.71942868924472,11,lightgbm_raw
89,3.6433653273655273,5.055383031295655,61.179617741598655,80.19388058375749,11,lightgbm_raw
90,16.205135610498285,22.738600485668556,28.2334895710858,24.105864313559355,11,lightgbm_raw
91,2.0150174366931277,2.8456229081969115,43.50474364984226,80.08659239482586,11,lightgbm_raw
92,1.8663190441190416,2.311401825913724,95.01297417063554,88.73597137663278,11,lightgbm_raw
95,4.8450854224732645,5.877023290024875,242.90971120986308,110.95482894348663,11,lightgbm_raw
97,4.975904750762985,7.3903777045690155,92.38696809546886,80.37034469217436,11,lightgbm_raw
100,50.474718772333745,59.085383262614364,89.58766062053076,58.72439187276374,11,lightgbm_raw
106,2.442782835934112,2.9323187613704533,167.73639007005468,130.81790290803488,11,lightgbm_raw
107,16.923839952904206,22.43612179264523,21.04483890605315,21.20972162980278,11,lightgbm_raw
112,9.081163351848923,11.507397314372513,320.49091589349257,102.61811158449694,11,lightgbm_raw
113,16.90513276778537,23.198375211375524,43.85418603170767,30.189024598985487,11,lightgbm_raw
114,20.855271987122247,25.34660439050918,107.80403710706479,52.52270306097262,11,lightgbm_raw
116,6.213656133234309,8.260592258280393,93.87798903468044,68.26337816120991,11,lightgbm_raw
117,1.297416183886251,1.5630297022623023,47.27074612517742,99.2873892603322,11,lightgbm_raw
119,1.7035718864917406,1.9642061604454335,93.31174341154642,129.41370205664012,11,lightgbm_raw
125,14.034349328844533,16.48228816466064,136.83413874479268,64.97686337727446,11,lightgbm_raw
127,3.678914007053366,4.422955016260978,187.93592167738308,110.66936808889886,11,lightgbm_raw
129,22.60678229327202,27.259964027456945,781.6557572543962,131.59456389718935,11,lightgbm_raw
130,6.9013035512856105,7.945790372963021,216.84088259588884,93.3153243250655,11,lightgbm_raw
132,37.40148941306507,45.19169239447701,27.648786056542647,30.809951759054197,11,lightgbm_raw
134,1.8531560739019124,2.212655881265505,122.96662255328322,133.8287763830804,11,lightgbm_raw
137,15.141356318339554,21.416275887675205,43.49547355744649,28.03158538939275,11,lightgbm_raw
138,52.719213847457375,73.0521591728903,293.0688277926284,59.21320371531107,11,lightgbm_raw
140,59.815389487326605,79.84026471823361,44.187866982930466,51.74315229893765,11,lightgbm_raw
141,16.091798169271758,21.798995953152378,32.68745815935558,20.71564564239416,11,lightgbm_raw
142,29.87153086809006,50.220733497021506,54.8896408522063,34.51595031317424,11,lightgbm_raw
143,19.307990466659145,25.84208131196159,43.965571257165806,37.84348400932986,11,lightgbm_raw
144,13.107082890832189,17.020168688849264,74.8632258433581,47.38651705691779,11,lightgbm_raw
145,13.380713472019863,17.079351128920603,143.7367932172998,75.6578275133176,11,lightgbm_raw
146,2.2813288152785454,2.7750173717659483,52.251661767241764,65.33730914004592,11,lightgbm_raw
148,12.104100322167653,16.887342412283953,54.943765995966324,35.960256816799436,11,lightgbm_raw
151,22.094531761124063,27.996992696345718,55.988345575496965,51.398874663570744,11,lightgbm_raw
152,3.7451722994228454,4.8169444076344075,73.19452209106551,61.11493088071924,11,lightgbm_raw
155,1.2000088553065196,1.4344716557985624,60.57059866527332,92.22198545420288,11,lightgbm_raw
157,22.12694303299628,26.29442036028928,1779.4823661926846,187.1913693133781,11,lightgbm_raw
158,15.90764270236337,19.259896993080805,87.51436736250517,48.97419481786466,11,lightgbm_raw
159,1.5771678447218822,1.88947259772626,75.63221870666466,101.79236996697007,11,lightgbm_raw
161,127.96358996796283,173.24785142803216,53.81071226871249,54.40732936470338,11,lightgbm_raw
162,40.637501123420726,66.39653031197021,29.58999843179866,22.91951373087571,11,lightgbm_raw
163,44.72981011339211,58.74476244263526,70.50930461435375,45.41831367590692,11,lightgbm_raw
164,21.440173215874257,33.207936379609386,36.35648032665455,28.603839366954634,11,lightgbm_raw
165,1.6170817947021652,2.0718037706971693,56.59400002580514,116.75364070088683,11,lightgbm_raw
166,36.31020822763674,44.642545587977494,109.70652622795005,66.39751223445523,11,lightgbm_raw
167,1.363227626434802,1.6502074251780543,90.34666710428108,103.54485651407258,11,lightgbm_raw
168,2.71527513583197,3.421967804342817,114.13873487739134,81.45961614395335,11,lightgbm_raw
169,1.7676277655144255,2.086469861623034,121.32705140930071,122.26174513510507,11,lightgbm_raw
170,13.342823699876703,19.051745448035994,31.28468158128395,20.287463445086292,11,lightgbm_raw
177,3.5823082017597727,4.423262207846273,180.05433541063974,94.34551345394748,11,lightgbm_raw
179,1.5919524975235113,2.142621161686437,56.96009461629041,68.86598449225797,11,lightgbm_raw
181,2.5351512417244852,3.3554323874555814,101.33427126870833,72.3819640185369,11,lightgbm_raw
182,1.518607475255333,2.220168191950063,56.83866080667337,105.74321556048478,11,lightgbm_raw
186,75.2794078506789,91.45986394727466,49.34506867740052,45.01035415045613,11,lightgbm_raw
188,2.9553137796015885,4.061301994029792,48.03121011431992,80.86082262210574,11,lightgbm_raw
189,2.1674993380042715,2.646253081650275,119.22433575248002,89.80524707565422,11,lightgbm_raw
191,1.6853167202250592,2.147231087595511,92.6940602494366,100.41399123242347,11,lightgbm_raw
193,2.4002598780156377,3.4842681402219604,46.740978711383775,80.359687185703,11,lightgbm_raw
195,2.7124352550666626,3.280802844628102,203.26654142156735,124.88545174589073,11,lightgbm_raw
196,4.668641045610035,5.514647443151882,380.58385817464966,139.64930737789018,11,lightgbm_raw
197,2.629484503010944,3.398028401937325,177.1140933890124,107.80664097621553,11,lightgbm_raw
198,2.650155978385389,3.0801815967129715,193.0601013645521,122.80776461493848,11,lightgbm_raw
205,1.274587205979981,2.059975256793441,46.18633189066945,87.37325549377057,11,lightgbm_raw
209,14.003128535718403,18.267256564853465,286.96952977656275,97.74476172193145,11,lightgbm_raw
211,32.15534743732017,37.640826786331395,248.3359085196419,86.17954008102845,11,lightgbm_raw
213,1.4991781034467013,1.8681326556796665,66.15858274913215,97.43956244955389,11,lightgbm_raw
215,1.4761958068675607,1.7825375659403444,85.89020424387434,81.44699012513924,11,lightgbm_raw
216,1.6268845930687064,2.0578096127031955,54.86801830622987,51.030990991849386,11,lightgbm_raw
222,1.4470687243151668,1.802352830858971,64.52693043532736,105.28867279299648,11,lightgbm_raw
223,4.49934368485622,5.449402438146139,203.11070543381234,94.12869570876042,11,lightgbm_raw
224,5.252682225807964,6.822209748371707,56.12866556313813,54.49132557097608,11,lightgbm_raw
225,3.202442255287963,4.887269992231331,52.883029945133806,71.53804421583469,11,lightgbm_raw
226,6.369077903208674,8.422088017298563,87.6213700372521,55.97833977348477,11,lightgbm_raw
228,3.876411513316349,4.734829875476238,206.47686864421354,98.60907655737242,11,lightgbm_raw
229,19.321207244734314,27.84402246540317,41.65845205961937,26.16373332201407,11,lightgbm_raw
230,27.90400514956149,42.13121071515197,28.37720571688276,24.05319870042536,11,lightgbm_raw
231,15.179315217370563,19.139178642909414,61.22233143389112,34.90458327452784,11,lightgbm_raw
232,10.114302814618172,13.375527523556222,85.65741531695315,54.32640322813622,11,lightgbm_raw
233,17.672668639697093,23.648098348790842,72.77447896936744,38.59686324744853,11,lightgbm_raw
234,26.165456188883738,35.8826051982728,55.41723542076499,33.90942957872203,11,lightgbm_raw
235,1.1266998973602524,1.4185063676863932,58.90661130054363,86.50754413734667,11,lightgbm_raw
236,136.68656877722836,174.87188142808327,113.27657483712048,68.88314405548533,11,lightgbm_raw
237,161.36353270065402,201.12809528730452,100.526554817519,72.94820067486596,11,lightgbm_raw
238,39.91747110123251,52.65175258369023,79.62533378949536,49.35268731829728,11,lightgbm_raw
239,24.09298748388129,31.595972337946602,34.65383841064785,29.32632665401609,11,lightgbm_raw
243,4.362330127071094,5.420616233465479,107.41815358748347,61.926974009071785,11,lightgbm_raw
244,24.35793967338716,29.854472475243387,182.81417456059688,87.56075387823309,11,lightgbm_raw
246,39.17760573360656,53.917716594437614,67.57194504085571,51.5104081457666,11,lightgbm_raw
247,1.8389328641557678,2.1217631310773695,92.21537205850032,121.09641101369635,11,lightgbm_raw
249,16.61195579447013,23.39033628033243,30.714523628236318,27.252372595658297,11,lightgbm_raw
254,1.5770036870076864,2.1502777096160335,74.0832014860374,108.15964318588618,11,lightgbm_raw
255,24.279490317926204,28.953626532189304,876.7809790129915,138.56759858836315,11,lightgbm_raw
256,15.926186700653332,19.94527627701229,628.5707414579865,114.67512285157521,11,lightgbm_raw
258,1.7237984384562086,2.0631198606356844,120.19110166554785,121.60797999200311,11,lightgbm_raw
260,5.7910034713857925,7.127253070757839,304.20105382050895,116.40962811999145,11,lightgbm_raw
261,10.548795844492496,12.976186039596165,141.51316690513283,69.0665116550794,11,lightgbm_raw
262,33.57537546122032,46.304070111505695,43.80896908530575,55.386308990480394,11,lightgbm_raw
263,40.50171300732473,50.85035645564774,44.67552399956734,37.82417049082752,11,lightgbm_raw
264,4.360656628454777,5.686353485610943,66.85063990447885,82.81598868734635,11,lightgbm_raw
265,2.775878282209293,3.8736002461202226,119.6704686047607,85.67826004864212,11,lightgbm_raw
4,23.05677442014037,27.922269374934867,166.3980213194198,80.31575762281344,12,lightgbm_raw
7,13.209163941719426,16.01347450765647,248.59350157132783,92.24438106373339,12,lightgbm_raw
10,2.203920666588389,2.7984397253887257,80.8494291787571,89.2200198585817,12,lightgbm_raw
12,1.8744806332564332,2.3450059086940884,107.60868535498575,123.43607338091095,12,lightgbm_raw
13,18.652655958144212,26.378540492372675,67.17644449150127,70.45806771953093,12,lightgbm_raw
14,1.2311019664271123,1.7184472891127167,45.66908180011652,63.792259829640784,12,lightgbm_raw
17,2.458584228117905,3.297384924168559,60.990211128341734,68.97533154284088,12,lightgbm_raw
24,5.335458530728961,6.457152901899285,49.90374200447678,38.128230825485666,12,lightgbm_raw
25,9.129083324258325,11.522176480062788,211.18841120484961,93.65077332549708,12,lightgbm_raw
26,1.5840270624274744,2.006266010653556,78.07728501850879,104.98911363982613,12,lightgbm_raw
28,1.7573026730250583,2.0865418840373278,98.24493979546844,112.95774162046227,12,lightgbm_raw
33,7.537865784733552,8.878151187562027,114.47628374388108,85.78163642216045,12,lightgbm_raw
35,2.9067940504651144,4.272510988618522,66.24615539716497,102.83838837267903,12,lightgbm_raw
36,8.657247097704948,10.72359961087658,459.2082197815733,118.1885388833075,12,lightgbm_raw
37,6.171105865114658,7.974506353898247,137.63505741488822,73.89597459180442,12,lightgbm_raw
39,3.436610936466394,5.517517348212771,50.432966471256066,87.97264865811131,12,lightgbm_raw
40,2.232019061297304,2.7432658324142767,145.84778510219158,97.87480066649853,12,lightgbm_raw
41,12.393582911334468,15.432444626002525,68.7715519695105,47.71645023730491,12,lightgbm_raw
42,7.085061158185603,9.11639104916567,56.37609968004607,39.828446209220154,12,lightgbm_raw
43,38.58740850748324,51.90025371950002,86.7565359700284,74.04395698556864,12,lightgbm_raw
45,16.902867964896945,21.371001897559598,240.6403186497719,91.35027865037846,12,lightgbm_raw
48,20.983232376034916,26.932369305494962,23.60815480897712,29.23717172070381,12,lightgbm_raw
49,3.803109184212874,5.094449292542828,91.06945691838462,74.96946149840346,12,lightgbm_raw
50,25.423102930249627,33.19172280562764,84.98756718554745,54.903704699688866,12,lightgbm_raw
51,1.7096304434821896,1.9929654777372885,94.01250220911517,112.25408123040988,12,lightgbm_raw
52,1.7158770035855195,1.9844169015353004,84.9828778487646,84.56585086530018,12,lightgbm_raw
55,1.8433590535464708,2.5129496379262717,53.83798068567101,93.42852928766138,12,lightgbm_raw
56,2.1145480812051427,2.50523411336145,150.76378715890453,113.16606505506597,12,lightgbm_raw
61,6.293714275076378,8.616862608954278,71.18464557120757,69.12529829677896,12,lightgbm_raw
62,1.807778823102864,2.4323419413687857,59.05787429319213,82.8205348202656,12,lightgbm_raw
63,1.649174242680686,1.9841717236126617,101.88332661972869,110.43288166879522,12,lightgbm_raw
65,5.549460935511289,6.807270198758518,92.06951810092133,70.64182150632293,12,lightgbm_raw
66,18.755768053004157,22.18287752804426,438.5768130125047,125.98636481586264,12,lightgbm_raw
68,24.123522041589073,32.119278240941696,22.678018717900986,22.87889672316889,12,lightgbm_raw
69,1.5113170696296956,1.9300356139545785,35.736132466757695,88.61711684750838,12,lightgbm_raw
70,25.82719446687661,31.537154347791247,392.32578736747246,114.16932610898601,12,lightgbm_raw
71,1.9299753187381257,2.5943100668574868,38.864162100981275,86.18329918369652,12,lightgbm_raw
72,2.4067837696556365,3.038213262316721,56.52073754556747,97.71610192000776,12,lightgbm_raw
74,10.985569216589383,14.239849265824777,57.79301365688268,39.32116558522767,12,lightgbm_raw
75,9.868609971112145,13.470992030311852,35.75356642754919,24.007153763600368,12,lightgbm_raw
76,4.297488791780469,5.780356147345756,107.81813135228013,70.74605344797538,12,lightgbm_raw
77,1.3170679617828973,1.691027487960186,54.88252533053346,92.64142954117074,12,lightgbm_raw
78,1.5101202275586225,1.803293939212875,87.50979639966427,119.84387603165135,12,lightgbm_raw
79,18.31583897448374,23.746510592682434,27.4016319432754,27.809235833021564,12,lightgbm_raw
80,12.424164051076678,14.982180590509316,472.8624980572153,119.50561987296595,12,lightgbm_raw
82,6.112075316948932,7.039760470640338,294.4049059572686,118.10209838656995,12,lightgbm_raw
83,1.801602024270044,2.181265980186128,138.90339784203064,111.43160879782768,12,lightgbm_raw
85,1.3713668821234488,1.6611584026130024,92.87391426551248,105.03260385821784,12,lightgbm_raw
86,1.510385754001544,1.7817020926366722,90.90917636900089,117.34983347940982,12,lightgbm_raw
87,17.95073542078192,23.011445811831976,96.29448761346535,57.66164338053759,12,lightgbm_raw
88,20.836703706711777,25.497474508315243,178.32966572109999,80.97084921238236,12,lightgbm_raw
89,3.4469611153169075,4.607495117330554,91.07546554026477,78.10095144174115,12,lightgbm_raw
90,24.368474069601888,33.21204674528106,35.506946316891124,36.20372562536178,12,lightgbm_raw
91,2.8784157080525374,4.527972527708833,54.33981335085607,94.47082450716124,12,lightgbm_raw
92,7.718321263482381,8.87693410741051,420.2999812716147,135.90574237833505,12,lightgbm_raw
95,1.6706475706201136,2.2868310650386134,69.57185502821596,64.03998752921399,12,lightgbm_raw
97,12.784093802847602,15.836517050806899,224.63702397632264,96.92395993106454,12,lightgbm_raw
100,34.57196790518413,42.0447094369982,59.6336543760634,46.503843459120446,12,lightgbm_raw
106,2.2444674372739937,2.707108136305851,164.2972958447346,117.56412950433054,12,lightgbm_raw
107,22.91826558717473,29.367755774349984,29.415147247204672,36.09878657109717,12,lightgbm_raw
112,14.026943938955469,16.535701588155366,536.0002396827851,123.91039813075622,12,lightgbm_raw
113,19.436316995393643,26.36056965394384,46.02309977366153,35.52508558681029,12,lightgbm_raw
114,38.62201348527486,45.443022852254344,110.66825388874537,63.49527030307596,12,lightgbm_raw
116,6.877179918214754,9.168399954568939,75.77231579677375,50.8420674797624,12,lightgbm_raw
117,1.521738606247272,1.8011742304561154,87.84901447638529,109.2955577923221,12,lightgbm_raw
119,1.5981580019329196,2.091008988289111,72.38808607625822,103.77267238602609,12,lightgbm_raw
125,29.558816435943598,35.46311997967397,171.1716869540109,76.02880930911846,12,lightgbm_raw
127,1.578461061309972,1.9097194331667249,81.93847788977334,66.315172860063,12,lightgbm_raw
129,4.723757503087605,5.8123590929529145,183.31334419198186,73.61681737705369,12,lightgbm_raw
130,4.001778326607458,5.032103651273347,151.92467257858175,80.30919191440961,12,lightgbm_raw
132,43.055655590660365,55.07594510569939,23.822622644618562,28.13481060730827,12,lightgbm_raw
134,1.8837176764431236,2.2140532392605046,131.65186573424538,129.5386131562831,12,lightgbm_raw
137,26.351619843481547,36.347804466115186,59.80538818914628,38.96533853251741,12,lightgbm_raw
138,46.74727011817725,65.45039422742141,223.1537650774846,59.336954250208784,12,lightgbm_raw
140,54.29084800213135,72.77960372931167,51.42501098171663,49.66110970634562,12,lightgbm_raw
141,24.550004465271485,35.12214296430568,23.334425427951743,20.67424595409705,12,lightgbm_raw
142,48.709775500537624,72.56651176673752,41.244111321588264,36.03151236848911,12,lightgbm_raw
143,13.575478734645982,17.897494461138347,59.77014126890193,34.94436491573347,12,lightgbm_raw
144,35.74557140773368,43.67288047803533,147.50624194180662,71.43006431904067,12,lightgbm_raw
145,14.093369352981313,17.932867516212486,200.03489378388826,89.59772072617459,12,lightgbm_raw
146,2.89660631738127,3.8088319665443966,98.5507759897288,69.49927922171969,12,lightgbm_raw
148,19.575826015018848,24.431925882706267,57.36578690456214,46.10310517749375,12,lightgbm_raw
151,27.03404185753025,33.11873947660084,72.13626105832127,55.69202113947038,12,lightgbm_raw
152,3.1850226983242345,4.2015163455821884,43.845009985377665,43.88335365953453,12,lightgbm_raw
155,1.113044267401033,1.3973857605272533,48.94164590832317,81.04573860881442,12,lightgbm_raw
157,7.503751029155457,8.622040212259499,609.6855875691372,165.92984410591063,12,lightgbm_raw
158,12.141138190859104,16.750098831921125,51.658140257067885,34.220196184425795,12,lightgbm_raw
159,1.9213409567559454,2.3847647069402065,88.91773331896026,111.28358584347932,12,lightgbm_raw
161,139.9716013860016,189.05271895691288,61.097321858415285,63.23353768384508,12,lightgbm_raw
162,58.581439176224485,75.37955721404576,45.09970626468417,37.435835398749596,12,lightgbm_raw
163,43.69528307027378,56.491830008443614,57.872392297634825,41.67008499247924,12,lightgbm_raw
164,23.09703207116478,44.63290777646748,34.32541183976225,24.86967952567988,12,lightgbm_raw
165,1.0967263808968524,1.3778576645266003,38.54991012482461,97.67704391917653,12,lightgbm_raw
166,20.247937467768523,27.950851990881567,63.11711440152541,41.907315693538955,12,lightgbm_raw
167,1.54853648331515,1.8883760861360794,59.28608610252722,99.00323354227469,12,lightgbm_raw
168,3.5381914394379232,4.478850879888803,132.23964737480708,74.66133887647908,12,lightgbm_raw
169,1.4785633559143214,1.752652163165539,75.03993777931684,112.25133300770642,12,lightgbm_raw
170,28.967199337995083,41.856189656369885,30.2720507499655,24.445364932401205,12,lightgbm_raw
177,1.5033393301559645,2.0100526722508114,45.66548893483918,61.457122911824136,12,lightgbm_raw
179,2.1840846623792722,2.846430195106636,97.58157824389501,60.43645569351213,12,lightgbm_raw
181,22.092086358669945,26.082658128361857,566.5540327513768,128.47212554739028,12,lightgbm_raw
182,1.5568259882509299,2.007999200290687,57.47800235709845,119.23382080087896,12,lightgbm_raw
186,36.667202790534176,47.032468059738676,40.260694017860516,34.112460261076656,12,lightgbm_raw
188,3.608201346731441,5.066652817907665,64.5940052892728,78.62885398784589,12,lightgbm_raw
189,3.6458111192624933,4.343687296634938,186.5499630442448,108.48423133256382,12,lightgbm_raw
191,1.5064307028281576,1.968780524082546,63.74129664702073,95.43946536700868,12,lightgbm_raw
193,2.217416519920729,3.2893035337286824,50.07109484569151,64.36802748082687,12,lightgbm_raw
195,2.9985553982166615,3.4221149846524344,199.2091821160392,137.52028759539206,12,lightgbm_raw
196,1.4105058007298494,1.7650968279115387,70.09032813419473,112.22659488151889,12,lightgbm_raw
197,2.053225547840707,2.534982891349219,80.17357447857113,86.06627676354817,12,lightgbm_raw
198,4.141030908000359,4.81642648270638,292.7270641099014,131.60000370684025,12,lightgbm_raw
205,1.5187166044417364,2.021187329402149,65.06729971914066,99.00920150076816,12,lightgbm_raw
209,13.76513409511283,16.495245303371632,228.48467664960427,95.50303787637061,12,lightgbm_raw
211,35.59310367695186,44.188867350485616,165.16895777735215,75.4311324149254,12,lightgbm_raw
213,1.548407490852082,2.2265852125269974,62.835444397224194,96.53817313091709,12,lightgbm_raw
215,1.4979832195023264,1.8181026992280467,84.41953392972917,75.7942500449797,12,lightgbm_raw
216,1.6576740536149466,2.1830203299735715,56.682649662402675,63.009244899145415,12,lightgbm_raw
222,1.3387442318272835,1.8036281882522165,47.92678354415047,92.75404158125849,12,lightgbm_raw
223,10.070836305851616,11.747987522055949,454.10095295810623,124.7773106776915,12,lightgbm_raw
224,7.071398628266093,9.724281135472784,94.41908960490267,62.45492003057465,12,lightgbm_raw
225,3.3548119273963675,4.408836299481846,64.83343187167857,65.04042888790548,12,lightgbm_raw
226,4.420885854315543,5.841309658652499,61.07778343123631,49.67408641956636,12,lightgbm_raw
228,7.2129866721403815,8.353054489213392,391.1028802600144,131.82695137199084,12,lightgbm_raw
229,19.739419362800668,26.599957166788766,31.541699240888754,25.84423571360395,12,lightgbm_raw
230,46.34358880560942,62.158444102759326,29.112731222007564,30.9033015030722,12,lightgbm_raw
231,12.145542876221109,16.357063325507102,48.71436342231476,31.727762173697286,12,lightgbm_raw
232,17.093223880574694,21.124960513212013,159.10026759711587,76.25409989336036,12,lightgbm_raw
233,10.01382064899281,13.311076953949804,69.97204585669475,31.62332369789782,12,lightgbm_raw
234,41.3581264098801,56.98595569922712,40.413852996240784,34.631970470358795,12,lightgbm_raw
235,1.1981140052668513,1.503624433813967,69.28148618503435,90.53700183748947,12,lightgbm_raw
236,122.87271763575153,162.04797886377546,60.73333886593297,56.378772215888574,12,lightgbm_raw
237,163.17268724834543,205.36003968303476,69.57023965458117,65.55772821767708,12,lightgbm_raw
238,21.020949116999624,28.470077307852122,57.721164518946665,29.827304504845614,12,lightgbm_raw
239,24.70155271704039,32.32786722798698,43.99345021701681,26.108754546585505,12,lightgbm_raw
243,2.5001478941632214,3.3089907194783184,50.30070923616559,56.580778540161425,12,lightgbm_raw
244,6.8002064388299885,9.267656968067277,54.879035221538516,48.39730442419695,12,lightgbm_raw
246,34.37180788945053,43.06591499332377,85.92852890890344,47.239135572868754,12,lightgbm_raw
247,2.1899851768878875,3.3362501071635298,58.3598296774287,92.2880785655954,12,lightgbm_raw
249,21.58480043057938,25.274933356719515,34.138216554939824,29.989852831224294,12,lightgbm_raw
254,1.2904982836159054,1.5550490770933516,72.99937552417325,99.83471079787141,12,lightgbm_raw
255,22.3038061389493,26.448646975368707,724.6330842866057,130.2882610912835,12,lightgbm_raw
256,19.60182118139365,23.485699279768777,579.8034720230964,120.54757577534428,12,lightgbm_raw
258,1.8590201562732733,2.282381592746787,115.91575278248692,114.92027326270596,12,lightgbm_raw
260,2.589335827550498,3.1747982051989276,164.0704506737147,92.89202170752408,12,lightgbm_raw
261,10.155587706335636,12.68947214758177,120.35679261869478,57.097198039593515,12,lightgbm_raw
262,27.158088495581598,38.49014942059885,54.27578861229381,42.01612824577032,12,lightgbm_raw
263,33.5625747428297,44.579331433963176,44.17871480780266,38.21323243554867,12,lightgbm_raw
264,3.679438446144868,4.6177748105759,86.76742358958006,64.51670479712665,12,lightgbm_raw
265,2.181345211753055,2.981274771358926,99.2792467257132,79.45718130868187,12,lightgbm_raw
4,25.775903458198695,30.27457936169266,216.37152398060616,96.36704037077645,13,lightgbm_raw
7,15.94089392614549,18.980573028805725,271.82948611528894,97.84342427888816,13,lightgbm_raw
10,1.7005659061810328,2.134702602342256,84.99229715011649,96.99084822380047,13,lightgbm_raw
12,2.2457513265599354,3.1372538957924183,86.88413665891795,132.2795995213842,13,lightgbm_raw
13,13.584821864793843,19.736089241915064,122.7605368492888,85.06939064042751,13,lightgbm_raw
14,2.2163908180898604,2.854094232342954,98.52102750262533,120.39770283075525,13,lightgbm_raw
17,2.0477965882952582,2.73268868141525,89.39158950909363,55.149148638119925,13,lightgbm_raw
24,8.88136579170603,11.289290549384857,79.00016165959785,54.46151662364387,13,lightgbm_raw
25,6.52218774870263,8.372968905221628,215.14432997670784,102.00131407550732,13,lightgbm_raw
26,1.9007492892333488,2.5047261674252224,96.67833833107603,127.22959602781582,13,lightgbm_raw
28,1.73926108438301,2.2504653145367364,113.15606358005385,113.94435573992672,13,lightgbm_raw
33,3.666385088545852,5.002836114827734,116.44645684989712,75.87865029843816,13,lightgbm_raw
35,1.728434584717096,2.7339347011453374,58.28734400694224,84.62774368760519,13,lightgbm_raw
36,13.186064456844436,15.034373286152741,721.2030570640059,139.04419248093447,13,lightgbm_raw
37,9.653615411922496,11.193245778798063,273.8929891023794,95.99220659313316,13,lightgbm_raw
39,2.3643735558461043,3.7324252142954046,74.45250400951483,96.11419702957046,13,lightgbm_raw
40,2.446634438000869,3.1755802101178316,132.28753735260867,122.09230238645877,13,lightgbm_raw
41,8.647916151026282,11.565422652509739,59.93782190690556,40.34649248380267,13,lightgbm_raw
42,8.493176780593087,10.627465950571752,75.37855726096694,52.270835435515075,13,lightgbm_raw
43,35.31346797155318,50.19698566468661,103.4721582305619,86.60234786034424,13,lightgbm_raw
45,16.34538458164889,19.82162199450277,338.88762316846027,96.729536674127,13,lightgbm_raw
48,38.106611157159,44.94904791873514,54.70591394672264,52.349070727387165,13,lightgbm_raw
49,2.4853420857920354,3.0773049567264326,126.87643743466792,88.64923977833284,13,lightgbm_raw
50,18.759732754690763,24.030414012780774,106.00385207340783,58.19066016014659,13,lightgbm_raw
51,1.7862782346776767,2.3406904372778907,68.85142257559251,119.18559732503361,13,lightgbm_raw
52,2.269286900312704,2.687001350106196,137.6253387436698,129.08505660458607,13,lightgbm_raw
55,1.453310906375702,1.9138022760803002,55.58427543569723,115.04776830124422,13,lightgbm_raw
56,1.7738662528660558,2.302398726947462,90.18237767185525,120.58370912121443,13,lightgbm_raw
61,5.241330020218001,6.815393773445119,143.9769720717268,67.8156671386681,13,lightgbm_raw
62,1.5997420153888982,2.223155629071145,84.3393827972629,101.30738403018991,13,lightgbm_raw
63,1.379269180235772,1.7795587429540116,89.14087466452723,124.159049373777,13,lightgbm_raw
65,4.024003101679329,5.493047794182299,154.14597336843036,87.65535708344385,13,lightgbm_raw
66,6.48123569580115,7.85870631709705,267.84756657600417,100.7079034044317,13,lightgbm_raw
68,41.28737690354709,58.37464200178111,55.956763157740575,45.275188543431945,13,lightgbm_raw
69,1.9817751538634838,2.4845066882291795,151.91055167139095,122.01899828975915,13,lightgbm_raw
70,15.346357290215872,18.910874280364848,238.20226491955702,98.25196865054136,13,lightgbm_raw
71,1.6391815956129536,2.1579716230301678,87.08741055898122,106.25670212626888,13,lightgbm_raw
72,1.7955562985473497,2.655989943553041,82.25059189197327,99.81658045467668,13,lightgbm_raw
74,8.707378240389554,11.468257608912213,55.329939401281905,42.37300798561693,13,lightgbm_raw
75,11.199815228781818,16.674537957778107,41.26546159537671,40.06915937819485,13,lightgbm_raw
76,4.1191287801696586,6.482389373729054,77.74420811296159,90.11434255143689,13,lightgbm_raw
77,1.3678017541362995,1.7467712508875544,56.96363065480422,118.97518699045133,13,lightgbm_raw
78,1.3819079580796256,1.744834226186377,87.4297529106603,118.84293265755069,13,lightgbm_raw
79,42.87472742001392,48.793882455795355,75.70212507567513,64.32740374161703,13,lightgbm_raw
80,29.77103046219908,35.69188941808512,1392.6646229412586,141.1940967780731,13,lightgbm_raw
82,2.6870715160783827,3.6323032818031464,110.88105629041429,100.50090622680237,13,lightgbm_raw
83,2.096919268315915,2.517483395279702,154.03001117730756,128.3923063107666,13,lightgbm_raw
85,1.523299990924486,2.0616143832291702,57.74032458595578,112.71535294943294,13,lightgbm_raw
86,1.3868430398201397,1.7800248337959992,88.86227944137369,122.95724582140649,13,lightgbm_raw
87,14.087296908545659,17.62817308377565,84.41137781064448,53.5721274445354,13,lightgbm_raw
88,12.790804033076112,16.493789257676212,282.303161736571,79.78835064427108,13,lightgbm_raw
89,2.446221408786285,3.3156724733901717,101.87660500497562,86.67489286308769,13,lightgbm_raw
90,48.730270253992046,67.44218058469215,98.95114154569737,62.39439194683552,13,lightgbm_raw
91,1.793711181408501,2.425135246572432,88.51339534731476,99.42290714576298,13,lightgbm_raw
92,3.0260096634059264,4.059238686429542,125.36712229213931,103.19914136072192,13,lightgbm_raw
95,1.8858367285600408,2.4587302018321986,79.59181066218528,91.52362329500569,13,lightgbm_raw
97,8.900017721098436,10.878341980129013,286.9805777932556,103.45212366574181,13,lightgbm_raw
100,30.267106906398087,40.4533337217308,76.05366722710693,47.94813332202781,13,lightgbm_raw
106,2.023390034827979,2.4310436301460423,162.70059673656223,125.42653715854742,13,lightgbm_raw
107,41.828148809732404,57.133882940946215,63.78817652505383,50.702256209541304,13,lightgbm_raw
112,18.835121470054386,22.275901246788564,742.3246598511582,126.91215149679861,13,lightgbm_raw
113,72.78654460580083,88.63665112952738,203.5069400692828,85.56668473638756,13,lightgbm_raw
114,47.42562911670536,53.615348039815835,233.96200333059025,89.02067462982681,13,lightgbm_raw
116,4.448274416678522,5.815773256536363,57.556378620461224,43.02743404068758,13,lightgbm_raw
117,1.6882031390023577,2.133817790670079,119.95600555582608,133.41565032939786,13,lightgbm_raw
119,1.521213893049841,1.8887103277196446,83.00166829396623,156.3736164267557,13,lightgbm_raw
125,18.727959535926566,22.3345589696218,220.96630427688325,82.6410652171026,13,lightgbm_raw
127,1.4667797054863272,1.8966465428627162,55.66313120636872,90.56753267040085,13,lightgbm_raw
129,6.186301015126907,7.343851949542221,174.61501709774282,90.08451503942693,13,lightgbm_raw
130,12.241653954600258,15.341831663507458,587.4505559723319,121.16000562467077,13,lightgbm_raw
132,81.15404061373876,105.5288743676369,42.20165080953331,40.053200329808725,13,lightgbm_raw
134,2.0488506098450716,2.590730087211893,159.17636237563133,129.30751594460708,13,lightgbm_raw
137,25.156351358047214,33.50539967087603,77.01276112525262,48.20132183574689,13,lightgbm_raw
138,63.74507737102247,78.33680783769542,378.73378392993544,76.38984487205526,13,lightgbm_raw
140,35.37703987951992,52.87112718171281,89.60955689649994,51.33622315443828,13,lightgbm_raw
141,31.269428210084286,40.84514901586184,56.74145438356535,37.75037394651417,13,lightgbm_raw
142,53.297167125203885,76.67595731422655,91.77542277553087,49.402984315426316,13,lightgbm_raw
143,15.137976215729012,21.396020426025352,72.38994507237663,50.983630330940336,13,lightgbm_raw
144,41.03472403691716,47.820971111176206,212.09665798751595,80.77480596603196,13,lightgbm_raw
145,10.20695310837092,13.835583492927837,152.049169419135,71.62453603160951,13,lightgbm_raw
146,2.424349786742934,3.164756718068869,93.40764548723473,71.14599350459729,13,lightgbm_raw
148,40.49839311160181,48.06801459598791,141.19055213436187,91.17288882846974,13,lightgbm_raw
151,16.86027932123458,21.751819492255724,55.317359521701135,43.22342245499834,13,lightgbm_raw
152,2.967416510184549,3.666052987536627,76.80763593267535,64.29218792708416,13,lightgbm_raw
155,1.637820808301518,1.9805775690028369,107.35364609054557,121.5617631218348,13,lightgbm_raw
157,2.7761719627814805,3.877064086431465,154.7507094345154,141.19940405099592,13,lightgbm_raw
158,38.75203377091379,47.17948985415233,185.55570822685482,86.13157934194813,13,lightgbm_raw
159,1.5362293485868204,2.0377815911391757,72.40923419779477,107.13905606543835,13,lightgbm_raw
161,73.15061937126183,105.85616831590723,73.01752417171924,51.34753961975653,13,lightgbm_raw
162,32.61825073297623,45.331688838285686,46.925334882377506,34.24825758200168,13,lightgbm_raw
163,35.89571170645096,50.461408289882996,75.6784817120908,43.78319496257094,13,lightgbm_raw
164,43.10178898974372,63.058078873304865,73.68678178380694,49.15388348062921,13,lightgbm_raw
165,1.6389317749708414,1.9924147909541174,100.641639309516,139.3178399134368,13,lightgbm_raw
166,9.372409471138077,11.988304050070033,50.29934345121166,38.07852262148759,13,lightgbm_raw
167,1.6456298660435487,2.146321729832696,83.39414266460014,124.55185861119469,13,lightgbm_raw
168,2.2525919881201246,3.0597252410880715,117.08421116279592,88.25123071145418,13,lightgbm_raw
169,1.3283397235082792,1.686940935115153,73.77307252061341,120.21786894931006,13,lightgbm_raw
170,33.46964821160443,47.17428256173271,42.82971109428627,35.819845312706924,13,lightgbm_raw
177,1.8621143987829287,2.426216649182309,99.19256390548762,88.97875574436303,13,lightgbm_raw
179,1.915947543635296,3.003685140322579,49.51640229679406,60.840268201435805,13,lightgbm_raw
181,3.4851566359371784,4.453438118178423,106.10893424662027,86.46576193964806,13,lightgbm_raw
182,1.768570645491499,2.3396189640617866,102.75465694138084,134.62278488728592,13,lightgbm_raw
186,63.86006284489462,81.80818839068773,50.01710178914697,55.3656086218161,13,lightgbm_raw
188,3.019453333702915,4.755711722674396,81.86907743114466,87.49171054068093,13,lightgbm_raw
189,2.3820928922925346,3.034677952213113,125.03472621376423,122.81982137197362,13,lightgbm_raw
191,1.9943443932929297,2.4839310938664556,150.24704555718014,130.26022771313782,13,lightgbm_raw
193,2.0764381404649126,3.0424817931407797,72.46615435251535,87.60356548395656,13,lightgbm_raw
195,1.9575028929727118,2.441762200388559,101.97554066679932,129.94739814400367,13,lightgbm_raw
196,1.3379009645094566,1.748859585547994,73.95331319488592,113.06591422684505,13,lightgbm_raw
197,2.2990611316351637,3.029947544283126,92.33162574217259,100.71904949428233,13,lightgbm_raw
198,4.921864893141058,5.560840341461826,269.2896511305319,144.39771453178045,13,lightgbm_raw
205,1.3595581717718648,1.8430702494050335,65.1809462611337,116.71120379392066,13,lightgbm_raw
209,12.531861091252063,16.11722122880096,236.6381447843267,103.51766513054703,13,lightgbm_raw
211,35.11652201700269,42.616747008397326,293.94008992038874,88.27766859117845,13,lightgbm_raw
213,1.4603355393710797,2.0432802230288996,77.05041607113509,117.10720574764598,13,lightgbm_raw
215,1.2691846643850389,1.669567714464435,67.95000137734112,84.82577759944702,13,lightgbm_raw
216,2.3079689514928727,3.0051769039352183,60.29667328047598,76.49560198232766,13,lightgbm_raw
222,1.4761955387710135,1.8885306000086082,79.24995003532801,127.1631578538324,13,lightgbm_raw
223,2.0505628407531176,2.631085797884696,80.71739290610842,79.15904769507189,13,lightgbm_raw
224,4.63210628263941,6.3962660672399,62.502676899958196,45.69774276255716,13,lightgbm_raw
225,4.583009571688563,5.814953062971934,149.4484429641882,75.57638694073209,13,lightgbm_raw
226,3.379205868746107,4.136313032021402,64.27719246286513,51.57970112186195,13,lightgbm_raw
228,2.1899259925264816,3.3441797845483276,85.41229716417273,99.98549056764186,13,lightgbm_raw
229,21.013077765307322,27.28581509530177,50.973268765455614,39.065566487851605,13,lightgbm_raw
230,34.169408842938644,44.724554140986434,46.42917634001986,39.49439927119252,13,lightgbm_raw
231,31.75507730153736,41.85038529039861,125.22030050678757,64.5022672755074,13,lightgbm_raw
232,11.845413852121522,15.886325002382971,169.6953219128642,73.66555139167308,13,lightgbm_raw
233,14.162254483476593,18.38985351811584,66.04168608249766,43.4422824605602,13,lightgbm_raw
234,38.64866528380912,54.55389197090759,92.83269145430948,52.18417957999017,13,lightgbm_raw
235,1.5494152964272156,1.9518124219845805,79.99880520068788,135.5520711569308,13,lightgbm_raw
236,78.32995255886986,126.60215892261087,65.14530612238417,51.140109650226385,13,lightgbm_raw
237,82.09764518816131,123.36751299529753,116.46026505848369,60.445548780149636,13,lightgbm_raw
238,26.798085121765524,36.22259859882523,37.67539735220925,35.690977020420696,13,lightgbm_raw
239,29.0452728041525,38.77111027325521,48.012604905299554,34.22741822247035,13,lightgbm_raw
243,2.0692410839133006,2.7426004200436385,53.97534479888525,67.44108137631112,13,lightgbm_raw
244,4.478633565880609,5.909724031716634,61.239818420069405,46.9763885181884,13,lightgbm_raw
246,54.04344585760587,65.80270902219186,247.41146774696534,77.00420036277923,13,lightgbm_raw
247,3.2439397629875053,4.227239777946226,216.31724180719667,117.51162551928583,13,lightgbm_raw
249,39.474513110890435,44.77830758464514,124.67091985326834,72.69855191489528,13,lightgbm_raw
254,1.4882717733948005,1.9235137702535914,66.57952069868254,137.10039094111514,13,lightgbm_raw
255,78.53124652043584,95.97231040239076,2208.5030146991526,149.957902380967,13,lightgbm_raw
256,37.50303914926223,45.80754007663104,1670.6580504055,136.00775093620356,13,lightgbm_raw
258,1.6831370935100125,2.108924635567655,63.18592440793951,143.6497984543412,13,lightgbm_raw
260,2.799612414611591,3.531241848018701,141.5008167811252,96.99908504430282,13,lightgbm_raw
261,9.255318532853474,12.298434387987573,115.32626379727094,62.359432161450655,13,lightgbm_raw
262,28.895443250245517,46.38265257047696,44.88430729692534,48.09792182206081,13,lightgbm_raw
263,24.459222865775534,30.925444987733854,38.06169317740349,37.123473067585984,13,lightgbm_raw
264,5.729800271022246,7.366211912940172,207.41351888294454,86.73641879995081,13,lightgbm_raw
265,3.3898039726490707,4.655784542098578,159.8905745704919,105.46685468180083,13,lightgbm_raw
4,21.536798316557764,27.562118624454705,225.78380015582806,84.47450176792834,14,lightgbm_raw
7,16.515802562887053,19.85675236426029,284.9103488328089,99.05860435090135,14,lightgbm_raw
10,2.222815054656479,2.60339727532432,136.50210240812214,116.35257447446945,14,lightgbm_raw
12,1.9042650263108996,2.4254237075108485,68.56507286735571,135.018457728713,14,lightgbm_raw
13,13.24503603265132,18.003335612655356,46.49899582594708,54.92309554236282,14,lightgbm_raw
14,2.2805514508404876,2.6340578622872415,108.82253059224425,149.04105579215116,14,lightgbm_raw
17,3.1404153566243385,4.055407021285583,166.065162328048,91.48120056435785,14,lightgbm_raw
24,4.290224383892984,5.579757544812035,69.96572823745628,36.875201039344795,14,lightgbm_raw
25,13.946842640277039,17.513464989247833,575.5186460189893,128.19541082541207,14,lightgbm_raw
26,2.366730514006691,2.7002838768571347,224.28072776197735,162.25414642297417,14,lightgbm_raw
28,2.5358002601179996,3.032181957051206,193.80137881446882,148.5993467986108,14,lightgbm_raw
33,20.58765892803287,24.641813245364446,538.3177574722897,130.64546220842956,14,lightgbm_raw
35,1.923624805582433,2.2782385090413966,100.47471145422013,129.18373629305498,14,lightgbm_raw
36,11.945143838994431,13.871038208458508,616.9613761593121,154.32306128448647,14,lightgbm_raw
37,15.343417467059837,18.199635468769017,720.4230199562937,131.90968267923645,14,lightgbm_raw
39,2.1748018116825087,2.4948236506540886,96.83063752203523,134.32633609353573,14,lightgbm_raw
40,2.8215035698196953,3.3126161058305748,174.6667617202006,121.82607508695587,14,lightgbm_raw
41,33.97075653146337,42.14454617848659,171.09241410952797,81.51256088866745,14,lightgbm_raw
42,13.436515257173596,16.922478608482226,149.33067904693942,68.66516959279777,14,lightgbm_raw
43,20.870095464973538,27.8284288770346,135.31160129780392,59.87796381136733,14,lightgbm_raw
45,23.340953363393556,27.62833002592528,398.3754778842856,116.48749408459696,14,lightgbm_raw
48,21.045363311300942,25.432845721117538,27.813039557566526,25.879507282305088,14,lightgbm_raw
49,5.910941025517903,7.378951457552038,342.8571116346575,112.25380728984699,14,lightgbm_raw
50,27.53633017938534,34.54212057376341,107.06492805764192,60.36678628470245,14,lightgbm_raw
51,2.1867357668151963,2.4726917182346346,157.9831155041626,179.53083059665923,14,lightgbm_raw
52,1.738898005514444,2.1250272794879885,108.48364210063548,99.92571356229642,14,lightgbm_raw
55,2.077831416891219,2.4433667220840025,160.88163237237166,158.3444519293362,14,lightgbm_raw
56,2.9243329506627678,3.225283157473033,255.92618333391516,163.82175848333657,14,lightgbm_raw
61,5.927198127218017,7.538115429685174,314.5369259411462,105.72750231098262,14,lightgbm_raw
62,2.284830806298706,2.7609666578873835,164.97281532729198,122.1351028444131,14,lightgbm_raw
63,1.8983201610113436,2.2194274362420483,105.09217105586335,149.17610955440645,14,lightgbm_raw
65,4.420075463932222,5.431835614617836,137.76583512800866,82.43261483456321,14,lightgbm_raw
66,18.549489489432073,22.70366519114192,490.0226718081284,122.13749177823502,14,lightgbm_raw
68,25.57974162174118,32.16833516964734,46.704169668268634,31.99629659580458,14,lightgbm_raw
69,1.8720603183526725,2.251012156504644,114.14368003303859,132.8763611343887,14,lightgbm_raw
70,18.271931637396992,21.92066637512015,285.18581229142785,104.1909303449758,14,lightgbm_raw
71,2.2013849342708682,2.4834397529307357,180.88698955575424,146.3996952001756,14,lightgbm_raw
72,1.748905960942448,2.073132517474271,98.85537306468856,129.8940272407954,14,lightgbm_raw
74,13.89716807895534,17.091377339047426,117.93173187454758,61.69549319106136,14,lightgbm_raw
75,12.276142364555788,15.477634616225883,62.599725971940614,48.36967886225337,14,lightgbm_raw
76,5.509703764601615,6.643002516947879,321.70733045061604,121.32759390600415,14,lightgbm_raw
77,2.7658340202548413,3.1167687780064135,200.7498225419318,165.10074918089796,14,lightgbm_raw
78,2.2154368476924016,2.5688564916223933,156.84099546936696,165.31066648583146,14,lightgbm_raw
79,26.453586447442405,34.309505714682565,54.09819822970919,34.651461506243145,14,lightgbm_raw
80,20.49137170338894,23.869642715413484,1002.5661875867245,148.84380134897086,14,lightgbm_raw
82,3.4479852354271596,3.942768138509957,293.11134059877446,122.57183117037607,14,lightgbm_raw
83,2.481595103102932,2.9691844154497664,147.14395350989963,150.61742753408336,14,lightgbm_raw
85,2.274336331245697,2.6131125038934977,124.7174888349131,152.50834025789436,14,lightgbm_raw
86,2.1211953437468085,2.4095154074246894,133.98637251222013,176.76676276548764,14,lightgbm_raw
87,28.713031990820742,33.927624093899716,183.38298219798295,79.79789656014164,14,lightgbm_raw
88,20.286348441916157,24.14339361438531,187.29764583531428,93.26640200785091,14,lightgbm_raw
89,2.0922681684110094,2.4741305689125395,156.28430953037088,114.2374685778335,14,lightgbm_raw
90,18.76277364768401,23.83621890475733,47.97024058197509,32.86733773337961,14,lightgbm_raw
91,1.9633786182661217,2.432827187183142,129.27160431228612,142.87764878483802,14,lightgbm_raw
92,7.1185520761838745,8.232159597289373,482.57452685351427,159.60638676906441,14,lightgbm_raw
95,3.34813119918102,3.9026420838226445,167.3798332560536,127.47341074729864,14,lightgbm_raw
97,6.235150680507658,7.675734402614816,234.43519916332653,99.14185946763043,14,lightgbm_raw
100,28.151221573821672,33.52289251137405,67.26863028856759,45.920174562908585,14,lightgbm_raw
106,3.0792605341683026,3.790175165641901,212.90484757935064,129.91248254155963,14,lightgbm_raw
107,20.198382188593637,26.039866911125493,42.937874178196495,35.43676873730748,14,lightgbm_raw
112,25.56820958350785,30.767089937571686,1020.8234299729444,142.19372361260773,14,lightgbm_raw
113,13.200705599264746,16.254962202021243,94.06215248193274,38.048650515208735,14,lightgbm_raw
114,33.92165544011748,39.69464313502274,217.08865027896604,72.84884897832944,14,lightgbm_raw
116,11.232990283149727,13.855588537159944,156.64414170160538,76.41655401709671,14,lightgbm_raw
117,2.311650003802971,2.616857234044474,152.1078522130503,181.9219083123845,14,lightgbm_raw
119,2.2047656948976333,2.599052097444612,127.08521827146231,170.47813042256425,14,lightgbm_raw
125,27.077993687917587,32.32375319017427,167.3935412126637,81.94505794616747,14,lightgbm_raw
127,4.237940994452091,4.83172453766492,256.9028827505465,124.43001474322925,14,lightgbm_raw
129,5.8830284496055585,6.959037984507909,240.60570540755975,104.30763876945416,14,lightgbm_raw
130,5.785349069900928,7.170700982524341,320.54139379753815,109.54722090470587,14,lightgbm_raw
132,44.72278255285655,59.603246802626934,77.5127968396482,31.71807498507079,14,lightgbm_raw
134,2.609505025748904,3.1577245630967727,177.41350181191632,162.1040951932381,14,lightgbm_raw
137,16.0136407330603,20.334893515536212,75.2396721432687,36.579285537732474,14,lightgbm_raw
138,51.13060890923987,59.63137428477542,302.38043423862143,65.81238895668734,14,lightgbm_raw
140,62.79245304104777,78.84092803146818,53.37891162683005,62.37958842539109,14,lightgbm_raw
141,17.59199079029391,22.477291971423266,39.49907869058208,25.676558349744017,14,lightgbm_raw
142,32.9772961532714,43.490801564860774,95.623559701118,43.29564097950197,14,lightgbm_raw
143,12.112124321977378,15.732340765445077,96.97829317938437,36.29793724193342,14,lightgbm_raw
144,25.861382210763114,32.445077067111846,141.46499533364965,63.01120219348184,14,lightgbm_raw
145,15.463556090951892,19.298479895064354,286.80464660297685,98.08284085405346,14,lightgbm_raw
146,2.4079169089095465,3.057503552770812,82.44142659115205,60.158376994072995,14,lightgbm_raw
148,38.02015025280841,41.67820568862434,176.05500391048292,79.31071694258958,14,lightgbm_raw
151,29.925993163580348,37.129812819122364,109.49913428776945,59.07996379810593,14,lightgbm_raw
152,2.9462307224556654,3.7035397824940985,78.90362857526796,59.223717415658,14,lightgbm_raw
155,2.1965255607322143,2.5962941276689286,136.49503882763472,154.57955704588605,14,lightgbm_raw
157,2.3813024285232283,2.759165270134408,160.08564592626405,144.42934169047874,14,lightgbm_raw
158,18.44933798394882,23.0758656749356,157.30705910300088,55.69547179588924,14,lightgbm_raw
159,2.122752571778406,2.5021769791354553,131.87959689711738,142.1738242440517,14,lightgbm_raw
161,129.89880435251973,173.61157771682355,73.93593080265771,63.814475784443154,14,lightgbm_raw
162,30.91909796610592,42.7051333676121,54.385738086635484,31.01379962860293,14,lightgbm_raw
163,35.53524873677862,46.15924941705163,57.64766689490778,39.55352059874213,14,lightgbm_raw
164,16.602004102114037,21.781055646853247,37.27825076651741,26.356531967360933,14,lightgbm_raw
165,2.138648391739283,2.4082768027025776,169.3545199113277,171.5223737183447,14,lightgbm_raw
166,22.624098687113023,27.117399945172163,144.79670104486394,66.4419793332181,14,lightgbm_raw
167,1.9584339439438487,2.2776756418469666,165.13874514653776,168.68940513719653,14,lightgbm_raw
168,2.612962159369761,3.4791466284475727,159.6759323104164,93.80368943589399,14,lightgbm_raw
169,1.9100643754489208,2.2564489428696244,129.83121502703995,156.3104080103512,14,lightgbm_raw
170,38.548873755708634,47.768380426844864,53.52331334800052,37.8380646800206,14,lightgbm_raw
177,2.5137327508202616,2.8643988949363606,109.3896525422494,134.63304651353621,14,lightgbm_raw
179,2.049750373211584,2.6003421076026245,93.48668629682818,71.64121556567731,14,lightgbm_raw
181,21.302710559796882,24.996535946059343,904.1623362197312,151.9470558683149,14,lightgbm_raw
182,1.8748424214125852,2.1313494879911548,149.79281177275715,158.56603823088986,14,lightgbm_raw
186,51.545435932493,59.67091903793711,73.36273231987379,45.852089346809954,14,lightgbm_raw
188,1.741973890401648,2.1245503500815723,90.96088599327342,106.29471310897662,14,lightgbm_raw
189,2.7790508709714055,3.3112136067201114,164.4331377218561,119.46939165904412,14,lightgbm_raw
191,2.1384670362476146,2.5348622833297862,113.72714304123646,142.73811487624974,14,lightgbm_raw
193,1.6425063995717348,2.093381885908939,60.843937127206225,71.70298361275532,14,lightgbm_raw
195,3.5127026477718233,4.06918579397056,280.0058726298869,149.4705450820859,14,lightgbm_raw
196,2.435828839546538,2.8018980435153855,227.16794874106054,150.18296709906983,14,lightgbm_raw
197,3.178130862926475,3.505495062660432,245.49383421438282,141.29319342289688,14,lightgbm_raw
198,4.148123379189595,4.826228104417632,276.41471249660185,156.96303172054726,14,lightgbm_raw
205,2.3426182607068813,2.605489940026736,178.21842360986773,168.84649635903125,14,lightgbm_raw
209,16.796858043960462,20.317011954122094,299.73281950828635,104.67055250647734,14,lightgbm_raw
211,29.40185429709688,34.380655441356694,217.2945630705671,83.97055233843238,14,lightgbm_raw
213,2.2296899684369684,2.5033346756876247,166.48386604015525,159.23304279667667,14,lightgbm_raw
215,2.2486022752701333,2.5650144108462527,145.26291254697526,133.8617269745089,14,lightgbm_raw
216,2.603510227511609,3.0968010287082097,134.40360996008636,90.90510495087865,14,lightgbm_raw
222,1.998040634068121,2.3112293349714186,168.11797825670837,169.81919652823555,14,lightgbm_raw
223,3.315391928013782,4.261954284685028,154.7247905783542,95.1905475688675,14,lightgbm_raw
224,8.054717924732753,10.627523605871783,120.53770152947398,67.41604886673154,14,lightgbm_raw
225,3.1599701346979323,4.123361154960866,165.86703814367445,92.74827635692922,14,lightgbm_raw
226,6.191783789784736,7.979049296730894,118.90667384549924,64.50217588017098,14,lightgbm_raw
228,2.634194925891608,3.244613848249945,199.86807323583773,122.20107479310103,14,lightgbm_raw
229,17.8115217412964,23.294155449329974,49.41517798240096,33.569428915192866,14,lightgbm_raw
230,40.492923415977266,54.60880763227755,37.78071160641831,32.49202787896206,14,lightgbm_raw
231,22.901123944919586,28.624391814293343,77.15192571073341,41.832988806541465,14,lightgbm_raw
232,22.40366377093909,27.58604380167868,219.30103416173728,90.17711355014164,14,lightgbm_raw
233,14.992712225306333,18.925725083835133,92.39585467753294,40.366623144419464,14,lightgbm_raw
234,48.59856736788453,60.97260592637947,91.75123000979085,53.55535135286275,14,lightgbm_raw
235,1.742177781234152,1.9613676546750876,101.4071378799768,146.1571281864058,14,lightgbm_raw
236,98.62839382897376,127.26422321350674,104.29526711932596,58.039258944487024,14,lightgbm_raw
237,162.51799446778057,202.51755946202016,98.75309278340413,76.46549188528768,14,lightgbm_raw
238,28.178545083649748,40.330228695392776,73.30269635492212,34.80388575413681,14,lightgbm_raw
239,28.5428111574647,37.51088945557211,53.98138943447021,31.11056361345132,14,lightgbm_raw
243,8.055825088481841,9.742209654568898,280.64210478553815,96.52092579884818,14,lightgbm_raw
244,7.756061300241085,9.475923246780125,103.05828671539057,57.603573647587744,14,lightgbm_raw
246,39.012359801163456,49.16108428338248,119.74466592326203,52.684752250613315,14,lightgbm_raw
247,2.7244108210667224,4.5633456064122075,90.06126547622972,129.54867541252514,14,lightgbm_raw
249,29.751287952908722,35.494160741243654,55.4861222400438,39.44165442005676,14,lightgbm_raw
254,2.075309112803861,2.376751476890113,127.6563880177569,158.91295473185377,14,lightgbm_raw
255,53.20896705640655,61.97567440935421,1954.649317648716,162.1388436287942,14,lightgbm_raw
256,21.03054267142693,24.804283696849144,787.039229558136,136.02166576611066,14,lightgbm_raw
258,2.0692507730822807,2.4500510497248698,124.99139030102249,148.27988811040512,14,lightgbm_raw
260,3.1619133047157106,3.7799540823209092,159.9084727015673,95.74047602487182,14,lightgbm_raw
261,10.752400166888833,13.975964403157313,108.11967281076346,67.91595628587551,14,lightgbm_raw
262,29.588706307281047,42.34710672671091,49.62809797154564,52.23287727818854,14,lightgbm_raw
263,25.091268001666105,32.321233396861395,55.56080559336013,33.47013462010207,14,lightgbm_raw
264,3.6027439435501676,4.508958265692352,95.89330543431659,74.4530250259295,14,lightgbm_raw
265,3.2713044983498087,4.153111692090671,207.25331908707813,95.46930937031523,14,lightgbm_raw
4,16.564538356341497,20.673264998857018,161.0305746214974,77.84201302435267,15,lightgbm_raw
7,18.07870353476592,21.180222588622247,375.95241981803207,105.08003904548387,15,lightgbm_raw
10,1.8490639228859207,2.3350126120665933,88.40143305381962,93.21192894832684,15,lightgbm_raw
12,1.9978041104070483,2.50861343761183,79.70224486691887,118.1035225760434,15,lightgbm_raw
13,14.563320161203501,20.855646013394164,75.64950446047554,58.681103392072735,15,lightgbm_raw
14,2.156787474749482,2.538130973965706,95.47255839531846,141.70184573642118,15,lightgbm_raw
17,3.767140714725468,4.878339917628039,231.80509958922562,91.96209327230675,15,lightgbm_raw
24,5.974213768451647,7.456468050065519,60.46069453044005,45.71758930250858,15,lightgbm_raw
25,9.57426991500797,11.931570901066179,380.0116602935851,112.65034935185042,15,lightgbm_raw
26,2.2540793343879195,2.5646532371632453,199.72699500159848,162.4752510234183,15,lightgbm_raw
28,2.494832759419767,2.885285138132666,164.6650691634962,140.82719958376757,15,lightgbm_raw
33,9.720651229050668,11.692909527909011,227.16245960393263,101.82732755357397,15,lightgbm_raw
35,1.7572181825938331,2.0371786633448163,108.56971634486206,117.5280114653096,15,lightgbm_raw
36,11.166440584556275,12.942271920539893,748.2906383188474,147.0826702047796,15,lightgbm_raw
37,14.651035765433548,17.704987925032874,642.2750545531668,130.93149695685767,15,lightgbm_raw
39,2.2905350507685296,2.647831790097895,131.42186295121218,130.96309698137654,15,lightgbm_raw
40,3.6900236328889875,4.473271988198862,176.30759693139882,128.84291867718184,15,lightgbm_raw
41,15.996291762065297,20.42170224892771,73.47445656808374,52.289585971229435,15,lightgbm_raw
42,14.129402656844533,16.99305924341157,122.60972589179755,67.83008945842481,15,lightgbm_raw
43,23.490519006726135,31.636388241500676,105.46350140807179,51.55150797973916,15,lightgbm_raw
45,23.600137109531374,28.39654398907272,356.2044609271511,109.50790651353397,15,lightgbm_raw
48,24.207875549521372,29.257402436735298,28.385525503164434,37.38835081072423,15,lightgbm_raw
49,6.468473700976072,8.221012731779682,316.82970273611505,117.85992071517121,15,lightgbm_raw
50,14.49373669278935,17.985542930397674,57.30636971386692,40.41707148218833,15,lightgbm_raw
51,2.0897900784692682,2.354551053620125,145.33238201889296,168.07553284355345,15,lightgbm_raw
52,2.115139876024658,2.580748686183621,113.41756311161382,104.38871402966981,15,lightgbm_raw
55,2.22880377326719,2.6133475092494516,136.02452490266816,162.5201353064601,15,lightgbm_raw
56,7.158432680812976,8.003429239682509,502.0234364192308,178.48199190485454,15,lightgbm_raw
61,7.933177976353927,9.867190972129185,359.91677732164817,102.89261481779272,15,lightgbm_raw
62,1.9727155794953515,2.3411721923302364,113.22996739317826,116.13928673647256,15,lightgbm_raw
63,2.2066823252962973,2.482069901199752,146.9075529841588,148.2919354076872,15,lightgbm_raw
65,8.380176319652666,10.040145014683214,245.61813626640904,101.17123949875288,15,lightgbm_raw
66,18.36528191281266,21.979790394978195,592.6385090144374,127.53710527999607,15,lightgbm_raw
68,24.53132902362371,31.864332501571965,29.711202041824958,31.86338487041607,15,lightgbm_raw
69,2.0867609029897634,2.5754374211276976,133.079395782044,123.5787320466073,15,lightgbm_raw
70,15.764816102176225,18.827178109098963,198.7479999558265,91.22493162502867,15,lightgbm_raw
71,2.151785313022378,2.5099917844687045,82.24513183521842,136.66543999308817,15,lightgbm_raw
72,1.8252211144263744,2.170172514570594,119.3300514548032,128.8644350425541,15,lightgbm_raw
74,24.04968891650782,30.368231068599304,146.47965884610193,73.82073880076906,15,lightgbm_raw
75,10.826108818405416,14.106499833409858,34.54237108200979,30.347565176639552,15,lightgbm_raw
76,2.6294782657110507,3.0999937639764137,131.24725799979296,98.78806465773475,15,lightgbm_raw
77,2.164533391196523,2.3554235193667385,135.18177768798867,168.06950642158188,15,lightgbm_raw
78,2.3776174295821444,2.667805078689582,191.2899500121534,180.92548186314283,15,lightgbm_raw
79,21.554232659799045,33.093946108514835,27.9501389269023,25.00275906522644,15,lightgbm_raw
80,10.099461189472146,12.001986614014134,502.06830180605743,122.70934921638452,15,lightgbm_raw
82,8.032889426075377,8.872949692162813,434.6416296033289,149.7962323371726,15,lightgbm_raw
83,3.0339139881050676,3.343763257967859,205.71593945351447,159.1007757361942,15,lightgbm_raw
85,2.096894256516222,2.4045347199935887,168.45107443291215,138.68697080596166,15,lightgbm_raw
86,2.24185777090528,2.546834183638697,114.22737044210089,180.17485675278326,15,lightgbm_raw
87,29.559534829093934,34.93248212000535,103.90228087313137,66.28747183165274,15,lightgbm_raw
88,13.954852803444107,16.905774055437185,134.66670020302197,70.8066530964263,15,lightgbm_raw
89,2.058682177215484,2.7871435302439913,95.59994135109285,86.51882879511037,15,lightgbm_raw
90,17.172618677029178,23.502189664357136,28.44152983537174,30.64206076738493,15,lightgbm_raw
91,1.6635311175302536,1.9926094160109478,93.26035144490858,121.67041463088462,15,lightgbm_raw
92,5.435697341658318,6.492986463109195,364.40352740787705,147.07574250710476,15,lightgbm_raw
95,7.06664085427933,8.152056897163243,506.84616655751836,145.71374412063324,15,lightgbm_raw
97,11.247107720266994,13.941881883997432,416.80067068817044,116.04214699128276,15,lightgbm_raw
100,32.97800207599197,43.972100299754416,63.98322780393214,45.56344591491035,15,lightgbm_raw
106,2.8145324119590547,3.5398464542969084,132.79383289008743,122.87821095774386,15,lightgbm_raw
107,27.611752545007477,36.391036740680725,34.86758556580688,44.29282207507893,15,lightgbm_raw
112,29.7878142737502,35.09266042718034,953.14408357563,139.6429487707945,15,lightgbm_raw
113,24.76069549277568,33.998979708750475,47.97250653007816,38.93949087459407,15,lightgbm_raw
114,26.597729022016704,32.216511626796326,139.33932187113285,58.33972091237529,15,lightgbm_raw
116,19.270541838155072,23.712359131969478,257.2718428361209,91.76487487973702,15,lightgbm_raw
117,2.0566427251555086,2.31019825239621,231.08536158033246,184.9690613867623,15,lightgbm_raw
119,2.0271108663753683,2.302671023870528,97.14738910508704,172.6449764685677,15,lightgbm_raw
125,16.779617569512315,20.428363301031194,113.82829495018633,60.63235582485377,15,lightgbm_raw
127,4.81123718445192,5.979166300493952,307.03922782987536,125.9824701830906,15,lightgbm_raw
129,24.23820709681117,27.912316208115982,925.9382338867833,145.53580372500286,15,lightgbm_raw
130,7.285217979319365,8.730415121326548,448.78299303530946,116.24875333287461,15,lightgbm_raw
132,49.15147403397756,60.451837481421904,61.684567714295014,32.4277760265277,15,lightgbm_raw
134,2.119756080501673,2.5521839481400743,133.21900783066343,133.0950846849398,15,lightgbm_raw
137,14.76808404442455,21.523625971420643,31.23204135261887,27.766428260730084,15,lightgbm_raw
138,49.89696760945784,70.55515387052147,200.50496648278983,52.81806902794878,15,lightgbm_raw
140,57.05678791337431,74.68753156862563,47.503473747261936,53.93806945940054,15,lightgbm_raw
141,31.5633524183006,42.8852822709516,27.81759714680942,32.60512622966243,15,lightgbm_raw
142,41.15984525489822,59.14318993716782,32.32128120870216,33.81306059331106,15,lightgbm_raw
143,24.701557511208467,32.73338461270357,71.16852748250263,55.2550984465444,15,lightgbm_raw
144,28.48347097553604,35.2586958227632,106.86101505477532,60.120193451720944,15,lightgbm_raw
145,52.82035997192142,62.83966242586737,749.0234234196994,135.11018879704935,15,lightgbm_raw
146,6.321719110990064,7.541568292438386,218.53389024421244,93.00714128958653,15,lightgbm_raw
148,21.932331352168237,27.653030428861726,67.77138258282388,53.456968767610284,15,lightgbm_raw
151,10.3008357911735,14.326294287747132,38.802518830379746,28.971978242425664,15,lightgbm_raw
152,5.6027471829289555,7.297424736971,142.4043515353004,73.31269208237246,15,lightgbm_raw
155,2.0445075038094043,2.4409100107776194,177.20321269080858,140.8568152483594,15,lightgbm_raw
157,2.75696483344849,3.0560900972093084,187.62581509306983,155.35555779782217,15,lightgbm_raw
158,21.15837708061194,26.309267737823145,96.08353316917115,50.5092635850354,15,lightgbm_raw
159,1.7415521894275294,2.188348599985239,106.26801089081535,124.57643107784128,15,lightgbm_raw
161,134.67302223816773,179.45315941892113,53.23801699688562,64.72524012024489,15,lightgbm_raw
162,50.176153157616206,63.49306946034278,54.720804844688175,37.64248924733287,15,lightgbm_raw
163,34.45980611853388,44.24167533868068,49.773346445983094,39.40966662536129,15,lightgbm_raw
164,24.861966832944102,34.048926065975046,37.41026685826583,35.20644005026196,15,lightgbm_raw
165,1.9629074083674543,2.260651050625187,150.40690247140128,176.78534249342377,15,lightgbm_raw
166,19.20988399803826,22.984870072679193,92.40178700862349,59.51093094856361,15,lightgbm_raw
167,1.890068390724953,2.1598367889896797,154.09149751953555,162.26724613667122,15,lightgbm_raw
168,4.743331306177981,5.744770518084984,268.39134144356314,131.5561568167947,15,lightgbm_raw
169,2.182948914422771,2.485472140407933,145.24411242421573,169.27706588888623,15,lightgbm_raw
170,44.45858297090905,59.031842193948606,30.914091013948326,36.55512346477216,15,lightgbm_raw
177,2.311450770429516,2.802566823264127,142.04929690061795,116.60931856130082,15,lightgbm_raw
179,12.886374956111453,15.149766032280482,616.9322972669653,131.233864366548,15,lightgbm_raw
181,17.37609934851545,20.37284842166147,639.8410012653751,140.2201724062094,15,lightgbm_raw
182,1.8313582610120391,2.067527975968068,154.53400062591658,164.61392207457644,15,lightgbm_raw
186,71.88586071639814,98.26577202507902,315.651444392561,65.71799249162156,15,lightgbm_raw
188,1.7006351178152095,2.1724175016285474,74.76439883994756,80.71234452572801,15,lightgbm_raw
189,4.252350570355136,5.208245666188555,204.0965551754606,111.42118663907426,15,lightgbm_raw
191,2.3366291793606937,2.703381349215263,135.38477833920263,149.0149082347701,15,lightgbm_raw
193,2.0874059311439104,2.540777328683131,57.41293088431211,72.26836504567115,15,lightgbm_raw
195,3.0537904998565195,3.676436856191843,182.30095568323546,151.15466452199516,15,lightgbm_raw
196,1.8948064049451803,2.3107647241984757,105.31574150148974,127.82176882676784,15,lightgbm_raw
197,2.369034187939373,2.709900674385412,153.95172359288432,116.39661432373255,15,lightgbm_raw
198,4.7204124717606275,5.607592434150038,288.2264839549946,149.35351383106078,15,lightgbm_raw
205,1.6819680436799385,1.9840485823750518,88.54045904024687,143.39830958345462,15,lightgbm_raw
209,19.781066929788583,23.146187745758734,305.4118107000202,105.05871813215542,15,lightgbm_raw
211,39.89936109164823,48.20722400529289,210.74656693537298,82.40791256211766,15,lightgbm_raw
213,1.927926886044648,2.300167672181986,131.0623691110582,148.72359547516294,15,lightgbm_raw
215,2.056070690292469,2.402435565838534,120.93961256504839,123.91803745197903,15,lightgbm_raw
216,1.9929633109732896,2.3969979895807354,106.97618661771531,81.79673971685094,15,lightgbm_raw
222,2.0013531596490983,2.274261863700306,189.76050742945526,176.4005829193371,15,lightgbm_raw
223,16.523209714708845,19.256309170639742,662.2382198791556,136.5630689590199,15,lightgbm_raw
224,5.091113707464355,6.973621990621493,76.0486658707339,49.04546356738921,15,lightgbm_raw
225,4.169255070648251,5.159451051723086,206.78802484538764,87.05913819505967,15,lightgbm_raw
226,40.13689141842511,48.09345869712746,548.8734548139743,122.59484898387511,15,lightgbm_raw
228,3.3981279902193293,4.077174618110172,193.40462947585516,121.85991101593766,15,lightgbm_raw
229,21.998242911948893,28.233601097941378,38.415480600862075,34.441601087952904,15,lightgbm_raw
230,45.58743745526277,62.13423688301371,28.652465068226853,34.221070293934226,15,lightgbm_raw
231,12.505997741727986,18.016282015347006,33.34696859405326,25.196797589317622,15,lightgbm_raw
232,17.450153075238475,21.854138637998627,189.73134601227974,74.8739342103266,15,lightgbm_raw
233,16.00808622965513,21.84589938152077,42.720590312661685,35.39427283676165,15,lightgbm_raw
234,40.69713348658015,54.207288564212774,36.17716228975986,43.717134176015435,15,lightgbm_raw
235,2.5466833211020528,2.9593472528442906,157.64728716472283,170.22718307926706,15,lightgbm_raw
236,154.14446933750574,193.19659764509967,62.40345207873222,73.12141422797572,15,lightgbm_raw
237,149.47362803864306,183.01498643797507,58.47151478631093,69.9503515134868,15,lightgbm_raw
238,27.96168297616458,39.47035824082852,54.180796693262,35.05939493387104,15,lightgbm_raw
239,45.2838239837422,57.49400767189043,41.84660582833107,41.51829021347572,15,lightgbm_raw
243,4.971034378594703,6.4880843519810885,142.92537296845057,81.00156604669893,15,lightgbm_raw
244,10.239630049670852,12.321412783695285,110.69369358034852,63.05118260735784,15,lightgbm_raw
246,31.345056533944188,39.42030209719833,76.67844870717623,43.356368981225636,15,lightgbm_raw
247,2.638127915386678,3.091942374436381,141.93852508466716,132.77242884125556,15,lightgbm_raw
249,20.035401911284733,25.16043131784757,35.49501955844072,33.33839799900496,15,lightgbm_raw
254,1.9319711595636082,2.200615700203746,122.02236735243216,148.43790354896188,15,lightgbm_raw
255,44.50384032867771,52.70889575643313,1430.7597164665049,144.45151655156042,15,lightgbm_raw
256,19.427133283266937,23.177784840033883,727.4856768688011,122.76688916055572,15,lightgbm_raw
258,1.9610619193246872,2.251854321895984,116.39648044623058,156.55540924413148,15,lightgbm_raw
260,6.579535045302145,7.526222768627592,321.51503786370495,116.27581540601216,15,lightgbm_raw
261,13.617797409441811,18.203131285490638,164.83463051382458,66.06058118381077,15,lightgbm_raw
262,49.27738464039637,64.45195432688938,77.77487489570386,76.744721095969,15,lightgbm_raw
263,33.37172959305071,45.55359470327635,41.93383007802782,43.262183167273854,15,lightgbm_raw
264,2.8355239025768153,3.7068587644051623,34.597889204810095,65.28706069940694,15,lightgbm_raw
265,4.25893363350682,5.526913150894294,186.81994304214365,97.24074178701238,15,lightgbm_raw
4,22.85660321315832,28.87185751999211,222.75111356576153,83.93712949510915,16,lightgbm_raw
7,25.622413939653196,30.738507597453523,515.8951483298424,117.0443844788684,16,lightgbm_raw
10,1.704407885155594,2.2077348072298935,81.92499629191803,80.04727344235819,16,lightgbm_raw
12,1.68858798244304,2.0722613244588355,84.67751158370608,123.22572082965121,16,lightgbm_raw
13,21.295731829349105,29.475812108483264,64.83242279199722,79.00426019986217,16,lightgbm_raw
14,3.3560265147081942,4.065979722545258,234.14333435195545,151.9284245521626,16,lightgbm_raw
17,6.766970848589516,8.489568940852312,418.78083104463076,120.11536000190836,16,lightgbm_raw
24,9.839994059928104,12.344375206843788,154.8925035543842,69.80034357406872,16,lightgbm_raw
25,12.992507032358573,15.597708349864698,539.5472262265922,130.70436299247595,16,lightgbm_raw
26,2.052201859899028,2.3416492370838986,156.05636578956054,157.39136847767762,16,lightgbm_raw
28,1.8788218797647023,2.17829374405479,90.6539501061513,132.37221735428247,16,lightgbm_raw
33,13.57608503391416,16.400904085893934,411.04557884016106,115.13192727932655,16,lightgbm_raw
35,1.9268387694152738,2.2619263866393355,102.76086072836345,127.16255392654791,16,lightgbm_raw
36,11.32713007838541,13.269025078163299,522.066468701806,137.9025924753192,16,lightgbm_raw
37,18.874719458196555,22.76111593275611,866.7579591045856,135.2709783261797,16,lightgbm_raw
39,1.8316971493839442,2.184561440266597,71.98455978825478,135.17589347068164,16,lightgbm_raw
40,2.8374077152682537,3.6210324957297413,186.6306252376645,104.7219472370126,16,lightgbm_raw
41,24.31515467492764,30.607167554214797,206.47610879144858,76.72560653048713,16,lightgbm_raw
42,25.529109043959426,30.50140363361863,332.3914463726268,101.79844829091803,16,lightgbm_raw
43,25.44733401294127,34.44006404166075,138.07007460256247,66.5017143448875,16,lightgbm_raw
45,25.11262806222365,29.69717612369583,382.0202253625687,120.72870116881029,16,lightgbm_raw
48,23.16622438361843,28.550766282894138,33.0184569350875,25.89807924854558,16,lightgbm_raw
49,5.081461316091661,6.488882392716214,271.4569517382388,113.2036827360043,16,lightgbm_raw
50,12.146728051812367,14.732613968513858,82.86837966049342,43.269768854574124,16,lightgbm_raw
51,1.9407078778587181,2.208897119770719,136.3023626188384,173.0792976928154,16,lightgbm_raw
52,1.9798752050260735,2.4465743178224306,73.27078198128976,117.58648611059557,16,lightgbm_raw
55,1.983198448231634,2.323090902967727,139.10673979789027,168.1591312824739,16,lightgbm_raw
56,2.0043218190693852,2.3390941875447107,122.75790671573125,135.89885546547998,16,lightgbm_raw
61,6.144649930157726,7.361871396144479,271.078050820862,99.52658857954805,16,lightgbm_raw
62,1.8607824533566566,2.2232137862688326,129.11850514407806,127.98782849489324,16,lightgbm_raw
63,1.905904138546953,2.2264029162031425,103.49648483457479,138.0005555451701,16,lightgbm_raw
65,9.92307663834463,11.491702394573963,253.26553086503455,110.15378003611977,16,lightgbm_raw
66,21.70628916507191,25.86449079076483,535.4016129507135,130.2362180321328,16,lightgbm_raw
68,24.971046991950754,34.96007675669732,43.38347162294904,26.6483015485411,16,lightgbm_raw
69,1.5889555039723173,1.9299880409145143,103.33846848794109,125.69819803526714,16,lightgbm_raw
70,7.989689186272685,9.223828150390256,123.02043575490387,70.48457267513949,16,lightgbm_raw
71,1.593801102108963,1.9063999271211478,54.48491841371248,114.78819445911279,16,lightgbm_raw
72,1.626667827364333,1.8413650722668153,95.191293627751,134.5017611229197,16,lightgbm_raw
74,29.141222400467495,35.959806242585806,224.14783810118038,85.35798854156235,16,lightgbm_raw
75,12.335585347172879,16.93093213798218,75.75522664989562,39.20218843214687,16,lightgbm_raw
76,2.732428448497601,3.16800045023436,149.57308044232943,111.91689282005045,16,lightgbm_raw
77,2.0415035955314225,2.3081205788143575,119.68406943353965,163.44761456668672,16,lightgbm_raw
78,1.889163734714742,2.1588768859263125,101.12424439073993,167.98385749372054,16,lightgbm_raw
79,28.188941740171714,35.136450327116584,61.569783978021256,38.311847842965484,16,lightgbm_raw
80,15.244529853846117,17.11150961262039,746.3180453392317,141.896171217378,16,lightgbm_raw
82,5.3028449403922515,6.057173895629496,288.93725832412326,117.61053691610924,16,lightgbm_raw
83,2.592295134026493,2.9122338652835826,164.04434462582822,155.1273408831519,16,lightgbm_raw
85,1.8392486965818373,2.230331359243288,97.93307955729924,130.34107077685954,16,lightgbm_raw
86,1.9716067354606732,2.2010361204524282,138.60566325858818,187.25568609920617,16,lightgbm_raw
87,38.71741299290322,46.56288532907149,178.75601118289666,80.87341229010308,16,lightgbm_raw
88,19.72068441533227,25.16466311066328,266.26012354870744,84.9220557296765,16,lightgbm_raw
89,1.9542291979328983,2.6916419558926075,87.12197714062962,90.72308354235146,16,lightgbm_raw
90,30.1114984885894,37.43966855944996,91.10770075788564,43.644193814999575,16,lightgbm_raw
91,1.716624995532782,1.959818938880654,119.39145100671256,129.90841120964697,16,lightgbm_raw
92,7.857661631697969,9.542980878605398,540.8520830516094,166.12966454848956,16,lightgbm_raw
95,10.926250324120288,13.293417269025932,707.2975963463143,150.90148661902185,16,lightgbm_raw
97,28.251707870778578,34.24703271977166,1296.1241332457428,145.7083559633608,16,lightgbm_raw
100,35.5924381423604,45.43449404402128,62.29183593490285,47.362413716068005,16,lightgbm_raw
106,3.3360320911348005,4.005037310383439,191.66128573309925,140.5954942725651,16,lightgbm_raw
107,21.502080145538873,29.842063609986045,118.76284758071142,38.15963232194691,16,lightgbm_raw
112,18.496732764424646,22.44600427318433,694.3161388183197,126.02372764191863,16,lightgbm_raw
113,45.83640047063765,54.9240764666348,150.46374701117048,69.06842166653787,16,lightgbm_raw
114,37.13386092560523,40.93722846567729,197.9437330381961,74.06616734185367,16,lightgbm_raw
116,11.773350603979887,15.479578001959283,222.23261375789335,82.40301838731791,16,lightgbm_raw
117,1.8541934116006136,2.1108860500222786,137.81901750460858,167.64838946865132,16,lightgbm_raw
119,1.906222888760787,2.147046474672896,110.01057968557706,167.98999600223763,16,lightgbm_raw
125,28.286900621877667,34.5619505617824,170.60562144323458,86.21590679937343,16,lightgbm_raw
127,6.786787573978043,7.886318049107681,472.8576446968999,140.14493041293255,16,lightgbm_raw
129,11.436964489248803,13.656064929627844,432.6122877729622,110.08349542769497,16,lightgbm_raw
130,8.854106925876843,9.943888377275142,352.61087243465823,135.31627595276635,16,lightgbm_raw
132,39.6378647478918,48.87604092048294,26.594445662600407,25.951751423325987,16,lightgbm_raw
134,1.9415579638816638,2.2282653748533146,149.62604915608713,147.73700884201185,16,lightgbm_raw
137,27.994360075516624,35.792008462484446,99.87715145489302,49.65226060667569,16,lightgbm_raw
138,75.43996557521524,92.89738559366457,144.19077814836004,69.93436320463775,16,lightgbm_raw
140,50.484621258070234,66.4469448226794,61.36025821204463,53.47564542537764,16,lightgbm_raw
141,34.007346841270255,40.76240436776508,68.18640163461596,42.43502479614784,16,lightgbm_raw
142,31.614321322726934,38.52399755740956,86.52385847432438,41.6686726754425,16,lightgbm_raw
143,16.227502939277432,24.159012615264267,87.8933207504515,41.9363013759879,16,lightgbm_raw
144,27.481555465254917,34.285481135422216,138.4925189095286,64.00217732985209,16,lightgbm_raw
145,22.120204025325425,25.758898146584272,376.47624331868315,115.91020991830574,16,lightgbm_raw
146,6.506673094585334,8.500296644862178,263.88443296398395,90.69446784642098,16,lightgbm_raw
148,43.689026386830015,49.49479209482765,190.3039940286939,79.40383063012699,16,lightgbm_raw
151,13.82182537860559,18.34004716034254,74.4404595158845,42.532246053190235,16,lightgbm_raw
152,9.895968688741634,11.55306621127476,245.2466327541017,102.25999108313556,16,lightgbm_raw
155,1.7906253166294492,2.133112958261534,101.46934171068564,154.93053916609657,16,lightgbm_raw
157,8.642245951684096,9.902461140367583,532.0617349290251,160.23492206484988,16,lightgbm_raw
158,27.979464274781545,34.34909611136381,126.57453376582535,64.49316509873972,16,lightgbm_raw
159,1.5631730128754568,1.8818425322745982,78.23564319852751,122.66890497093569,16,lightgbm_raw
161,143.10570990972835,179.20154882676488,236.4553819446372,80.84738902870184,16,lightgbm_raw
162,58.061584438159684,72.34614394459429,69.57410089738562,45.73530217412873,16,lightgbm_raw
163,26.981634274732723,35.25833739150985,53.60177179919589,33.24124328933957,16,lightgbm_raw
164,23.915158263136366,30.66507754110878,61.6747605877668,37.29943930156364,16,lightgbm_raw
165,1.958509065398249,2.177128193767868,148.69697074565624,166.54507745163937,16,lightgbm_raw
166,12.247945176533472,15.853288615594552,125.32049846254232,53.63439759451719,16,lightgbm_raw
167,1.7146575713614034,1.8934399720043151,106.23212915993261,158.99949861763687,16,lightgbm_raw
168,5.055241870271299,5.73086379061179,296.361803917171,131.1477673147837,16,lightgbm_raw
169,1.896185899397749,2.160135851947822,127.91790636703165,169.1327928414584,16,lightgbm_raw
170,43.41665404396304,50.6752948870048,188.44905657421123,53.57303484836148,16,lightgbm_raw
177,1.5986749391507382,1.9490657826532745,70.70401592149305,108.329675489163,16,lightgbm_raw
179,2.9511529019384266,3.905113889747035,142.9052288931576,77.24822398052972,16,lightgbm_raw
181,24.756614960308013,29.680556155427496,1374.4021957018583,161.0910526010468,16,lightgbm_raw
182,1.676544610987463,1.9382497995596524,61.94082588063058,160.30233953590647,16,lightgbm_raw
186,74.56815939012345,90.70227335129371,61.88446512691515,49.81040049058251,16,lightgbm_raw
188,1.6951126876290392,2.084884212908948,85.20079980927707,80.59687201522395,16,lightgbm_raw
189,5.322288213917815,6.514541548093396,373.9987654640735,134.28444456085057,16,lightgbm_raw
191,1.820494193772749,2.13927295760805,86.98013607169088,159.5167223279266,16,lightgbm_raw
193,2.9986366598370093,3.9147169545502307,59.36360540579887,96.66457228416623,16,lightgbm_raw
195,2.9664727947219904,3.4357905028845623,220.19879216879968,153.94983149943855,16,lightgbm_raw
196,1.8995184025968548,2.27758785246379,115.20890904027866,130.83408344412507,16,lightgbm_raw
197,1.3789554048394137,1.7426575402047209,84.77687471929114,91.67188462373763,16,lightgbm_raw
198,3.4590599571163754,4.144635128496497,224.80863947883725,148.18724664184853,16,lightgbm_raw
205,2.017751539408408,2.250568574531161,163.4010379529191,162.25212349163374,16,lightgbm_raw
209,25.02340984420617,30.660200292548378,487.834335178259,117.18256374553805,16,lightgbm_raw
211,31.727056878955764,38.21570974451505,268.4915298225632,89.09409854456214,16,lightgbm_raw
213,1.6503183996109871,1.9572881271967644,85.00174900400435,146.31665471443273,16,lightgbm_raw
215,1.6956705808002475,2.0329277857986163,104.25313403678418,108.68582650644265,16,lightgbm_raw
216,1.6241061528483585,1.9561542923100534,62.2023051281137,84.20297005783996,16,lightgbm_raw
222,2.115990661479859,2.3642269577256325,188.98456861432615,193.3664130574457,16,lightgbm_raw
223,17.440645663560982,20.238732279585726,795.1720220886566,140.12201060016966,16,lightgbm_raw
224,15.700187707398626,20.060911387409927,223.70763220406906,90.61944421990226,16,lightgbm_raw
225,4.139918892262983,5.099625108183654,171.14343749107667,102.75490812808441,16,lightgbm_raw
226,12.84780357035868,15.52088210739515,270.80038723741774,93.91836332763211,16,lightgbm_raw
228,7.729918874718358,8.586230041165662,547.5751223846345,151.45024080853483,16,lightgbm_raw
229,19.19448334862902,24.070568816759177,48.67487594008187,35.59262100202656,16,lightgbm_raw
230,33.43422659471629,47.4432623164678,29.094780709555828,27.156882150984142,16,lightgbm_raw
231,22.058576413757816,28.227691532204958,80.84104596178253,42.745660471359066,16,lightgbm_raw
232,19.639143754176263,24.773940795156662,210.06446296182446,82.21243078330757,16,lightgbm_raw
233,15.179652176074754,19.61865176448029,97.46909617182993,45.42415167625273,16,lightgbm_raw
234,38.535116885014496,46.624251043430675,170.0236361342464,51.313139888557146,16,lightgbm_raw
235,2.082533022726625,2.3543647767431293,128.771534069517,167.79859814337024,16,lightgbm_raw
236,120.38750061853739,155.83752050256587,98.28554153657439,72.90340511235047,16,lightgbm_raw
237,141.18649805136184,182.0865793206377,72.71265898565544,72.50895487548152,16,lightgbm_raw
238,33.33677505144112,42.17593858937737,91.20327042396956,49.08910057583574,16,lightgbm_raw
239,39.45169842627183,47.471692288285105,66.97973285751937,45.01982155078406,16,lightgbm_raw
243,11.501983048469098,13.387064068339111,546.3420002109257,130.708330203783,16,lightgbm_raw
244,12.363137994551863,15.564157303019368,202.0893997206694,82.15364766577817,16,lightgbm_raw
246,31.595861364449203,37.746291346637456,111.09285492393974,53.471806103613154,16,lightgbm_raw
247,2.308832830386991,2.750597707102223,128.44984850868036,140.05284693971205,16,lightgbm_raw
249,29.691741118228972,35.83759038410136,66.1469792262368,43.20056314687901,16,lightgbm_raw
254,1.7986710976562617,2.058134921668341,104.91988951462521,164.7196412228225,16,lightgbm_raw
255,53.40849375269335,63.080477090240926,1972.2363839271661,157.92087453953135,16,lightgbm_raw
256,34.477827703173396,40.94074911736978,1109.6501966005749,148.18255036741732,16,lightgbm_raw
258,1.4936838314935512,1.7531119064970788,76.48364543032427,129.38362485841193,16,lightgbm_raw
260,7.328069917943576,9.183933371209408,410.0016968652751,117.29863919632919,16,lightgbm_raw
261,15.101949743998938,20.3853927920339,198.09082453263812,72.66784145221716,16,lightgbm_raw
262,31.02159820463201,47.48289676712041,95.4600031242007,53.68097989018657,16,lightgbm_raw
263,29.247104936702197,38.254608919222996,101.0319210682396,42.735401757326805,16,lightgbm_raw
264,2.7011381876796996,3.9391926213796227,46.50278295114817,65.19371355212853,16,lightgbm_raw
265,3.8485986994470536,4.994348773620012,200.35405274859568,97.13450364060422,16,lightgbm_raw
4,11.045670768645536,14.690482437138233,97.18038891844759,61.89787889529688,17,lightgbm_raw
7,14.107021820437422,17.303581410118422,287.00489919098385,98.84650162770693,17,lightgbm_raw
10,1.8027433389661223,2.193059377680294,125.35503912793979,98.87647570585197,17,lightgbm_raw
12,1.5459771766869952,1.953585325408673,86.48362746017897,135.4078429064541,17,lightgbm_raw
13,17.5747933230634,25.151932768415502,79.57490762895134,70.6697151561409,17,lightgbm_raw
14,1.3535550842233857,1.7602284938891903,90.69045974955199,136.3966404694438,17,lightgbm_raw
17,3.829567317436677,4.907676723583613,179.02111967669373,108.81837621470743,17,lightgbm_raw
24,5.967897364623524,7.406517076911231,54.48122120264368,59.04536080304831,17,lightgbm_raw
25,8.252919096640708,11.948269734456044,384.6714114706802,103.95757721677107,17,lightgbm_raw
26,1.4901539983992353,1.8297551620906005,67.6445188800105,152.19255906936294,17,lightgbm_raw
28,1.268518776170091,1.5587717802147674,63.993442176978235,136.24994014099033,17,lightgbm_raw
33,5.377652047086052,6.805250306360148,150.2690182140131,84.70363286081441,17,lightgbm_raw
35,1.013676340663135,1.3293782994439547,65.38205964337564,109.77076059562235,17,lightgbm_raw
36,9.258768437972842,11.902866584839751,701.7752930505005,146.29932396390777,17,lightgbm_raw
37,7.565129610638912,9.693570501391992,385.3254121159426,111.83323687167511,17,lightgbm_raw
39,3.1150305891015875,3.7379699574067002,189.40403372863076,142.82117844339686,17,lightgbm_raw
40,1.4794137662434739,1.8477383777247522,74.20488348942821,115.17305615158499,17,lightgbm_raw
41,16.093271737574238,20.99619896745056,100.05261845984117,58.38449344225379,17,lightgbm_raw
42,21.068849512331578,25.82377774909393,178.42442653555796,85.29545745858996,17,lightgbm_raw
43,51.825499994519795,65.13671594852735,117.8747966399021,79.15925111805322,17,lightgbm_raw
45,6.001336720379354,7.979449866484452,136.44361389004376,67.23580697862631,17,lightgbm_raw
48,26.027320691797012,31.214196770667137,30.065645165319687,32.39182021421215,17,lightgbm_raw
49,2.0874046186502597,2.7898435520469276,110.40997510442743,75.63327911338314,17,lightgbm_raw
50,19.435616335304015,25.267951822587737,67.70985289814388,45.153892116652706,17,lightgbm_raw
51,1.3435003863676425,1.7319893432908955,64.15500573192334,130.16649988588009,17,lightgbm_raw
52,1.4154997236331266,1.8603389259124212,86.8411854253744,95.608715486804,17,lightgbm_raw
55,1.3672424203728735,1.7332015074698282,35.04450465558946,155.78728937415394,17,lightgbm_raw
56,1.3869918703673765,1.7429287616264537,122.99456493142999,143.56444642216982,17,lightgbm_raw
61,3.6619248856333075,4.855354787065197,143.84109224018962,85.03155988723601,17,lightgbm_raw
62,1.2789180214587716,1.8432733785737838,66.8360981560004,109.01273060821836,17,lightgbm_raw
63,1.872627056314658,2.2647916796419545,104.96861239347129,140.81633155545842,17,lightgbm_raw
65,4.608149759664395,6.448090858961711,146.87611740745845,83.29179616893215,17,lightgbm_raw
66,9.283034040900327,11.09457349641569,282.3521070570382,116.47921444276126,17,lightgbm_raw
68,21.285848968401833,32.000540821208226,23.571649042744944,33.27389602107167,17,lightgbm_raw
69,1.1126092513122356,1.4156803357413137,90.52564881194903,136.95626865628046,17,lightgbm_raw
70,27.119152165789227,32.55990894264608,404.38221084023587,119.65769563410201,17,lightgbm_raw
71,1.2611542455205544,1.544268822287528,90.69509971014239,110.52333578119276,17,lightgbm_raw
72,1.3772194507373225,1.7631898411488247,70.24202733304001,124.65940331680406,17,lightgbm_raw
74,61.197761673743855,76.17560350968323,335.9218460272629,108.89424290852229,17,lightgbm_raw
75,9.97273738953073,13.982848493544358,64.38555843516984,39.04453743684971,17,lightgbm_raw
76,1.9603301443885464,2.3303880441004305,110.54072657925983,120.30899466083757,17,lightgbm_raw
77,1.3802474879741897,1.7209925588482478,56.78703700361806,153.38864248287294,17,lightgbm_raw
78,1.5659072139620207,1.812359334739867,127.16088600976363,176.65318465650367,17,lightgbm_raw
79,20.75436923195576,25.087884714180856,34.9764834721597,38.11876602702413,17,lightgbm_raw
80,12.39335599849646,16.1945169039536,483.4519549877238,129.53426952900466,17,lightgbm_raw
82,3.8532239226549883,4.844856208911357,237.7958276112059,116.96906145826074,17,lightgbm_raw
83,1.2770259518883673,1.5175162976073244,85.18425543723899,123.57879340039028,17,lightgbm_raw
85,1.1687518279179236,1.401884547278029,58.03107280016594,139.02090746955946,17,lightgbm_raw
86,1.2864988116033758,1.5527502864211475,97.7582919643596,162.2898064302117,17,lightgbm_raw
87,27.576797002857628,33.3096144832596,151.2656702243282,75.14315796310808,17,lightgbm_raw
88,10.082920267455684,12.764108183127394,109.29714275219698,75.44464924627495,17,lightgbm_raw
89,1.248542701283611,1.5499301165233954,65.03404355529227,99.74301181059722,17,lightgbm_raw
90,12.53444675928656,16.29794674574325,37.90360966521462,39.362904403467205,17,lightgbm_raw
91,1.0117344979733973,1.2854187360117335,59.35286094383162,120.95440952844312,17,lightgbm_raw
92,1.9868267403735065,2.46340261575939,109.02552591226086,137.1519754097638,17,lightgbm_raw
95,5.072593549586551,6.133837793328656,317.2439731562938,122.5686434628622,17,lightgbm_raw
97,6.7620694599919595,8.419014308072926,238.76462687573198,107.30820302900558,17,lightgbm_raw
100,34.16670991215722,40.822110204279575,53.88879446972101,48.900587173015396,17,lightgbm_raw
106,2.1136603504382694,2.8957103130393875,157.9762592211486,117.45283163880121,17,lightgbm_raw
107,19.56202978609838,24.985772982287717,37.68203680872086,44.16139170462484,17,lightgbm_raw
112,9.72632857272773,12.868515169589202,398.21367731193925,109.24596972112231,17,lightgbm_raw
113,10.564476831879064,13.583385784482957,35.424304709323515,37.865016447771175,17,lightgbm_raw
114,18.511382884273615,22.10589197528327,94.21566277431349,53.1238091675152,17,lightgbm_raw
116,6.0180244609723585,8.205464796285321,99.18543780970104,55.35144761110308,17,lightgbm_raw
117,1.2377508623425808,1.5249385433225533,90.91780871328164,164.23834345135882,17,lightgbm_raw
119,1.2099299001817776,1.50403589902009,104.15798411830335,149.65434272495148,17,lightgbm_raw
125,7.693361415330732,10.720307636278477,62.37069242021762,41.90393207200302,17,lightgbm_raw
127,1.667024824064517,2.059109039859331,91.699760755227,116.91927288991677,17,lightgbm_raw
129,4.542378606087798,5.465604166232853,164.16861496430903,87.93483610921976,17,lightgbm_raw
130,5.89504956461272,7.090554170359715,403.47303071449056,127.96794024208452,17,lightgbm_raw
132,54.155196635340054,69.86102520923714,28.006100077996614,33.90773803107921,17,lightgbm_raw
134,1.0780259090023518,1.3268825203628825,72.23209907304317,123.05352660258974,17,lightgbm_raw
137,11.89917452219811,17.291804350743252,30.89793582448261,27.61734161501593,17,lightgbm_raw
138,92.81977667030144,127.32624839597794,211.7031563688565,67.04381779136394,17,lightgbm_raw
140,59.657771022314705,83.29636754511557,45.457717908985806,56.8655731843074,17,lightgbm_raw
141,22.22359487506006,30.28001604045943,27.984219193227894,26.864004903763163,17,lightgbm_raw
142,35.28309860192024,44.64947992147984,36.94946577476952,38.31731612385505,17,lightgbm_raw
143,17.875904369292037,23.889543285775105,33.79651958516512,43.34440902953903,17,lightgbm_raw
144,14.387767957982996,18.475194302485697,70.5572982655601,59.784700500822105,17,lightgbm_raw
145,10.35766189846295,13.03458356435523,169.98841694884064,76.6185185565878,17,lightgbm_raw
146,2.1690327742418796,2.723009437259943,70.03590041439227,78.55466620460845,17,lightgbm_raw
148,14.03859090798627,18.720860346227592,44.90688478308134,44.74938352323547,17,lightgbm_raw
151,7.5603387062604215,10.274756394552401,27.56359469885262,27.299219173390185,17,lightgbm_raw
152,4.130815944160627,5.616443380490229,107.6087145394703,58.291552786104376,17,lightgbm_raw
155,1.0671454772067994,1.425682948507108,51.90764494084634,133.45612760006352,17,lightgbm_raw
157,1.6073461298577871,2.0284887054584697,61.41635906341811,127.70094160301129,17,lightgbm_raw
158,13.536567812605727,22.646294887577124,47.205671163728255,47.88051849001362,17,lightgbm_raw
159,1.408939744501275,1.6858569748824095,89.16429243034574,141.61517002768616,17,lightgbm_raw
161,129.87927362557875,176.47618200948054,49.28128657311805,53.07324144549158,17,lightgbm_raw
162,36.634230685525274,51.76070529636719,27.205823352615926,27.165337466306653,17,lightgbm_raw
163,28.842106968682042,39.41085883265284,31.93050295043666,32.19335221235118,17,lightgbm_raw
164,23.003455813979713,34.756066870162215,34.17102734918493,38.98841154021817,17,lightgbm_raw
165,1.4041691053649004,1.6873399705215666,95.22515315531261,161.9787313629158,17,lightgbm_raw
166,8.50429462145366,12.624468841927387,40.12132440306744,39.544411039988,17,lightgbm_raw
167,1.325703883623355,1.7369041576106041,66.46094729975344,148.61579951749877,17,lightgbm_raw
168,1.6937726629168426,1.925299885916167,80.80593286998244,121.68847169797714,17,lightgbm_raw
169,1.2476234290409327,1.5279797268143887,78.66989591299965,157.26141066510772,17,lightgbm_raw
170,20.730878415413972,28.062184657646327,23.649595702786456,25.742187396159647,17,lightgbm_raw
177,1.20279471899306,1.4763934450920853,72.0087260098061,119.38210964358201,17,lightgbm_raw
179,2.2120828295318016,3.0350969596038473,68.13006358749072,101.86009655487447,17,lightgbm_raw
181,5.77794881234468,8.56719015544755,333.6098177055541,106.97529713702123,17,lightgbm_raw
182,1.1941365703712175,1.4238254438371094,121.47151366999955,160.92804017716185,17,lightgbm_raw
186,76.05088168512708,91.81983373518537,57.17723046849582,59.8797954728012,17,lightgbm_raw
188,1.6368339980215996,2.10041530000864,77.17403411574824,95.04188628576397,17,lightgbm_raw
189,1.4880120371692662,1.891502812933904,100.74712251308907,92.4485268948038,17,lightgbm_raw
191,1.3265214093011843,1.6430340877963985,85.29463013007164,132.37076585106772,17,lightgbm_raw
193,2.2029640081701776,3.254226299406578,60.5370492586647,85.98543353555579,17,lightgbm_raw
195,1.930744791950908,2.4980533428800467,94.06220406576948,147.47857531302034,17,lightgbm_raw
196,1.351315128025129,1.712301994688071,104.71695698576453,152.60439569014667,17,lightgbm_raw
197,1.217588863511556,1.651510499368875,77.64913953371232,105.91562991832632,17,lightgbm_raw
198,1.5628835138532378,1.8880293035611209,83.32893478797702,134.774799028489,17,lightgbm_raw
205,1.2704401315592373,1.5694749390751952,111.41025940922368,146.92959441811942,17,lightgbm_raw
209,15.139095433707245,19.270922713061424,311.28088744966226,100.97671147066426,17,lightgbm_raw
211,24.286141261211935,29.70699354299751,122.63049093967626,70.77124630036799,17,lightgbm_raw
213,1.1086827831027548,1.324818441947976,73.07822560718547,151.7272995242896,17,lightgbm_raw
215,1.4789457252720972,1.7771207521364993,99.10696606548684,140.30573789544675,17,lightgbm_raw
216,2.297694218628371,3.0088125273157154,101.25550919610144,98.04832248290728,17,lightgbm_raw
222,1.3098191548062381,1.5973791873475358,108.65772268840685,172.84398589945593,17,lightgbm_raw
223,6.011246818519257,7.313698108398407,218.58477824423358,96.09622611222521,17,lightgbm_raw
224,5.03212933980926,6.5610473674189445,48.64422958029127,64.78801126150928,17,lightgbm_raw
225,2.9995113710895414,3.500274265386778,161.32567372285655,112.60292033799101,17,lightgbm_raw
226,5.344717559568231,6.984932841870447,66.6488674980915,96.88988999216868,17,lightgbm_raw
228,2.738794578966141,3.3011906558004678,202.44691466864512,134.15852237612802,17,lightgbm_raw
229,24.815067859700644,33.18580335239408,59.73810472770259,46.4875736438459,17,lightgbm_raw
230,51.397902328398494,68.30669049319822,37.98877239641158,43.31986122280298,17,lightgbm_raw
231,11.006858150276424,14.734153964152233,33.98503937882914,39.99159826045328,17,lightgbm_raw
232,10.195409493232702,13.126553288479547,115.39102253060666,62.68241584818483,17,lightgbm_raw
233,21.5134205342886,28.302883516674786,67.85017014440558,40.00565350125422,17,lightgbm_raw
234,33.20392712427178,52.43651137133602,47.95307278408205,44.466597432465,17,lightgbm_raw
235,1.2760943011288954,1.589804728801761,98.79554500811183,142.09006091641973,17,lightgbm_raw
236,97.17415561915051,130.86545694387536,81.72981058771069,58.70382155379957,17,lightgbm_raw
237,103.49798775939966,139.62894452843824,76.30656064500285,54.15807387549294,17,lightgbm_raw
238,29.1796066111166,39.35100485328875,33.18500353741777,39.846598000073705,17,lightgbm_raw
239,36.587955299455444,48.65902697401219,57.093032056110324,45.77518734356636,17,lightgbm_raw
243,2.904940370504535,4.297206959463596,75.91257762150317,83.70215277763712,17,lightgbm_raw
244,6.96611238857156,8.977147794621997,88.15673017481416,59.517008645287966,17,lightgbm_raw
246,32.50882973568369,40.323287893268635,73.92449139944439,48.45121257482384,17,lightgbm_raw
247,1.1757443133650831,1.4436166159633188,71.11126204512838,120.70671911907719,17,lightgbm_raw
249,15.217763130882085,19.134163916882006,32.66567729856014,31.279861459078358,17,lightgbm_raw
254,1.2828307600454532,1.5191639340278673,92.33125469842277,165.71036658822342,17,lightgbm_raw
255,33.62446816812263,41.216479284738284,996.6946707552424,142.44009920070758,17,lightgbm_raw
256,12.201961183791097,17.098691828403425,357.0821092075458,98.62620314557579,17,lightgbm_raw
258,1.5661869800282489,1.8721871961740226,96.8868792557259,143.85009993435412,17,lightgbm_raw
260,7.0771264475779665,8.430194000403796,404.6623978220009,129.02646071884678,17,lightgbm_raw
261,10.607352078645798,13.227199810610916,102.32960079472218,78.05107690015369,17,lightgbm_raw
262,30.235431357017365,44.210969566283794,42.28375780618406,51.51877091846851,17,lightgbm_raw
263,27.499750860945678,35.30384780616223,42.591027465558014,42.65711292779613,17,lightgbm_raw
264,2.2432427701347435,3.077645980029278,67.08055961032255,53.00357448323566,17,lightgbm_raw
265,2.9076405115946784,3.8568111899240933,107.17240345679937,99.2975611915632,17,lightgbm_raw
4,14.340333649876683,16.989282159537375,158.09258150870545,72.21592040461782,18,lightgbm_raw
7,13.822994214787416,18.486843506285197,245.12712787695077,84.67820691801921,18,lightgbm_raw
10,1.6332195796012074,1.9992590207552023,87.49696551279376,109.58087614756478,18,lightgbm_raw
12,1.7508739481694626,2.559056927054538,57.71084122965482,105.17357698020494,18,lightgbm_raw
13,13.982600348530658,19.307820454721288,93.84360502118902,62.36294323871558,18,lightgbm_raw
14,1.478554972871633,1.7470533780828716,84.67095068840284,139.25007478596783,18,lightgbm_raw
17,2.2788426175273417,2.9507520131435907,116.45517413565744,83.86587873005767,18,lightgbm_raw
24,4.720801609838757,6.035573621982685,60.01002215559295,41.35377037935248,18,lightgbm_raw
25,5.219076346491521,6.65892646657933,255.62683999289976,107.49375836318099,18,lightgbm_raw
26,1.6667664131060498,1.9329480926862401,96.13749751638156,172.25283609633948,18,lightgbm_raw
28,1.536121010336635,1.8296113590233976,86.41123624697612,129.0889828630914,18,lightgbm_raw
33,7.1925945266037985,8.573733899641946,258.57601354909383,103.97051033526236,18,lightgbm_raw
35,1.3001650975067114,1.5401798636891468,72.94949516219889,124.2815892116019,18,lightgbm_raw
36,9.47580164093335,11.250016001536295,586.7138802475769,140.89877311648104,18,lightgbm_raw
37,13.02923881793061,15.335669969646323,564.873412818828,122.53564005775975,18,lightgbm_raw
39,1.5974920493704465,1.920322519213651,65.3534304468512,142.58484356993824,18,lightgbm_raw
40,2.820184230468438,3.267534482363074,228.32947528149492,139.7341434145302,18,lightgbm_raw
41,10.37733587519305,13.232409599469674,72.70129908885866,47.850104247615945,18,lightgbm_raw
42,9.241944803050702,11.788965055339009,90.21401087113658,57.079166518005934,18,lightgbm_raw
43,25.2689919761586,34.099132722711204,164.46640515023853,61.64564946168948,18,lightgbm_raw
45,10.457750970959474,13.257667188864996,195.05054873100931,81.41882507257878,18,lightgbm_raw
48,25.482624948085473,29.68841312453592,31.402017636177877,30.467783439848194,18,lightgbm_raw
49,3.0446329269036716,3.848672532536382,170.01697476370495,94.11878362896694,18,lightgbm_raw
50,13.379732867415049,16.924098420468965,68.92941085173075,38.309823311819365,18,lightgbm_raw
51,1.715098646358433,1.9510268903487145,125.48811703611287,170.27493706412483,18,lightgbm_raw
52,1.238008552329763,1.452859718085806,75.85504551981364,109.86248755388425,18,lightgbm_raw
55,1.553158136343254,1.789397930679217,90.52850719447608,167.0015852551186,18,lightgbm_raw
56,1.9087102617442546,2.2116754240834453,118.49520882593853,156.13202689844408,18,lightgbm_raw
61,4.398587284166392,5.684776118300022,151.69532606940044,99.80342494513309,18,lightgbm_raw
62,1.376316745538791,1.6313107918438312,80.39642136628783,114.68131474905476,18,lightgbm_raw
63,1.4949659559879889,1.7054384633817696,90.92608484636997,153.0042741346583,18,lightgbm_raw
65,3.9028247762423245,5.373687600967047,215.44125082194384,83.90988188711616,18,lightgbm_raw
66,10.137900969544496,11.840227396481179,317.51227266628524,119.54900998816554,18,lightgbm_raw
68,22.6458691409688,28.31453091492014,40.34413543574583,28.10911323578888,18,lightgbm_raw
69,1.284625142885691,1.538193469709485,78.83876593259713,128.89739469203016,18,lightgbm_raw
70,9.790852860700888,11.203320253120111,187.3419168430089,91.22843430021123,18,lightgbm_raw
71,1.476305404123387,1.743167417068535,92.8873421135955,148.54026042883444,18,lightgbm_raw
72,1.4441082996376167,1.654028749514987,73.79422071685497,139.93064441108817,18,lightgbm_raw
74,35.14160201907899,43.78857123156508,203.35339787904326,89.38972846213012,18,lightgbm_raw
75,9.669532511073456,12.661558843169727,54.6715571922562,35.92820573465312,18,lightgbm_raw
76,1.4514368023371198,1.7398844000078415,75.86243787061582,101.90065225319245,18,lightgbm_raw
77,1.4626596474286053,1.6347494428238527,127.39454487497677,161.48501447711251,18,lightgbm_raw
78,1.7745727672267222,2.039588261787644,90.8255903643483,173.20185227793732,18,lightgbm_raw
79,15.976522589585079,22.532812508801563,25.55131480325053,26.897436924046247,18,lightgbm_raw
80,15.350164904621304,18.12900600614329,804.1071792465973,134.9967584739082,18,lightgbm_raw
82,2.0802902300756734,2.665495961241979,86.50175651123858,116.210341753995,18,lightgbm_raw
83,1.4618751363069293,1.7888958422807044,99.71047170395956,131.02839717302848,18,lightgbm_raw
85,1.432025152667708,1.6778786137604367,80.84623428707394,133.71662395869546,18,lightgbm_raw
86,1.687599746439383,1.9363989026374966,104.56329891062906,177.47100714624798,18,lightgbm_raw
87,34.81851152942043,42.375840549706886,146.90288460214416,77.81892611344624,18,lightgbm_raw
88,10.696368904820302,13.770066842160489,113.56392332380108,65.23783924729122,18,lightgbm_raw
89,1.6633761722421163,1.988015608502809,94.15165954486471,107.80995622953564,18,lightgbm_raw
90,15.916458446356659,20.54976984146334,28.967770816872346,28.76552374652078,18,lightgbm_raw
91,1.2266700114177713,1.4946967245443274,63.31028436998155,126.10458843458325,18,lightgbm_raw
92,2.2436323643141076,2.5841795156525693,165.24831439567004,149.67892393942807,18,lightgbm_raw
95,2.51913172490808,3.159968701011018,202.66304940733812,131.5970552438976,18,lightgbm_raw
97,8.958881886943828,11.921610296532288,432.03136156914354,107.52481308751221,18,lightgbm_raw
100,21.288916486511074,25.61048718554827,53.28316944682562,41.48982664220957,18,lightgbm_raw
106,1.938372699258065,2.3382424446984538,164.24444740010253,131.14893212892954,18,lightgbm_raw
107,22.315460003190907,31.188382939850104,31.74892485502913,29.460359862165387,18,lightgbm_raw
112,16.198629637561837,19.17523525556983,517.1519506777158,127.08301228363825,18,lightgbm_raw
113,55.88129039727986,70.12293574747115,102.9991707429476,64.10628220089764,18,lightgbm_raw
114,19.798692664699733,24.455283940530855,125.16208121009156,52.167701347872004,18,lightgbm_raw
116,11.041927566394866,14.708315158311057,176.25421615193915,74.41628270592379,18,lightgbm_raw
117,1.5639996288330007,1.8963118435239918,59.21329507901654,175.09679303660167,18,lightgbm_raw
119,1.9501572902765985,2.3054377642383646,82.56852852031383,175.15285108261597,18,lightgbm_raw
125,11.977475980098049,15.508519844287138,124.99697194905754,57.33842258127125,18,lightgbm_raw
127,1.9890232895349644,2.3997747672385796,135.16833922979546,103.48734752439468,18,lightgbm_raw
129,7.3936222212200216,10.010526098105885,255.60649350043167,97.55195710114288,18,lightgbm_raw
130,4.72076520436374,5.552493999447964,250.1226241173434,116.70072911719717,18,lightgbm_raw
132,44.515239228184726,56.41710211219941,78.39774230375242,34.33495548240624,18,lightgbm_raw
134,1.4336793699355044,1.8549568639164544,83.0467112135505,115.1207849227593,18,lightgbm_raw
137,18.163223764386064,23.308670736839574,48.0520500148727,34.57948144781682,18,lightgbm_raw
138,64.9895955439278,92.82760520255363,627.6546425421633,76.61194267654764,18,lightgbm_raw
140,30.279330766159593,40.57261615522686,46.13895208542738,37.5188485735454,18,lightgbm_raw
141,16.131702894875627,21.66321067896451,24.344401331996266,22.428219910061106,18,lightgbm_raw
142,29.92643624164512,44.39642049128112,38.75357496435741,28.05979309227772,18,lightgbm_raw
143,15.251020231275993,20.762815012023836,35.916145728532626,39.89174380757658,18,lightgbm_raw
144,22.148355185349065,27.006482066296908,138.2170235241552,59.43829769190537,18,lightgbm_raw
145,6.937377624506699,9.514574178049854,98.2989172101504,62.01650654014776,18,lightgbm_raw
146,3.956028744657306,5.450337403900692,93.297380872624,80.9107924163174,18,lightgbm_raw
148,20.557958129950503,27.21822414631914,78.49214252488741,49.647525347599746,18,lightgbm_raw
151,14.280699691324822,18.43767865531922,42.720750086317,48.37069456183601,18,lightgbm_raw
152,3.549080383068082,4.424356226546569,69.55882011909632,100.80647535585116,18,lightgbm_raw
155,1.4926042654118057,1.7898527616828948,77.09382564506384,147.7550577776642,18,lightgbm_raw
157,1.4231948439624535,1.6974008247999466,95.55380812303673,135.88008130859836,18,lightgbm_raw
158,27.538097330161992,34.48708479263662,104.78522730807947,62.55260490573556,18,lightgbm_raw
159,1.537865249128684,1.8404648020944545,94.30111920094821,141.4114395448237,18,lightgbm_raw
161,102.8581757087935,132.12549216326008,60.34297154625206,55.25110268649981,18,lightgbm_raw
162,26.224835491959013,36.46840536018376,27.08176656503496,24.326443673873968,18,lightgbm_raw
163,31.598353709802144,44.289403483282825,44.88234825488532,31.451999929486476,18,lightgbm_raw
164,17.90186370289939,24.04319774217144,27.198127807151113,26.089274160281132,18,lightgbm_raw
165,1.5458530136387874,1.7972248344336732,73.1817593847984,169.27755407597166,18,lightgbm_raw
166,9.267599142909718,12.919501310081802,65.85979310976917,43.13439187445143,18,lightgbm_raw
167,1.7392855874043374,2.003193191923848,124.49062365262023,177.13433735997125,18,lightgbm_raw
168,1.5919800835108768,1.9350006097636463,75.8750981168882,101.12763479299424,18,lightgbm_raw
169,1.6690264446282927,1.9294160728394472,90.42226644695934,169.89584361677052,18,lightgbm_raw
170,19.696853287993164,27.152763964207242,33.40739714373811,22.06297663315568,18,lightgbm_raw
177,1.495604253311482,1.6395960449729712,105.6594547586958,127.36432512216497,18,lightgbm_raw
179,2.0286565910585264,2.611393629691254,65.22832276821136,91.43299773033128,18,lightgbm_raw
181,10.971245905088367,13.881448044465484,653.4283566477538,122.98774601971446,18,lightgbm_raw
182,1.6230806245835827,1.8613775215708517,95.44080233468736,178.1233404416383,18,lightgbm_raw
186,71.28954396418246,84.30378746055031,111.1364134706003,56.307050033871604,18,lightgbm_raw
188,1.7535841085395945,2.0964346276752313,121.66521803235844,121.84634488159207,18,lightgbm_raw
189,2.8691701742860456,3.5154868083095017,175.6967791950114,135.08659443259623,18,lightgbm_raw
191,1.6781149559316513,1.947425505459049,100.63230175932345,155.8609685622143,18,lightgbm_raw
193,1.927965180448756,3.0349103916159623,48.87809758296427,76.93205679645091,18,lightgbm_raw
195,1.6976870144363332,1.9815603218584545,106.96857254774098,129.01481125013302,18,lightgbm_raw
196,1.4326437951246493,1.6239677450315035,113.0180014113717,141.40366845981012,18,lightgbm_raw
197,1.2044509024580117,1.448929757333812,64.6470692515925,104.54759521110547,18,lightgbm_raw
198,2.4123587983325225,2.738965191426543,139.6695615106467,149.94548443761408,18,lightgbm_raw
205,1.9487247573852542,2.1957111334595427,180.30152005890926,179.06111761615048,18,lightgbm_raw
209,21.60468014242298,26.296243840309565,532.3989936216022,118.02900972992826,18,lightgbm_raw
211,30.548105557140293,36.92364708263875,214.8848161333028,78.83074756796799,18,lightgbm_raw
213,1.382798531463199,1.682997595988626,83.42448763464576,146.3643889803283,18,lightgbm_raw
215,1.2466739848515767,1.5227417375683432,70.84573839812523,114.13642042226756,18,lightgbm_raw
216,1.8530511704883095,2.5581004399717977,65.9953612973327,91.03640123804733,18,lightgbm_raw
222,1.6550611507763044,1.8965894236576206,135.65367383613986,176.3089962896457,18,lightgbm_raw
223,2.4049759613928225,2.9753790674411054,93.08643744157877,75.95285771623996,18,lightgbm_raw
224,6.984411803130598,9.626680191328223,98.75442339036002,63.94739576268906,18,lightgbm_raw
225,1.9755061574467554,2.748465951008758,61.77541025928509,86.93761268759533,18,lightgbm_raw
226,4.296017979869171,6.4762228830774,76.83262112913405,63.924119759340364,18,lightgbm_raw
228,19.172838435480973,21.905738313825527,1788.630263789418,177.02813885566923,18,lightgbm_raw
229,17.47696895349274,24.18754709250663,41.77265865011853,28.433266511587444,18,lightgbm_raw
230,42.9081086864068,52.57103482687184,40.16312309699177,37.132582581253736,18,lightgbm_raw
231,28.522005964406535,34.03712058758465,82.11063714660597,47.74519920026702,18,lightgbm_raw
232,9.308063237364067,12.393810911985385,110.57194511844052,59.180765546803684,18,lightgbm_raw
233,13.368955151031988,18.39550879668338,94.18083258577016,37.54108187324231,18,lightgbm_raw
234,20.76361037789673,29.592300463546653,44.2707110457673,30.549943465598204,18,lightgbm_raw
235,1.8327797047702017,2.1181808321637257,108.4902118549421,173.56598570551952,18,lightgbm_raw
236,79.39873107855216,107.52315127159726,75.14976072975222,54.68133432483796,18,lightgbm_raw
237,80.43952397683978,114.1163436080308,108.07784536425879,54.5296664692367,18,lightgbm_raw
238,22.536828584690543,29.748792932445188,68.18838973542177,39.104311093159524,18,lightgbm_raw
239,33.49784598929138,41.141915682213245,83.42155568928355,44.04935371231278,18,lightgbm_raw
243,3.0757241834950073,3.734103951890194,164.76785057566985,89.99389952450433,18,lightgbm_raw
244,6.059274361622751,7.98031094019031,76.07908616748551,60.839970807920004,18,lightgbm_raw
246,39.86167619601369,55.6704197933666,73.02798444774861,49.24184777140499,18,lightgbm_raw
247,2.0830448958817787,3.4583250428040246,79.74490972561145,126.62632376625406,18,lightgbm_raw
249,20.62664927863702,23.958999139575496,42.744937992876444,33.44835355247003,18,lightgbm_raw
254,1.5290879196102327,1.7490218265610882,124.85805459398385,170.88507592678226,18,lightgbm_raw
255,48.74993782440026,57.67926806852556,1921.7665296607554,154.777295454776,18,lightgbm_raw
256,19.859186400618675,23.57272616792979,914.065701053254,131.37530725594317,18,lightgbm_raw
258,1.4120887597624934,1.6229053958173982,79.56976383124248,160.16374307685638,18,lightgbm_raw
260,1.800892956065179,2.200576704044695,84.89132232179028,103.6070300329826,18,lightgbm_raw
261,12.919303453475932,16.52099429953455,222.46686152844975,68.50068860476897,18,lightgbm_raw
262,23.552336589996415,35.457636482317724,48.40011956719608,42.23104806063815,18,lightgbm_raw
263,35.110621944856305,47.00939060611509,42.247908093602646,37.01268891162618,18,lightgbm_raw
264,2.590032136835777,3.3714159199355587,122.22214338446219,80.47322425092544,18,lightgbm_raw
265,3.4232693268673273,4.773020476159958,134.4901400529932,97.08332541447851,18,lightgbm_raw
4,10.31123120327882,13.550972961320339,130.90230223011943,62.99245597519852,19,lightgbm_raw
7,19.807515159474235,25.17397050291301,388.68131253683737,104.18077943253218,19,lightgbm_raw
10,1.4312944905192202,1.8867175923330937,68.61121097674172,92.31092202782492,19,lightgbm_raw
12,1.6406778632242853,2.91605938522891,42.613935739152154,116.53030254809288,19,lightgbm_raw
13,28.15776116627465,37.85688408633503,83.13503083270747,133.12183362470319,19,lightgbm_raw
14,1.2154125651317287,1.4693812859416735,72.08975910421991,149.6138451885789,19,lightgbm_raw
17,2.2322655363821418,2.8694740519930226,113.26849715815668,110.57459709924501,19,lightgbm_raw
24,6.174979584916309,8.395079534529856,68.73462046168278,66.18110192460693,19,lightgbm_raw
25,5.157847239721726,6.318849532816333,288.690695345794,113.30074466248011,19,lightgbm_raw
26,1.2246783253473532,1.5316937138490243,55.62897793885034,160.0289342856299,19,lightgbm_raw
28,1.034333936484325,1.275108179412248,56.6273060719294,123.62225697188478,19,lightgbm_raw
33,8.84050437265307,10.606266366466206,332.0882709883233,114.63339720595839,19,lightgbm_raw
35,1.1933545725038617,1.4306065436551743,54.79830587554352,144.04756286689133,19,lightgbm_raw
36,10.50372288948023,13.044289941657683,585.5760546461545,147.6025028244421,19,lightgbm_raw
37,9.987262768268698,13.848276568585051,520.3173412956252,120.41913173097589,19,lightgbm_raw
39,1.5544333027108965,1.9482383090195818,39.05376670373535,136.4481659207382,19,lightgbm_raw
40,0.9094301250156919,1.19215164938189,54.29422181295157,101.3949672448622,19,lightgbm_raw
41,6.069417130047971,7.466512230226783,57.870518223533274,43.85653346098348,19,lightgbm_raw
42,6.4076816066018845,9.311488640083642,77.01064969939581,49.59284955009385,19,lightgbm_raw
43,21.195107352587623,31.83321739996971,67.27068499272264,70.57535902091252,19,lightgbm_raw
45,10.612234033012822,13.089529187341464,256.29854235598646,87.22182345042198,19,lightgbm_raw
48,36.37382815174269,45.23674391428908,43.659387711242715,45.81773160672203,19,lightgbm_raw
49,1.7440660616587011,2.390578112684982,76.23424628887624,86.65020280200031,19,lightgbm_raw
50,23.16920310783645,29.89924197894181,87.94429405215838,50.990804512054865,19,lightgbm_raw
51,0.9956821394727758,1.259042808677276,47.092791248416496,145.1393617163582,19,lightgbm_raw
52,1.2379057742870165,1.5052403789972817,57.65086135073133,134.34497596392794,19,lightgbm_raw
55,1.1929264214887743,1.3665252497853306,121.8696028636811,179.01937658898953,19,lightgbm_raw
56,1.223442674826962,1.5090083702185464,91.49059799727068,137.28555860630453,19,lightgbm_raw
61,3.8492573954157288,5.252623568837268,129.63365365223595,93.49711418650679,19,lightgbm_raw
62,1.1648879123203033,1.4451352893791407,62.866697594543,138.74076347166599,19,lightgbm_raw
63,1.3411181381943764,1.6971254326327567,103.0222696501552,143.41142322474238,19,lightgbm_raw
65,4.99258853163263,6.468059302762116,177.61692904342505,90.1730172330942,19,lightgbm_raw
66,13.990183794832932,16.476829497347765,560.579568035897,135.88982574015952,19,lightgbm_raw
68,20.203790091486525,25.35723083576473,27.294155872858855,30.664620663105705,19,lightgbm_raw
69,1.170925132912574,1.5537768151715234,60.682607804075,127.48195822956616,19,lightgbm_raw
70,5.700896539645541,6.922370937206543,100.23482500198033,61.914690794217755,19,lightgbm_raw
71,1.0310976288886466,1.2930603421019768,58.763699774767616,124.95854440914758,19,lightgbm_raw
72,1.036086433373918,1.2264094234891354,71.71210608853266,134.8275331902284,19,lightgbm_raw
74,14.938366155718233,19.81240721422077,130.57556217232678,66.57893212345137,19,lightgbm_raw
75,17.35984135458304,21.681594510746987,62.35309172204756,60.08081450269983,19,lightgbm_raw
76,2.125306346669872,2.681065545573413,85.59375837043794,120.8999201442282,19,lightgbm_raw
77,1.1520455023424818,1.322501042947191,64.89282314929957,158.46077667802888,19,lightgbm_raw
78,1.7281026914877293,2.1342603058400957,152.31429759845486,174.27223461187796,19,lightgbm_raw
79,24.717576508705054,31.108859776235956,38.31988415881193,34.448771460560245,19,lightgbm_raw
80,12.686154862066907,16.280228962040418,612.0354691098531,132.83474977134543,19,lightgbm_raw
82,2.896987755076841,3.5959288466659327,150.74861517731824,119.50365485516939,19,lightgbm_raw
83,0.9876117122586664,1.199952405794709,63.49868927220036,123.3075791079204,19,lightgbm_raw
85,1.0204277250335376,1.214709391791685,61.61829648316197,131.98441389619472,19,lightgbm_raw
86,1.1855333551563432,1.4226107679031055,22.80763483248408,176.65331794467272,19,lightgbm_raw
87,19.19162706218571,23.684772806325775,146.15325788447893,71.13594000656094,19,lightgbm_raw
88,15.31169684114757,19.46877412129591,199.00419879562872,79.63030552226542,19,lightgbm_raw
89,1.55534245279914,2.4509672866390897,59.71350568098759,109.11697296152276,19,lightgbm_raw
90,13.025823831662708,16.190817145377967,28.47543696029666,27.44951443551693,19,lightgbm_raw
91,1.1847323981216975,1.8738381072845176,52.944423627218875,127.92782776152258,19,lightgbm_raw
92,2.0254632478274694,2.6290316774460303,100.9435215692911,148.65874032639525,19,lightgbm_raw
95,1.4653927446960395,1.8310266452763415,102.43803155838403,112.72311966679779,19,lightgbm_raw
97,4.715415428842413,5.843460529446942,215.639028476049,100.75287344939711,19,lightgbm_raw
100,46.435616944127105,55.63002028598429,72.31262299546991,55.18355218620572,19,lightgbm_raw
106,0.9973018772244938,1.2532999846235338,49.151883801279475,125.28877768382331,19,lightgbm_raw
107,16.398859292329337,22.27304194033747,29.214957087994165,28.30223311777856,19,lightgbm_raw
112,14.513626447463215,18.082734031742703,550.3716933612479,122.80407868893901,19,lightgbm_raw
113,12.666153594027103,16.45689371316215,60.61400822358733,39.86345204078986,19,lightgbm_raw
114,39.201985751849165,46.114251117765406,131.62793699726302,74.9961050189284,19,lightgbm_raw
116,11.95627277956448,15.635668940988056,220.18553204043977,86.70692535293597,19,lightgbm_raw
117,1.2329816875352624,1.4220266557571417,153.71173305422118,176.63183505891763,19,lightgbm_raw
119,0.8017992647297425,0.962214949536914,52.538552299117235,158.86411609837782,19,lightgbm_raw
125,11.172512693037293,14.15911243594711,115.14845308487509,59.0931257257679,19,lightgbm_raw
127,1.1524820838569567,1.3484898685598825,57.97604252356343,111.8853579348333,19,lightgbm_raw
129,6.588111990849334,8.466177578757295,252.64345572149077,93.389221592825,19,lightgbm_raw
130,3.6862186758184854,5.080746217879502,151.77111833015456,97.68929240943214,19,lightgbm_raw
132,83.50984615535712,100.58385453440854,40.159780209929316,58.56510522037087,19,lightgbm_raw
134,1.1269914632357105,1.372216909658864,54.37564060257938,131.18174284973952,19,lightgbm_raw
137,10.803905579779567,13.207296194549246,37.13330426010841,27.86425145788962,19,lightgbm_raw
138,61.59047989351285,85.09624514565631,73.01201136945203,55.39769497338191,19,lightgbm_raw
140,53.57538740741362,70.3718516074802,45.81326237960988,55.540465146760305,19,lightgbm_raw
141,35.78498608466921,44.44998341182259,53.48643493259436,47.28609571826478,19,lightgbm_raw
142,26.17690057751655,45.75880446025748,48.858851585208,33.37257807076287,19,lightgbm_raw
143,26.40082151080774,35.3373108554179,55.28016010668645,71.16311159487219,19,lightgbm_raw
144,29.27414275741877,34.932408623940546,139.5893565913228,67.76423489808123,19,lightgbm_raw
145,9.040188326764934,11.901922282658148,171.74867774363815,77.94000636543328,19,lightgbm_raw
146,10.079979474446073,13.711040445213365,380.53686697135726,102.81473485375557,19,lightgbm_raw
148,37.266014245687956,47.90327440622594,120.95301650181132,83.04734342915987,19,lightgbm_raw
151,13.381908477308604,17.906873998521373,53.802460701913304,56.7180115652115,19,lightgbm_raw
152,4.137767314299872,5.283174317585279,125.72649050426263,79.00809063368926,19,lightgbm_raw
155,0.9533688204707437,1.2495874210415303,51.421394128419415,127.08959760979572,19,lightgbm_raw
157,1.2370616817046154,1.546489192941006,64.44731400284418,130.1376922536456,19,lightgbm_raw
158,21.587973969618943,26.635326331428047,97.97700131621222,63.54877180638457,19,lightgbm_raw
159,1.076944055239769,1.2641977585129738,64.18444407593717,124.07656582381738,19,lightgbm_raw
161,96.36227180060462,142.1596406624961,52.69399636466338,48.61663723480904,19,lightgbm_raw
162,34.384762987508644,55.60740969225066,43.849160242446885,28.539718338696805,19,lightgbm_raw
163,42.95902297925489,63.26779432114695,45.9420038081151,41.15430973840119,19,lightgbm_raw
164,25.18763869791125,29.722328095638765,40.504417225398285,37.938769644456386,19,lightgbm_raw
165,1.0064088849377562,1.2217392228878414,52.37093064147121,157.2750683957236,19,lightgbm_raw
166,10.537816422215721,13.92496774835271,77.22188445173177,48.696886865545366,19,lightgbm_raw
167,1.26945654606792,1.4621535501895127,61.349204925140874,165.99610130447647,19,lightgbm_raw
168,1.4682730029245716,1.7995455250402375,106.28714906885577,104.74048186787593,19,lightgbm_raw
169,1.165559832386414,1.3912122449792215,92.94474360509406,164.76397323259548,19,lightgbm_raw
170,21.853433655782954,28.995423169807665,22.255693937125756,20.646790663624383,19,lightgbm_raw
177,1.7837029685291135,2.4283724401789963,97.48588174226839,130.12183665247642,19,lightgbm_raw
179,2.791960840588698,3.995811182859924,105.43364419659287,100.1503717417716,19,lightgbm_raw
181,5.1754239901912085,7.1268380694566345,248.3383812870828,114.18583371760367,19,lightgbm_raw
182,1.0630226988514437,1.2589084089594629,52.458243646609446,150.20355178576597,19,lightgbm_raw
186,51.99542645787627,63.42256032364872,39.860726665307816,50.057808279320454,19,lightgbm_raw
188,1.4523511817147157,2.018788988392771,76.79992437059485,99.9235408514267,19,lightgbm_raw
189,1.0973123881063722,1.3406582402429854,73.72410190074295,114.60666585330334,19,lightgbm_raw
191,1.0872464807656088,1.3002643884312446,57.268749946183526,137.4037145553958,19,lightgbm_raw
193,2.90527246771183,3.9249869181346253,61.24565204067684,93.68386375079137,19,lightgbm_raw
195,1.6072774532574199,1.9824686509067164,84.39494163506957,154.05546358507252,19,lightgbm_raw
196,0.9339761026827009,1.1870263221700634,64.8958132060536,125.73609604950111,19,lightgbm_raw
197,1.7297425113491791,2.0988171738334995,79.90892682605731,121.87111444690301,19,lightgbm_raw
198,3.1535269331892644,4.29898226011053,190.1294911949513,144.30901052988335,19,lightgbm_raw
205,1.1333745816647702,1.3321512131874256,75.6411762899767,156.95508237450483,19,lightgbm_raw
209,7.24879420721184,9.208127215170794,116.18982977507866,80.20862241317391,19,lightgbm_raw
211,18.5168675878837,23.69925157779341,180.4384430195486,73.26194585176636,19,lightgbm_raw
213,0.8885510086392855,1.0872706649721142,57.1202608911462,132.9258121415811,19,lightgbm_raw
215,1.4336696890361154,1.725854622610504,81.1701983538705,134.24716649885275,19,lightgbm_raw
216,1.4828557268817508,1.9381422290664445,46.76695672166865,71.11938692367302,19,lightgbm_raw
222,1.083455287087215,1.2370978460781021,58.634794997164164,174.53988721313098,19,lightgbm_raw
223,3.35303173384605,3.9524371007798176,145.2209404643791,102.23081914796008,19,lightgbm_raw
224,4.951422724824273,7.39423565299127,42.23304907637516,63.360204499386384,19,lightgbm_raw
225,2.746493417440959,3.419299012312713,151.3527798056415,110.07689964960518,19,lightgbm_raw
226,4.708473766376589,5.61183840010007,83.53296138042569,71.69683481992958,19,lightgbm_raw
228,1.4879389810940606,1.858167729670823,118.06642056064645,139.53536735373504,19,lightgbm_raw
229,19.85753137980568,25.657206110939043,53.20612372217018,43.2170554226635,19,lightgbm_raw
230,31.60158933216353,44.72542250788215,29.647633597763274,29.661570255765913,19,lightgbm_raw
231,15.706559718898466,19.795996875798544,70.86791243920729,45.313544503351864,19,lightgbm_raw
232,7.494168560458655,10.17181381441769,110.02385897530966,63.33245476329924,19,lightgbm_raw
233,30.579933286353196,40.93031378746006,71.78290678300591,53.39840330688969,19,lightgbm_raw
234,21.73611341784694,26.970637402469666,44.86068733593633,33.572472210662134,19,lightgbm_raw
235,1.1805320888806519,1.3876190396709747,90.96396788189092,165.9658512202234,19,lightgbm_raw
236,88.29619108437657,115.89731371973261,64.59364957697886,69.06848028290518,19,lightgbm_raw
237,96.78248907938526,126.71731744708681,128.0552962548525,68.1182413367288,19,lightgbm_raw
238,26.880131234081755,36.19064374420028,55.656341368624794,49.17635687878971,19,lightgbm_raw
239,37.673156603300704,47.50759552988357,63.27068345005807,47.93825384568154,19,lightgbm_raw
243,1.7960531559214399,2.180263343593119,60.35668096788089,79.50408514017185,19,lightgbm_raw
244,4.297849282894842,6.150356914724231,52.83986198413581,54.117444087931034,19,lightgbm_raw
246,37.02848460859413,43.20275946362458,88.29191892144772,55.92412849770744,19,lightgbm_raw
247,2.0161478721793507,2.5535277668873233,125.33055353659803,132.57009371409654,19,lightgbm_raw
249,39.97473474542949,49.36751064585891,94.28156366671706,58.013559345373125,19,lightgbm_raw
254,1.0657788978508262,1.3248485413032385,44.03513370139774,153.21431296247465,19,lightgbm_raw
255,21.542068275091285,25.784715559346303,743.8980165710553,134.27207417132917,19,lightgbm_raw
256,18.34977162999798,21.754246340744906,825.4933288091994,141.3845487566905,19,lightgbm_raw
258,1.1915203111248724,1.434598642374449,61.28413728216805,139.19018742949686,19,lightgbm_raw
260,2.350194064914945,2.9764611360915354,110.66444774976574,96.25738922316727,19,lightgbm_raw
261,16.667847312577404,22.54022662524265,175.2544527880254,77.8571388167279,19,lightgbm_raw
262,42.11766627670982,59.452868270124654,66.08513816881208,88.15560902732273,19,lightgbm_raw
263,22.79776883032504,32.41178796775712,35.16275585047686,37.54231263533666,19,lightgbm_raw
264,3.4306392262286995,5.248368213357602,56.91516355067736,94.34656655654594,19,lightgbm_raw
265,7.64664625786375,9.088424095161843,370.62152009649617,119.82935505935096,19,lightgbm_raw
4,11.010764881725477,13.183944806200255,131.578388447151,63.454160160276565,20,lightgbm_raw
7,6.376510367338098,8.084371091622923,115.97244391321728,63.417259978760136,20,lightgbm_raw
10,1.4848139018639976,1.8145075904078998,77.02186489079924,89.8104459651865,20,lightgbm_raw
12,1.7656097181645631,2.57792996605527,60.00741926524573,125.65789238966316,20,lightgbm_raw
13,24.90982145767113,34.69716808067768,64.86949366622305,89.90827341549902,20,lightgbm_raw
14,1.2860353305598882,1.5065244361452355,58.49639848835956,131.03670465507298,20,lightgbm_raw
17,2.69220592744761,3.3822566669662577,136.8207715601066,104.48259902866438,20,lightgbm_raw
24,5.267315695241298,7.328863817762789,49.381515029684344,46.513914925409466,20,lightgbm_raw
25,8.62344242595643,10.246337363113495,445.71453487670186,113.39007509521086,20,lightgbm_raw
26,1.7643580675819432,1.978970687305019,107.85011314653816,170.8513886302932,20,lightgbm_raw
28,1.2589432549380188,1.4710142064550489,60.796830469065746,140.06567558607244,20,lightgbm_raw
33,8.220400750035203,9.878890860014106,217.2027440809654,96.89835841675283,20,lightgbm_raw
35,1.3247515075481875,1.4909569331643173,59.93380750577012,130.86729699273494,20,lightgbm_raw
36,6.466260982996136,7.977684899324611,454.15361694939344,129.29413513402088,20,lightgbm_raw
37,8.156582560102509,10.63493911848518,449.0876185600165,106.54186735579316,20,lightgbm_raw
39,1.5844899403612065,1.9106386713302523,67.20565252518566,128.38666032175013,20,lightgbm_raw
40,2.7475463334663495,3.512053361611829,164.17110219920573,126.6280287134319,20,lightgbm_raw
41,6.09817700490494,8.271134870019399,41.75554448145679,30.965041775922685,20,lightgbm_raw
42,7.092852795498556,8.771582822077354,63.222089694055974,49.55228509306675,20,lightgbm_raw
43,16.41723253268129,23.665239009777498,95.2071605533839,51.66717454199935,20,lightgbm_raw
45,7.050880917156832,8.819945786578481,122.65078352905634,64.01711960497175,20,lightgbm_raw
48,21.226435353046657,25.722504483882958,26.910562467020927,26.40862750206398,20,lightgbm_raw
49,5.130235800035311,6.2304096566695275,263.14763855671515,103.59959252847068,20,lightgbm_raw
50,22.11636680784878,26.88488166546137,104.31686409667032,58.23079186161044,20,lightgbm_raw
51,1.5957306730744873,1.8788212530350181,88.02654950373105,161.19101759067246,20,lightgbm_raw
52,1.548444237233855,1.785723321259642,98.82857064084386,113.81145983249068,20,lightgbm_raw
55,1.5933265015530071,1.8410764137285494,91.84777871981677,157.22856136260154,20,lightgbm_raw
56,1.9407453022870056,2.188385455980367,122.2144353155421,168.74242124117967,20,lightgbm_raw
61,4.621056434146312,5.864263414320304,215.98134213743344,97.76957096884375,20,lightgbm_raw
62,1.2435468926065776,1.4775823802391737,58.92032672727272,134.6568612623239,20,lightgbm_raw
63,2.0276863006457924,2.310205399287916,146.81686749405506,157.86505878243477,20,lightgbm_raw
65,2.5601219001392326,3.234864477648499,87.8511708364037,54.52217899180894,20,lightgbm_raw
66,24.815912026838674,29.527915437468916,761.59196467115,135.10741732128315,20,lightgbm_raw
68,24.479044716798356,31.11639619930114,39.95373049828503,28.42583924895543,20,lightgbm_raw
69,5.6407465322633925,7.331386779499337,345.9231886586028,141.69993295193663,20,lightgbm_raw
70,20.006807067719212,23.57076935351488,363.64657552994464,111.85096405076847,20,lightgbm_raw
71,1.0455917415033078,1.2378054821817779,59.01079309042344,112.75543043464525,20,lightgbm_raw
72,1.2961329877879038,1.5272564654931977,65.8722031035404,121.76103647344264,20,lightgbm_raw
74,28.447166923089895,35.37776766071356,175.64730419612974,80.40407090329383,20,lightgbm_raw
75,11.888815345038962,15.434195092028451,49.400059561905756,42.477643798775,20,lightgbm_raw
76,1.4486071385829788,1.7026738132862196,67.24265626804997,101.4620807224295,20,lightgbm_raw
77,1.367014173741829,1.5883742244359844,101.33266774077654,163.76360017505058,20,lightgbm_raw
78,1.4953991244433436,1.7441410578437586,84.46600424855117,145.76079371734477,20,lightgbm_raw
79,12.44061746143372,16.052213413043802,19.396782501835556,20.153465051391912,20,lightgbm_raw
80,11.785000977373485,14.350266128928139,706.1809735781966,136.48730502677475,20,lightgbm_raw
82,2.674460768679362,3.1193559865895035,143.78982304885815,121.38509491758602,20,lightgbm_raw
83,1.2527920820055192,1.4456414030405695,93.32092583023154,131.83851650561454,20,lightgbm_raw
85,1.3072250264924508,1.517174966184515,64.49584306646402,136.32073391884668,20,lightgbm_raw
86,1.2860601486850147,1.5062981256272185,40.403579835195124,168.32398657928866,20,lightgbm_raw
87,25.27269769244461,30.928186258063686,145.00009475845619,72.76467728694855,20,lightgbm_raw
88,10.065680888692128,12.551054876946056,169.2585509812924,67.9079118100169,20,lightgbm_raw
89,1.3917435543937149,1.7597274303193233,74.69955184544416,97.22441752418602,20,lightgbm_raw
90,8.407511636546097,10.536541712213488,20.93358972563318,17.916597590175083,20,lightgbm_raw
91,1.1902102238803478,1.4324906146657226,71.1194484843974,135.44265754729955,20,lightgbm_raw
92,2.7788385099707225,3.192003290288705,175.164931520315,149.8583581173657,20,lightgbm_raw
95,1.8628489225188158,2.3183061081521044,94.3925089261469,99.43495374504948,20,lightgbm_raw
97,34.72868760233443,41.42725018660751,1030.7224433194879,143.68124600878457,20,lightgbm_raw
100,15.4096124879184,20.417631466713463,36.99243276570605,31.14557900549805,20,lightgbm_raw
106,1.9037113131332493,2.36427090979208,96.39778024753359,129.21482314814855,20,lightgbm_raw
107,21.932535878109835,29.412716469307902,32.35073227820207,34.637724795341875,20,lightgbm_raw
112,9.58996214019636,11.113558583053884,330.6382498136336,109.71682732304157,20,lightgbm_raw
113,23.575773248532595,29.58197442754527,63.88393084461508,43.18852741059192,20,lightgbm_raw
114,30.23081602838089,34.23633474419363,125.98867326769845,62.91668281885933,20,lightgbm_raw
116,5.487074856329122,6.87319730044551,71.9274271939645,57.74859117039932,20,lightgbm_raw
117,1.5511564857807272,1.790893173304104,85.788388611515,175.9361807721949,20,lightgbm_raw
119,4.363108530603761,5.700958532338813,169.4373102470616,149.40643924271333,20,lightgbm_raw
125,9.946586745110872,12.069582626800836,79.92451452556382,50.82603668138588,20,lightgbm_raw
127,1.9341408605053532,2.2842857030441768,90.436781493549,113.74084558186934,20,lightgbm_raw
129,3.8334528157202747,5.2482988391163605,194.15092816982624,80.94929714314685,20,lightgbm_raw
130,5.720901146344907,6.634838742250426,247.12616721682923,107.77094166185928,20,lightgbm_raw
132,71.28365928864811,84.20994684147728,84.5811635179136,43.75057819856141,20,lightgbm_raw
134,1.3349387400855404,1.684141859425561,77.21703570863264,112.64364887989386,20,lightgbm_raw
137,9.890677945245704,13.300015973911627,37.139873747117576,23.562497033315637,20,lightgbm_raw
138,53.703160291426066,65.1484560601737,341.7767302167644,61.1282460798231,20,lightgbm_raw
140,62.28407901736056,81.35195114127171,61.2661548709274,67.33380654221065,20,lightgbm_raw
141,17.10197354393358,24.45404260855894,50.52361244198013,26.932321479004358,20,lightgbm_raw
142,30.194946840880146,54.99165027267726,26.25698829185326,23.99774170417639,20,lightgbm_raw
143,11.160895402003392,15.124845506301233,66.78998042220599,34.00134011778063,20,lightgbm_raw
144,17.36448450236641,22.368296743434936,193.2464560327854,60.941698521466066,20,lightgbm_raw
145,12.94692554773203,15.407483516327119,172.8317207631674,81.38513180998193,20,lightgbm_raw
146,2.0972025904117237,2.6819824457459336,67.87155491760953,66.85808499491147,20,lightgbm_raw
148,9.330820427786982,12.354422352052822,39.787860517780295,31.39224040553671,20,lightgbm_raw
151,16.096238002014633,21.217025850550343,51.62676536371386,52.867128138256724,20,lightgbm_raw
152,4.223092410592203,5.0215625480818975,158.0128512895272,83.01371982535272,20,lightgbm_raw
155,1.5430852468443232,1.7577398264742043,66.24905428842641,174.5804394722827,20,lightgbm_raw
157,3.9893048874276693,4.378470455957321,278.2087084623693,168.4048191740687,20,lightgbm_raw
158,26.46623110006031,31.624627849956955,124.01700868056662,70.42561907008142,20,lightgbm_raw
159,1.4814231313550543,1.8174269031127228,101.57758658593671,116.41391834942424,20,lightgbm_raw
161,119.17475264163808,167.18725589484467,50.141824859038266,53.33713409367774,20,lightgbm_raw
162,40.99181648886718,58.48983768887298,33.64505546324845,30.375013336581404,20,lightgbm_raw
163,29.88633403839547,37.049577717180355,44.50798981866344,34.59566760129957,20,lightgbm_raw
164,16.577134883519264,23.017080463975958,30.44024307638435,24.224375947351064,20,lightgbm_raw
165,1.4482162287134173,1.6827629351176525,81.52122951266522,181.91417423851462,20,lightgbm_raw
166,8.554445460185528,11.051933113371062,80.37531371256446,46.73558143860334,20,lightgbm_raw
167,1.4678383762447436,1.6655251217635958,67.98216268589911,168.79298872954465,20,lightgbm_raw
168,1.9461205473749796,2.3765151811003578,73.04700054588493,106.06084332359148,20,lightgbm_raw
169,1.7693360841218857,2.0732028315382425,34.30195177465556,176.03152294634654,20,lightgbm_raw
170,38.81197943301337,49.59113142224015,36.66110420301226,33.13077896990405,20,lightgbm_raw
177,1.337506967734017,1.6965231217939203,56.62854637184967,116.33589750017654,20,lightgbm_raw
179,1.9230414446578024,2.4722584023275793,76.66634627011626,64.08489535661454,20,lightgbm_raw
181,11.36885938554338,13.202349434525164,602.3902726173144,137.3827348587599,20,lightgbm_raw
182,1.4758125081867302,1.7622431152193077,61.78521067664933,170.4548544050546,20,lightgbm_raw
186,57.18805615705306,70.8432721212996,56.05041090566084,41.83444353901752,20,lightgbm_raw
188,1.9730911925476988,2.297740867619256,129.40693242344392,101.36498436044788,20,lightgbm_raw
189,3.122646013478042,3.6782268276642656,199.59551954033375,115.49473759444639,20,lightgbm_raw
191,1.0476809987560853,1.2280481583211955,61.8221880439206,141.83390026757212,20,lightgbm_raw
193,3.2069406304800316,4.196410969379304,68.36033678940635,102.92045558801014,20,lightgbm_raw
195,2.3684800874861636,2.9706084017744585,157.85577834327063,130.942777123294,20,lightgbm_raw
196,1.460393888514356,1.6651986956666098,92.19911358146314,145.760081919515,20,lightgbm_raw
197,1.3280747831488833,1.5558199513874515,79.90545308825267,93.44025693962074,20,lightgbm_raw
198,1.8728055654582283,2.322326743057165,119.00943821646004,118.7890542383562,20,lightgbm_raw
205,1.3477303538337757,1.5082803433949883,86.94176938496946,162.85500679479722,20,lightgbm_raw
209,15.477539029089582,18.850471953680195,337.77049161263267,100.43921286122868,20,lightgbm_raw
211,22.916629430382514,28.454147503877838,273.4198838956642,80.90757020005253,20,lightgbm_raw
213,1.4711113811089376,1.7399546399877455,58.13450468601534,160.7554898234634,20,lightgbm_raw
215,1.1806030837485915,1.4328639868433026,80.26968979648412,106.74384766200433,20,lightgbm_raw
216,1.4335624344842628,1.6808466388126644,61.16242178120842,69.33323518565776,20,lightgbm_raw
222,1.4525156628350497,1.6359334391391023,112.94624848228558,183.21761669132766,20,lightgbm_raw
223,2.4257218850228868,3.1550934752172917,120.57616207757408,79.07035978506251,20,lightgbm_raw
224,6.413791834917938,8.013061603740702,106.84483398329026,64.51689708454964,20,lightgbm_raw
225,2.547209255871976,3.33196828738992,88.95362117584918,87.74015311380352,20,lightgbm_raw
226,3.2155612842387824,4.102640194186004,56.68942545272141,54.052575030792866,20,lightgbm_raw
228,1.5894546128980576,1.9967595805819407,76.72324156552034,111.72923969122421,20,lightgbm_raw
229,17.82574301224905,24.895468440088294,34.0667575530384,29.557591880463054,20,lightgbm_raw
230,33.587333193640845,48.19278267127187,39.95987345600205,31.328373281986046,20,lightgbm_raw
231,12.398345735404371,17.23941274936773,48.59146716074983,32.84894279430126,20,lightgbm_raw
232,9.540765033850532,12.061738160819163,107.29680695746218,60.82669034916239,20,lightgbm_raw
233,20.989024793335584,26.218951609401557,70.02065637572285,39.70071553212553,20,lightgbm_raw
234,39.27569576720634,53.88907358162244,37.69102530760819,36.70613741207989,20,lightgbm_raw
235,1.382197010328442,1.5397554042419141,87.5710972500575,165.971494211683,20,lightgbm_raw
236,60.31769888638715,83.35491417249413,48.99980718916725,42.04624317952915,20,lightgbm_raw
237,96.13212679143123,124.87779295649811,54.49223572603552,50.364177246503544,20,lightgbm_raw
238,23.6548219870661,31.434477233477107,69.5201245386383,41.324523307263995,20,lightgbm_raw
239,19.28403990519612,26.098648750503962,60.603908346134304,28.54842200874482,20,lightgbm_raw
243,2.4018449856445585,3.2134031168584167,83.20025848194862,70.33337961310876,20,lightgbm_raw
244,6.244319228013562,7.5348713223352375,85.69861448089084,64.38132797070199,20,lightgbm_raw
246,34.59223864365375,41.83284304842935,93.62379225568989,49.30718221668722,20,lightgbm_raw
247,6.680600005799453,10.007012057675157,297.1239538854756,144.21537584929175,20,lightgbm_raw
249,21.701225045875294,26.620079697490432,37.65293680386302,32.21724213316763,20,lightgbm_raw
254,1.297148862161812,1.4340572645137737,68.65678483760107,170.9894573936716,20,lightgbm_raw
255,38.820862317367194,45.38285932354449,1471.4938102756225,150.24503943132538,20,lightgbm_raw
256,16.042538206404426,18.389220218500615,648.040200266087,129.8838242224682,20,lightgbm_raw
258,1.4530781440849097,1.6295060451475418,104.44520975010488,150.77914243788425,20,lightgbm_raw
260,1.8689136249403582,2.3926228747933482,103.46740542590422,78.76640344064988,20,lightgbm_raw
261,12.02178789575981,15.117799569026086,202.22088688313627,72.38300786663925,20,lightgbm_raw
262,19.228018092457372,27.916947649868423,44.20949843998139,33.413716791184356,20,lightgbm_raw
263,24.30764189714581,33.54436998041282,44.33306829174623,35.99769343907111,20,lightgbm_raw
264,2.60150733822813,3.1648539970491267,64.41480220521882,63.2563960036725,20,lightgbm_raw
265,1.6437192715524744,2.021962236981192,84.07600601957412,95.00928115150127,20,lightgbm_raw
4,18.486016229250694,30.616536633444305,353.04348955926764,90.37547430881595,1,lightgbm_residual
7,10.724323200684344,14.224203188722496,229.73080396411683,81.29861237214773,1,lightgbm_residual
10,2.590637589104141,3.4792574995265864,91.69392943253433,88.56052825275579,1,lightgbm_residual
12,1.2621769156090077,2.047381731165598,78.562525592352,142.63403934648088,1,lightgbm_residual
13,22.57591600111847,32.04998218905708,83.7835375014068,104.08274879825701,1,lightgbm_residual
14,2.303017828091527,3.009356115924444,76.19077619606668,116.44890253962626,1,lightgbm_residual
17,4.16322316790352,5.383202853730966,112.1266211213043,76.67684828308664,1,lightgbm_residual
24,7.18658396002938,8.864707468051884,108.65112323399583,59.075398408121835,1,lightgbm_residual
25,6.0708632738148625,8.736960300468043,115.13452749836195,83.81462069560544,1,lightgbm_residual
26,1.5576600293564073,2.145316680176842,66.96258969852838,102.77886856216783,1,lightgbm_residual
28,1.340918602115818,1.797850704345625,50.18280307779604,108.10897391471615,1,lightgbm_residual
33,3.7660583231568197,5.394016682455145,61.372397053317194,81.19350997693323,1,lightgbm_residual
35,2.1931049643438967,2.688877869958745,61.34604365753427,69.15894121649102,1,lightgbm_residual
36,8.822095279357924,12.982084925310188,348.48345791660404,112.73658002277419,1,lightgbm_residual
37,10.97519245090129,15.315986410745424,394.0764162560314,93.76502972883658,1,lightgbm_residual
39,3.7385202545135994,4.948011256627676,83.87693492397871,106.00729040286039,1,lightgbm_residual
40,2.2195050907516714,2.693271329082833,120.16878877306225,134.569640962148,1,lightgbm_residual
41,11.809465968601756,15.416603902808099,91.14119274293094,50.50177782566828,1,lightgbm_residual
42,8.426989210880057,11.851047284279113,125.32765166063594,54.34385124926403,1,lightgbm_residual
43,15.18508726527086,20.85441858700314,50.48884098849541,51.81041852972607,1,lightgbm_residual
45,7.354634694331082,8.78754888953961,155.38095826560146,81.37171148058684,1,lightgbm_residual
48,34.72507571327903,53.58079727322416,104.05719945627207,37.97968565036894,1,lightgbm_residual
49,3.9972887660265015,5.284107893960431,132.3140564297039,94.67769300048322,1,lightgbm_residual
50,18.536845791582113,25.3955980041481,160.83487385944412,73.55299901457674,1,lightgbm_residual
51,1.918667957020632,2.4446475731845445,95.5111759096792,113.22435276486954,1,lightgbm_residual
52,1.5609282888467357,2.0760824215977483,89.82136983002678,121.27833266758444,1,lightgbm_residual
55,1.7189205312364386,2.5237640926788365,71.48729318007373,102.50903531014399,1,lightgbm_residual
56,1.9018370058848966,2.4604517139817497,106.50770875351496,123.59998675691402,1,lightgbm_residual
61,5.794916992700148,7.224731195979041,108.23074719364105,61.44689119126755,1,lightgbm_residual
62,2.347240998556479,3.116244810399788,135.668827248046,88.02627267667913,1,lightgbm_residual
63,1.4340441769065613,1.9153338081876872,85.60201211961747,97.75435568546436,1,lightgbm_residual
65,4.177304505637524,5.226574998613243,124.37208200154772,80.01854111792225,1,lightgbm_residual
66,4.1853978191397365,5.397051738686688,154.06991599215124,92.07024341685923,1,lightgbm_residual
68,33.74141162928116,45.410147912211784,101.05375940752805,40.12651832463469,1,lightgbm_residual
69,1.8603180814184093,2.5599124194902956,64.57603760789927,103.68883057502354,1,lightgbm_residual
70,8.4620134000411,12.921423205338783,110.0412422864369,81.37289599438667,1,lightgbm_residual
71,2.2170842745973007,3.030954659939973,59.27453752665207,90.37317977751887,1,lightgbm_residual
72,2.6508890869806883,3.5964441191375065,62.72505669428517,98.42594642638187,1,lightgbm_residual
74,8.332141572596317,11.352900233053138,109.44418436146464,50.222543725193,1,lightgbm_residual
75,20.451334180811028,25.713275636064452,74.28226306203368,64.18116555593924,1,lightgbm_residual
76,5.611816527084422,7.3167957512993915,142.2972192416037,83.57298531290887,1,lightgbm_residual
77,1.8061331533071752,2.454883444805489,92.84953711210362,107.35889918632795,1,lightgbm_residual
78,1.7375713250980747,2.229753812762766,86.31163309422179,115.8977875808085,1,lightgbm_residual
79,98.88836997288719,216.2729425594051,520.9334753860122,61.71070634302638,1,lightgbm_residual
80,11.819514385980447,18.243543753774507,476.757093137219,101.42929350609838,1,lightgbm_residual
82,3.707838733599187,4.7827143994945684,200.3264634069031,88.40890428199988,1,lightgbm_residual
83,1.8732913388319155,2.342740391717272,93.78528183889256,132.26735316796345,1,lightgbm_residual
85,1.7652246510075527,2.264198108481406,104.73110807883054,92.7163778647912,1,lightgbm_residual
86,1.3968421613878699,2.062539222935947,57.61901605320337,110.80158637517127,1,lightgbm_residual
87,15.775370201496296,23.1922264985515,368.9061135663466,77.66410898107839,1,lightgbm_residual
88,11.394815226782868,18.79237796947244,205.91847936889152,78.63624430242808,1,lightgbm_residual
89,3.6823188800164286,5.244349279039634,80.21527100946525,80.27819982134251,1,lightgbm_residual
90,27.668294051334357,43.645051046023575,237.29465235412525,51.5607864778122,1,lightgbm_residual
91,2.5023216135771276,3.6266194643209055,57.17153167552308,90.49535662769775,1,lightgbm_residual
92,2.0051345904749187,2.6934610592689947,109.27981330286475,123.5734575290406,1,lightgbm_residual
95,3.060298309417371,3.721862806419372,100.88870583973375,87.50588708349007,1,lightgbm_residual
97,6.050786159209082,8.536032599337878,157.95467075064724,82.36949708222473,1,lightgbm_residual
100,26.305206529848707,32.08275935640437,101.10321325910101,52.95856348432775,1,lightgbm_residual
106,1.7604677838060538,2.2055582950293906,90.39205956009387,127.09328523984676,1,lightgbm_residual
107,39.844578027537324,54.73952305394034,213.22688712925876,61.0440766730245,1,lightgbm_residual
112,10.50707960047029,14.263208501661708,392.55496197529436,113.3088144994975,1,lightgbm_residual
113,26.82657393591923,41.85869948850297,305.34279063376897,57.48929769793066,1,lightgbm_residual
114,43.330850150816524,99.26319992054053,336.7030972875921,71.79338577888977,1,lightgbm_residual
116,6.405740899465928,9.001389251364953,120.21870438898668,60.23476449781881,1,lightgbm_residual
117,1.623594463334924,2.2098276475768692,77.96593696273048,124.97005071821566,1,lightgbm_residual
119,1.461637290066527,1.9106414893419732,88.42949354658298,119.2535023248089,1,lightgbm_residual
125,12.23955912686228,17.11685401716373,313.368472188748,67.85095293326653,1,lightgbm_residual
127,2.7433895233516132,3.3721297995484534,129.8061281271138,102.8572613815165,1,lightgbm_residual
129,5.243445714023077,6.032516704179734,152.1629178796124,78.94444655292727,1,lightgbm_residual
130,3.4270702303478306,4.106331195605823,115.78661518003415,73.32473480031729,1,lightgbm_residual
132,85.71957501954826,113.43306707000458,57.30440241558892,40.44509703372911,1,lightgbm_residual
134,1.6480712474830908,2.1620013444293225,75.16686991680939,111.08990122342495,1,lightgbm_residual
137,30.11292210904395,38.77916725731889,130.96406292556003,68.374031942918,1,lightgbm_residual
138,48.96578197708633,65.98292818249547,245.25371304193095,65.0009889204231,1,lightgbm_residual
140,63.405847045478616,84.51558840712066,60.35108298322787,64.51826812804899,1,lightgbm_residual
141,36.41990618183433,47.24837922797308,108.18218598461702,54.35121253416289,1,lightgbm_residual
142,45.99448930812034,64.95560668995076,76.88714598719145,50.37571395233535,1,lightgbm_residual
143,25.87743884929223,40.21017504012569,92.63473527459612,55.26426848106589,1,lightgbm_residual
144,38.92026838959164,68.35970706933281,710.5606250932062,77.32104674613747,1,lightgbm_residual
145,11.51779204248784,14.70802102149742,354.45279303697015,81.39299497210034,1,lightgbm_residual
146,3.657846297882193,4.905333037635752,140.603625128148,73.96511757739451,1,lightgbm_residual
148,63.20303226452548,127.92524375241139,529.9255330104925,88.11942794685108,1,lightgbm_residual
151,14.726038275988893,21.537492075991437,71.76927318593425,46.683208974525826,1,lightgbm_residual
152,4.273635584215392,5.333282632001397,87.90544190790762,71.15412445251582,1,lightgbm_residual
155,1.3149624091831844,1.9218035683552408,65.3032907475461,114.03243934258529,1,lightgbm_residual
157,7.03484351806101,11.480431665982794,662.4386688988924,144.46883285678587,1,lightgbm_residual
158,31.97100345784126,55.774136139535216,614.5163362527104,83.24016725378722,1,lightgbm_residual
159,1.741345860117378,2.1607210872274574,110.326462447761,112.4620823886185,1,lightgbm_residual
161,150.44846705254295,219.6462946803658,90.26987975221658,71.75741824101748,1,lightgbm_residual
162,110.01241925517782,145.81127484260236,77.24646079748004,78.96237061401087,1,lightgbm_residual
163,50.56733589854995,68.9612338973143,74.71500475303695,52.24811511520257,1,lightgbm_residual
164,56.37867598070314,70.35327436663718,211.5186150753541,76.52302665326086,1,lightgbm_residual
165,1.7664273923154665,2.4925941723615215,70.06070606164664,117.18240601894679,1,lightgbm_residual
166,14.793327317697148,18.56435484417288,89.96053779940115,54.640692064784496,1,lightgbm_residual
167,1.6637750543959744,2.511814368936955,72.5140212709556,120.09689065613355,1,lightgbm_residual
168,2.384268621610321,3.002294895974296,80.14939656696599,74.538007882331,1,lightgbm_residual
169,1.5003420349754721,2.025304812502284,80.3953198535887,111.62489081602352,1,lightgbm_residual
170,68.25863584775328,83.19703365664982,133.0317172812326,68.98702820776994,1,lightgbm_residual
177,3.4566375120992654,4.625076586766196,114.44612977137001,94.0919570220484,1,lightgbm_residual
179,2.9266785778768436,3.4532098505502486,122.63221628809634,90.08300847138003,1,lightgbm_residual
181,5.267336443084701,7.154553429534407,169.01994208212477,80.73889905581471,1,lightgbm_residual
182,1.6448751572971254,2.3209998270633347,70.36576734702118,120.76431186455896,1,lightgbm_residual
186,62.10085751317678,79.26832617469724,91.81715444133643,59.21553854538016,1,lightgbm_residual
188,3.3803804835335813,4.625548348473549,73.3454791335285,62.41244710536694,1,lightgbm_residual
189,2.554331763450636,3.312940057574025,144.63443046990074,102.67517237325565,1,lightgbm_residual
191,1.3485789727023307,1.9216446858112273,62.154974127296136,123.68612215343569,1,lightgbm_residual
193,2.3530475606457966,3.034740194915328,61.828513656925786,83.13167945188216,1,lightgbm_residual
195,5.602859452759617,11.6830716816287,579.2558657361453,127.4978442551801,1,lightgbm_residual
196,1.6303084029870512,2.138397661784623,108.80992223149674,115.34875524864576,1,lightgbm_residual
197,3.222695940507449,4.335790170255303,123.57089623967565,102.31823669286234,1,lightgbm_residual
198,4.786078446061688,6.2657680053137526,190.85842625462834,121.45320586179251,1,lightgbm_residual
205,1.732755334875847,2.3774405581697677,70.51682679546187,124.9132514646944,1,lightgbm_residual
209,7.505261245547107,11.658958235583924,270.28426124763445,92.83789337057142,1,lightgbm_residual
211,25.944082711546,37.2829023798789,445.26566123794476,89.366471902061,1,lightgbm_residual
213,1.844734953652857,2.6734884498611344,81.75576457471014,101.53400729434077,1,lightgbm_residual
215,1.9385214271813125,2.9116119975558616,95.4297569720793,101.50745693365492,1,lightgbm_residual
216,3.3467395818314216,3.944982530208796,118.29457856573073,82.41821008902417,1,lightgbm_residual
222,1.4871806082329446,2.1228990034931288,71.57169736717208,116.68945738937673,1,lightgbm_residual
223,4.338033364277165,5.359752500655424,136.17271089375822,109.03178349260615,1,lightgbm_residual
224,8.69768663986475,10.872523051156382,121.7372409268534,76.25702949705031,1,lightgbm_residual
225,4.7530452192837425,6.041010560832852,130.93229205808228,77.93302774799162,1,lightgbm_residual
226,6.432731870329582,8.133587534463125,103.05816885245295,70.40133309082567,1,lightgbm_residual
228,2.245464467110246,2.8519517454697803,85.2385614458348,106.28520543180109,1,lightgbm_residual
229,26.125626438701886,33.885292393421054,176.4109942770472,54.6263581580587,1,lightgbm_residual
230,66.39969281949705,96.78118597181053,97.5132113109492,53.76116415651944,1,lightgbm_residual
231,39.72217803651967,54.08042849622299,388.09579058752496,80.31016089084108,1,lightgbm_residual
232,11.296382960602406,13.941444778304117,305.5319784452927,76.95340236303913,1,lightgbm_residual
233,20.270933884341492,26.511803196904523,106.33836170416271,57.7849445395781,1,lightgbm_residual
234,71.27940599970654,99.3611798720252,260.05478453018463,67.90987768227437,1,lightgbm_residual
235,1.730878067517456,2.4974372953438917,63.06128121790847,123.86314951376794,1,lightgbm_residual
236,113.69307667201865,154.3359110086063,101.73874859981748,67.73762222391422,1,lightgbm_residual
237,126.54494292236974,156.03844399126797,108.18004845472599,73.64435601575359,1,lightgbm_residual
238,34.0319803842527,49.31414460965953,94.04214936076643,55.18151582720176,1,lightgbm_residual
239,32.054520083988,47.82936807297036,129.23200763131362,46.23062010640518,1,lightgbm_residual
243,3.2254490125062127,4.184878523855719,85.92109967035441,63.8979468677363,1,lightgbm_residual
244,7.053353057540935,8.915102393151127,142.91743713495006,66.47143353359874,1,lightgbm_residual
246,48.08125356358483,65.18103203151335,265.33544198361756,71.14326668789333,1,lightgbm_residual
247,2.336645008826688,2.911693162040411,120.64957165538613,108.84050884338482,1,lightgbm_residual
249,59.209660229278974,130.0162024442306,267.04946965404304,60.72085056217736,1,lightgbm_residual
254,1.609808662721041,2.224899733849293,71.409651221481,113.87010055405393,1,lightgbm_residual
255,19.717142715099556,27.979320341285767,733.7295860745498,134.74279433348303,1,lightgbm_residual
256,12.418431092992973,15.487116764529164,441.9641989032925,114.49916715954703,1,lightgbm_residual
258,1.6689685632498883,2.237098569480464,79.03259365011918,128.16547171538045,1,lightgbm_residual
260,4.53438126298296,5.22623419565723,272.41483569900294,112.21361975034142,1,lightgbm_residual
261,8.603879571585123,11.763335080369231,139.51196616583005,76.92027577460665,1,lightgbm_residual
262,34.26835601236277,52.13597240188692,105.97576710750754,65.36502254230014,1,lightgbm_residual
263,27.803599105162714,42.44168552634339,133.20472649465788,46.90051626542756,1,lightgbm_residual
264,2.948901082698764,4.414433816905823,59.43145875894533,69.40982546565914,1,lightgbm_residual
265,2.6832761771990277,3.3558472032578783,175.0733619495805,107.4709862606785,1,lightgbm_residual
4,27.968308226367494,43.827914585866985,615.8221543822028,105.56254397074076,2,lightgbm_residual
7,12.241511431985595,14.633539100822347,205.88898666622185,87.62992285809527,2,lightgbm_residual
10,2.347072457083778,3.1757982666078775,71.3148817910615,90.94639053232702,2,lightgbm_residual
12,1.4517236143567478,2.024884916840863,122.93655328097199,124.08482106039669,2,lightgbm_residual
13,19.846559632534134,27.867079816785107,81.43700666796137,94.45242422161816,2,lightgbm_residual
14,2.1694462789194344,2.95655492522309,85.15395285458291,99.86902572201694,2,lightgbm_residual
17,5.992769317543549,7.099352201879657,177.17645762523355,85.82156193180761,2,lightgbm_residual
24,8.186054561276004,10.573339809285166,126.87051210228317,61.00001538802866,2,lightgbm_residual
25,7.553457846861581,10.163346239019884,349.3323962681058,87.28532762981622,2,lightgbm_residual
26,1.8906040908803317,2.546295368336861,91.1063576187529,113.07785709629623,2,lightgbm_residual
28,1.4179232018957635,1.8981145967191393,69.28146795512376,97.88454311713603,2,lightgbm_residual
33,4.089146693553544,4.814998738499393,96.62493488496276,85.03163481750025,2,lightgbm_residual
35,3.251309175172801,4.88929477766328,82.79854591336634,86.58789454240336,2,lightgbm_residual
36,11.829007089208659,15.418488763025007,593.253449727266,130.13497192591527,2,lightgbm_residual
37,14.953127326442091,19.747124191986487,731.1142193119047,106.3875167562747,2,lightgbm_residual
39,3.212872326103042,4.865831931920028,76.96402901586805,75.7214559292572,2,lightgbm_residual
40,1.9596947159730667,2.894441462052143,85.2407701667323,104.66848823522281,2,lightgbm_residual
41,13.752259426421995,16.852551012926817,86.59338826507022,52.708655975524245,2,lightgbm_residual
42,12.544342255941805,15.320455928389949,121.02875873086782,62.660992824932144,2,lightgbm_residual
43,20.818419234671243,26.500716581058857,138.26787922999705,69.04921113963765,2,lightgbm_residual
45,8.527105908579484,10.525752577598418,184.10923719722663,78.53104426731808,2,lightgbm_residual
48,41.36179356064341,56.09969978460059,113.84139555426727,44.46702389330082,2,lightgbm_residual
49,5.467191474708295,6.933344508163098,246.29934028671732,101.46778885049883,2,lightgbm_residual
50,15.819264364101095,21.09980983986236,271.52492392894436,57.265798448667304,2,lightgbm_residual
51,2.068548723850687,2.7876595742323067,94.36636764949883,94.94374795664628,2,lightgbm_residual
52,1.9020984205247238,2.5650144520470963,93.28727255305773,102.7014517413118,2,lightgbm_residual
55,1.7003795830741772,2.3997243790570155,61.86090235373174,110.7559878382412,2,lightgbm_residual
56,1.895790698417743,2.3800930281111814,138.19772800676472,105.23129411709182,2,lightgbm_residual
61,6.545158682816339,8.08152803976189,161.22571972588932,68.78767672584434,2,lightgbm_residual
62,2.4951547370410228,2.9375883505489897,108.49756659809111,89.0184726373685,2,lightgbm_residual
63,2.1769764207490527,3.260444864818187,86.03696488942663,102.17008815187707,2,lightgbm_residual
65,5.09371024864163,5.972797823322666,108.01648700039588,80.8191001653462,2,lightgbm_residual
66,5.839756272959133,7.530167227732721,207.53907591820106,106.47873736497297,2,lightgbm_residual
68,42.25122323354618,57.1485493641089,249.23773055621496,51.005012333937565,2,lightgbm_residual
69,2.3371691114195574,2.9959192920119384,111.11013954087501,106.2950669562859,2,lightgbm_residual
70,7.042786189684122,9.351070906623569,99.19946613740494,66.40844756329592,2,lightgbm_residual
71,2.960716203084766,3.5648991146308338,114.96575126751651,101.31878552611875,2,lightgbm_residual
72,2.71375410416501,3.4531112330842904,94.37949672900369,89.33460003061083,2,lightgbm_residual
74,9.595305326872115,12.305787262679306,80.31513042115893,51.70435826182206,2,lightgbm_residual
75,11.235139209811498,14.922473142113297,52.293689210284896,40.14893376621176,2,lightgbm_residual
76,5.599462835527845,7.178834264916419,113.02434691928471,79.96098025143705,2,lightgbm_residual
77,1.7745630549092237,2.448133651886417,87.85545914442231,77.33649669619588,2,lightgbm_residual
78,1.554936717037301,2.1906506829506025,102.9205592287276,105.31914747308376,2,lightgbm_residual
79,135.80510161588433,268.5614873730631,853.2642114662082,72.38284791134394,2,lightgbm_residual
80,17.413916882804788,23.19371719362913,969.0050116213321,128.85769800477942,2,lightgbm_residual
82,5.068904631352267,7.143056023597226,180.810758352557,90.00559985321338,2,lightgbm_residual
83,2.232026095521622,2.7483287904357443,146.02128732691403,136.42117286419725,2,lightgbm_residual
85,1.946701092019141,2.3436953423528464,98.68027224145605,102.50509265086693,2,lightgbm_residual
86,1.8588732038138447,2.461072262297803,76.38174793097232,127.34071521294459,2,lightgbm_residual
87,17.813578012292208,27.806795760019984,379.05308628265914,67.29544056873333,2,lightgbm_residual
88,12.914928152841457,17.083409108710672,326.23385433300984,85.21784453517107,2,lightgbm_residual
89,3.019860799005167,4.29717725251432,63.42050929700886,71.66140673408097,2,lightgbm_residual
90,40.76279254265627,56.82669423018513,312.88312836093615,61.96318520942733,2,lightgbm_residual
91,2.9478385047999667,4.153428077687466,79.52128061865326,94.000643383274,2,lightgbm_residual
92,2.853113845615278,3.4649564925935668,177.99913857801596,130.9032845811189,2,lightgbm_residual
95,4.726296538763382,9.357394610172282,108.15331446063054,101.95213169641609,2,lightgbm_residual
97,7.355637465479162,8.967447665807258,167.80232100939583,90.70955922101285,2,lightgbm_residual
100,24.371341606995415,31.866090075525733,208.84606111744918,48.69038248618413,2,lightgbm_residual
106,1.4983569668423264,1.9059477017943165,77.64694257532327,120.09918048991649,2,lightgbm_residual
107,43.125040523934366,62.63996095025193,316.09516006067923,56.262304926266985,2,lightgbm_residual
112,15.439594829581893,19.345284674501237,712.7156256687156,125.85200120519956,2,lightgbm_residual
113,36.564113554723264,53.272781702776925,728.8984914618569,63.2325085943579,2,lightgbm_residual
114,61.095602294558866,125.63065155580985,627.3820796913442,78.22198158635739,2,lightgbm_residual
116,8.98886979434907,10.585405586679295,135.97583068416935,75.83925678394918,2,lightgbm_residual
117,1.2546415686612573,1.5959991484632363,81.0863958190344,100.27736111197375,2,lightgbm_residual
119,1.296907979289749,1.847110128656176,72.54013406398748,105.60049943308555,2,lightgbm_residual
125,14.53653080117499,19.638742898753975,243.80901013408382,65.30410968037867,2,lightgbm_residual
127,2.4240010901848232,2.983565698496266,131.0510803286785,103.01931327147234,2,lightgbm_residual
129,7.1952328266802725,8.81455736253132,206.45501311776414,84.10607081029299,2,lightgbm_residual
130,4.001438513570369,4.987165967744794,147.79636460979728,76.34156375781822,2,lightgbm_residual
132,55.5658590641226,76.58895011431436,39.141847971767845,32.26015895115778,2,lightgbm_residual
134,1.5400582921673118,1.9699989264414437,64.93731629088612,120.89276624722113,2,lightgbm_residual
137,25.77735815365251,33.19539184683731,178.85074141110974,61.0368485618306,2,lightgbm_residual
138,62.28709833469708,81.61962049151694,142.66321736805295,70.48715791369635,2,lightgbm_residual
140,45.62144145438727,59.805807084940405,75.57797744261224,53.386242928245814,2,lightgbm_residual
141,28.834088220465347,37.73911951634513,162.24809426311566,47.293705271231936,2,lightgbm_residual
142,41.44446696261257,68.70926179404793,86.37763174569886,46.26434150141667,2,lightgbm_residual
143,20.994428242660845,34.72329331404763,42.56935054928949,47.96959750422124,2,lightgbm_residual
144,59.41313383186727,101.53431363752075,903.1814285333079,86.29654175542657,2,lightgbm_residual
145,15.367034029602232,19.387438684124042,305.2385334287869,88.10810930728574,2,lightgbm_residual
146,8.779394709261618,11.514349036203257,274.17956480497014,98.74263307497078,2,lightgbm_residual
148,82.93923415021992,165.43353884663364,943.4397541728626,96.65857973650594,2,lightgbm_residual
151,12.887583561748146,17.903498792875368,55.47712130453187,45.08192695223725,2,lightgbm_residual
152,3.940836697953401,5.169652049644313,104.69430432289622,67.2085610631155,2,lightgbm_residual
155,1.5024234051233083,1.8205338393064954,71.16917293352401,109.25939202160886,2,lightgbm_residual
157,6.8246551493545935,13.318359129737813,293.7453031044957,134.14568954592553,2,lightgbm_residual
158,36.25669436539838,58.8463412813592,686.3142247612486,71.32680983457792,2,lightgbm_residual
159,2.117349343175793,2.766910541257992,110.58869757109365,88.18542705643937,2,lightgbm_residual
161,115.76500132822662,176.3724711761451,189.92636421848695,68.82524447902956,2,lightgbm_residual
162,73.127121632043,105.12836593714187,138.720694120174,58.628109920017266,2,lightgbm_residual
163,41.939098632418805,65.81087969695957,116.79079076214371,51.90699849277801,2,lightgbm_residual
164,44.42959301241996,58.524494282981216,321.3788194990555,60.61275353346327,2,lightgbm_residual
165,1.1560492946332441,1.6222962381188113,62.24759409229789,110.32336213520495,2,lightgbm_residual
166,9.893537740014926,12.597304869299306,95.40980619806051,42.62558297357021,2,lightgbm_residual
167,1.7293123280228944,2.5761902740376823,80.61934442243074,117.10888335278554,2,lightgbm_residual
168,2.9912894590639194,4.074161419152416,127.65896619407629,76.70640375000193,2,lightgbm_residual
169,1.6886887888411788,2.0904538471176357,112.065082176526,106.71969493743823,2,lightgbm_residual
170,38.23149890532454,47.943315023201016,250.0962651875211,48.94415830171072,2,lightgbm_residual
177,3.2340109296456485,4.238956565944687,113.06288690437816,88.51686838054489,2,lightgbm_residual
179,3.2593578282703497,4.223195238455863,129.08833103711828,71.46069481242704,2,lightgbm_residual
181,5.042140151986658,5.9678628210782945,137.64246828784053,83.77552785606069,2,lightgbm_residual
182,1.8251567255433303,2.90064974766795,58.26229506739815,106.59135536622972,2,lightgbm_residual
186,47.34598462129202,61.61808454116089,209.93004081072445,47.202476480241465,2,lightgbm_residual
188,3.8995257147327513,5.1105734566734995,92.97012739316914,68.57346751904474,2,lightgbm_residual
189,3.2998312433156793,4.180511088015904,194.27930144711368,108.35842475416122,2,lightgbm_residual
191,1.5395676573119286,2.0599221212437433,94.98814564194623,105.82723304141912,2,lightgbm_residual
193,2.700627794695816,3.6349780386578274,69.94626363710236,77.01381085638722,2,lightgbm_residual
195,5.93895476987561,12.968403801479525,269.7443779587371,121.70893189810342,2,lightgbm_residual
196,1.8858317549250365,2.718997434497161,92.40581121251263,110.74150252608506,2,lightgbm_residual
197,2.8661766362037255,3.8877761617644624,110.78530566034743,89.86656785330798,2,lightgbm_residual
198,4.023342752728619,5.460594055471608,219.45132898311823,128.33471397073802,2,lightgbm_residual
205,1.4351882433816572,2.0651728414531565,61.91295517581645,90.43505179011312,2,lightgbm_residual
209,9.732916719883603,13.306239279491859,293.2806164905273,94.51473464507058,2,lightgbm_residual
211,32.737214445821344,46.37379333550336,677.385060917089,82.2498447572121,2,lightgbm_residual
213,1.924282778647249,2.7757753090238464,61.978731533516786,90.66901836304082,2,lightgbm_residual
215,1.7118837104376592,2.333586915609809,64.61618276528526,78.38722074348755,2,lightgbm_residual
216,4.254448019762728,5.284851603903483,162.3605522546352,89.03299158540115,2,lightgbm_residual
222,1.6620836314853067,2.3637305754665774,148.7481907768158,120.3188236689743,2,lightgbm_residual
223,3.348044367516343,4.53395678646552,119.67268441744771,87.67124009266831,2,lightgbm_residual
224,10.035520504638916,12.370406558985442,277.8710121636697,85.67010234913238,2,lightgbm_residual
225,4.273258369091391,5.5579979203354775,122.03508919637609,72.45576314978531,2,lightgbm_residual
226,8.74264600088154,11.001526945455952,171.7188807138935,75.90727316571194,2,lightgbm_residual
228,2.112942512418884,2.7310738828617223,95.41604729540659,94.41529485998927,2,lightgbm_residual
229,24.22096956182916,34.031655443231344,195.204111540954,47.518100516372236,2,lightgbm_residual
230,53.47717380582075,77.1076108223771,86.86010862486043,46.59249390643679,2,lightgbm_residual
231,34.92520408181853,48.22744308517258,522.6156040142271,68.6356060882311,2,lightgbm_residual
232,14.533500571817525,18.512408904179768,326.098017926619,81.6344938249574,2,lightgbm_residual
233,20.427917469302045,27.71395510035011,132.36524158020524,54.84321851264625,2,lightgbm_residual
234,51.97232536979603,76.59596495426926,621.3070220556023,55.70361372699756,2,lightgbm_residual
235,1.3938064639042438,1.9260541059232335,63.291406666597226,90.7250638052061,2,lightgbm_residual
236,82.00264864117594,114.81964058249244,119.382449147644,61.86478514343486,2,lightgbm_residual
237,95.46388905181931,121.84956950769046,132.98169542449355,61.098174789221524,2,lightgbm_residual
238,24.900723871424248,38.93368044625352,72.98195113913,43.39720338878569,2,lightgbm_residual
239,34.38767464584842,47.82582546770875,124.13995384600787,46.57344303443875,2,lightgbm_residual
243,3.98628472593385,5.103787098106983,121.66151449796105,76.43768866507308,2,lightgbm_residual
244,7.402666149240683,9.698352432637275,117.49774064373683,63.14393390854688,2,lightgbm_residual
246,51.19852221720322,65.57838460122315,465.8510773994441,64.77204734704289,2,lightgbm_residual
247,1.9876411865388253,2.3958470041867086,112.2489476653561,106.04361935169585,2,lightgbm_residual
249,76.57801891018013,144.62925353845392,379.3388197442887,67.56442076563953,2,lightgbm_residual
254,2.0568227304384217,2.7805321076153375,95.24342337321988,106.81752651467626,2,lightgbm_residual
255,28.541911888613658,37.05043816563796,1215.8098094202342,135.40208452760737,2,lightgbm_residual
256,18.648876161392895,24.107347238503817,704.8567620938986,120.59703260442213,2,lightgbm_residual
258,1.8305636564961751,2.8617596430732526,101.59775154879638,99.89092201764703,2,lightgbm_residual
260,3.324300930107448,4.7690767691843226,98.29725415607777,84.41156692985376,2,lightgbm_residual
261,10.570683819970734,14.544311348752789,137.9139211137244,66.84109976718078,2,lightgbm_residual
262,26.140181134509138,42.348276872762966,75.15846695084,52.44856325377979,2,lightgbm_residual
263,31.207969897749113,41.84471320657455,350.3388035336157,54.16478738322896,2,lightgbm_residual
264,3.1435796746260785,3.8116949002100444,72.64590308034067,64.9668494664526,2,lightgbm_residual
265,2.8532248368540363,3.5481522073580947,157.89513140918018,102.69756300539416,2,lightgbm_residual
4,21.946317450423464,33.38061450595337,630.1641180679386,101.52365625766231,3,lightgbm_residual
7,15.306174790299252,18.908523220911007,275.2908716344482,93.45342345509728,3,lightgbm_residual
10,2.4173609987342757,3.1298125051225756,64.60240905625793,100.87548753363536,3,lightgbm_residual
12,1.3994931607338292,2.1983074139559,95.00056640939924,110.57785605516654,3,lightgbm_residual
13,19.987399045365493,30.03162896381831,54.88207679817626,81.04218020386479,3,lightgbm_residual
14,2.480227961220945,3.5505932764654737,110.56426561656319,100.91479175957765,3,lightgbm_residual
17,4.457804254691111,5.804866201670901,135.84648376087284,87.5225210735768,3,lightgbm_residual
24,6.772457723515976,8.421729778712882,72.48796977936013,58.093738256535595,3,lightgbm_residual
25,6.524329522183393,8.117651645710602,225.82765348373727,95.98433495767,3,lightgbm_residual
26,1.6016742859752469,2.273222281579167,52.78780965550073,98.32166723503018,3,lightgbm_residual
28,1.903327153566713,2.5055481966988227,94.38543094133114,117.06372092197499,3,lightgbm_residual
33,5.054636140051188,6.577736002165956,144.3666973771243,86.65447040049617,3,lightgbm_residual
35,2.3755071413264974,3.236033426616823,73.04830441772971,74.09946126706342,3,lightgbm_residual
36,10.616225167455745,15.69689941510427,476.0569286771048,127.71202325620617,3,lightgbm_residual
37,13.901929820178376,18.51155913550868,355.1295298906667,100.54002844586296,3,lightgbm_residual
39,3.9712974501617775,4.93619756585042,103.95964337482748,103.87791397730416,3,lightgbm_residual
40,2.3583753222848327,3.211699451059395,121.85719205361876,110.61083945781844,3,lightgbm_residual
41,14.908736893483114,19.617820910870794,104.8531543240865,61.50077178488048,3,lightgbm_residual
42,10.488141453430233,13.231025389097857,87.2795344420773,61.948813613830914,3,lightgbm_residual
43,25.437327252767187,38.10256671460142,89.42286223345037,69.62718043049925,3,lightgbm_residual
45,8.519576442352907,11.463597999518592,120.87750918333282,81.1888548098194,3,lightgbm_residual
48,44.53734545983622,58.61445840904887,94.3192022646207,46.624583125497054,3,lightgbm_residual
49,5.458922518405668,7.539297769571994,194.54019847878737,99.77945266911479,3,lightgbm_residual
50,14.344695038695953,19.1092071714443,141.59212148753394,55.751310293115864,3,lightgbm_residual
51,2.1549718890014944,2.9027805994306517,111.7683642116646,111.4897972116268,3,lightgbm_residual
52,2.2123644077888933,3.3311587385548522,93.62043300658262,117.41786331509597,3,lightgbm_residual
55,1.6161580948528307,2.3945986353591104,56.75542234884908,102.05692632713725,3,lightgbm_residual
56,2.8204381598425456,3.6600842844275356,140.4384259551084,141.3660171226322,3,lightgbm_residual
61,6.964540011025091,8.69244524180994,163.93270023914238,78.47909687760755,3,lightgbm_residual
62,2.4421731044646107,3.465386831096012,79.61581466617974,101.57118386238893,3,lightgbm_residual
63,2.3313048968907104,3.270426741447287,72.39702267757363,110.43957063527377,3,lightgbm_residual
65,4.255570683995873,5.390365854694417,160.2690944876316,76.36344321107741,3,lightgbm_residual
66,4.164745988939134,5.220877729242415,142.79688793666395,100.33183371863596,3,lightgbm_residual
68,44.1104754099858,56.300382758750736,127.13775866113106,48.557366967547324,3,lightgbm_residual
69,2.0886789923195748,2.7574367393813604,105.97439829967281,98.48813937622681,3,lightgbm_residual
70,8.059404084021232,11.31224308312208,106.91697006247027,68.13795616561691,3,lightgbm_residual
71,3.2527839027833196,4.7956194824663,100.60355370490377,93.39904691344744,3,lightgbm_residual
72,2.2909201573408686,3.2214557409047924,94.22818432565047,87.22063143645038,3,lightgbm_residual
74,12.258703183859891,15.782381480360936,146.3859965266661,64.37725390792114,3,lightgbm_residual
75,15.114220888885328,22.424571740257157,73.11182311534952,49.40375279958243,3,lightgbm_residual
76,5.004255973397991,6.576586430177238,81.90766645986643,79.21797020687767,3,lightgbm_residual
77,2.034289736656207,2.591193083473982,89.7450709433976,100.04990455327508,3,lightgbm_residual
78,1.8416476151098895,2.2616502801198104,101.67958405527173,111.90629234568375,3,lightgbm_residual
79,87.48691180635815,190.65542868755853,375.5074565120295,68.9060992809103,3,lightgbm_residual
80,15.862715753530367,20.25027953171466,805.6203113674686,130.5704554472772,3,lightgbm_residual
82,3.9485000343558507,5.120675034420927,169.35165093371614,88.70784277788819,3,lightgbm_residual
83,2.3075198960008576,3.149897831217831,103.09394081280556,124.57457800159017,3,lightgbm_residual
85,2.505300885539506,3.157127073394232,105.53691342329859,115.04920476276725,3,lightgbm_residual
86,1.5500697811853985,2.161693839642346,61.63618927534562,117.5760137997903,3,lightgbm_residual
87,19.188690992637593,29.44439357513358,314.43923822115875,80.06382363074516,3,lightgbm_residual
88,14.584026275060362,21.530746297071627,322.5689948395233,79.25797582041507,3,lightgbm_residual
89,3.9983830990260043,5.649257732805059,108.68789750841601,95.05227183998907,3,lightgbm_residual
90,33.293658390337384,48.962047280052275,232.87560588642978,56.08298889703792,3,lightgbm_residual
91,2.6522054102306547,3.893727097994389,63.997488612062334,101.35369725074308,3,lightgbm_residual
92,3.0769805977143587,4.004817212237029,133.8455835734417,123.216817498862,3,lightgbm_residual
95,2.6393096025651666,3.3210011111947746,71.85803196347167,77.74263013650263,3,lightgbm_residual
97,6.3311131865741785,8.394314489122454,205.7641035592789,86.06984707878367,3,lightgbm_residual
100,22.695183619313237,28.781096133103095,90.19526491110564,49.56658015039779,3,lightgbm_residual
106,1.9001911101940394,2.4661329647699675,113.63159906382938,114.04534627035196,3,lightgbm_residual
107,37.613578282183674,57.47707959120787,203.07844980768527,61.696494656573,3,lightgbm_residual
112,14.395248199518974,17.825576953956798,548.4390392559072,125.11159783833023,3,lightgbm_residual
113,35.46290015141453,50.381971342993864,1023.752854152982,64.18322086223424,3,lightgbm_residual
114,41.40347771394677,92.41511000810587,625.7102874905136,86.73988085445258,3,lightgbm_residual
116,8.663380523203886,10.771007866390827,140.70790966686963,84.2511044896893,3,lightgbm_residual
117,1.4401868849221413,2.08773006234719,67.07323021620225,93.85267201254965,3,lightgbm_residual
119,1.399449897016048,1.8424697413523572,73.20725474592504,113.80837039433506,3,lightgbm_residual
125,13.420876662842696,17.502144614505085,358.0060224212457,69.65208488751911,3,lightgbm_residual
127,2.5670883784635916,3.0250989029537427,100.3939467986622,96.46971529010796,3,lightgbm_residual
129,5.644917006122199,6.973885416579193,129.32102834124117,78.12303039636318,3,lightgbm_residual
130,4.787346788876552,5.594646746765283,149.85411123977235,91.02080337826864,3,lightgbm_residual
132,50.14591755457999,65.67886601463923,36.744920614565224,39.12923202472486,3,lightgbm_residual
134,1.992792738586454,2.6182310183535,108.53579627088325,121.59653239753602,3,lightgbm_residual
137,23.92393579519657,36.03138284542524,128.51964321959204,50.068756407478084,3,lightgbm_residual
138,69.29353324909319,101.6604639353131,108.32483384664002,61.76881637514114,3,lightgbm_residual
140,57.98871606563213,77.27891558609849,68.85980619108723,66.21051314779878,3,lightgbm_residual
141,40.27690173522638,50.680767356249284,156.03135014194322,47.93819326673403,3,lightgbm_residual
142,70.50299760067934,105.92228308010986,135.25838676368852,68.9485414602567,3,lightgbm_residual
143,26.1509750078514,38.229786793994116,96.35816641422636,61.748563259890375,3,lightgbm_residual
144,42.11820603765871,66.50970791466621,807.0810718111782,89.49189193240538,3,lightgbm_residual
145,10.928407951785983,14.826195518225468,243.84484703585963,83.92439312065318,3,lightgbm_residual
146,4.371498262420754,5.521613355067404,175.49901949462415,78.70078968814862,3,lightgbm_residual
148,57.097965842239226,113.4979903273574,600.2214833736944,79.82363000274668,3,lightgbm_residual
151,19.252520756010842,24.102084041266174,146.30109757391355,62.85376927691436,3,lightgbm_residual
152,4.264245447059714,5.474880427325359,124.23629750601357,66.73005983120585,3,lightgbm_residual
155,1.3183851715689159,1.9346278676580901,62.12514855864691,105.63400570788978,3,lightgbm_residual
157,6.8228380257856,13.65215918528128,270.69441337855625,140.27212469403494,3,lightgbm_residual
158,32.62615250678804,53.18853096778576,618.9017756901725,88.37326917682988,3,lightgbm_residual
159,2.1799743203890904,2.8061638824759014,98.2867237967831,104.94619707975403,3,lightgbm_residual
161,133.16741489650516,206.28882731330668,109.6923094058881,74.59027871746504,3,lightgbm_residual
162,76.45386479475617,109.40356917148802,73.68208869460467,61.13300598413772,3,lightgbm_residual
163,40.75801544824713,60.140169947518444,89.62946601150313,56.116792031210004,3,lightgbm_residual
164,47.16083703696631,63.795256563459944,181.95896105915452,58.30455008872051,3,lightgbm_residual
165,2.2701705229720583,2.854968836474794,98.06500653350412,127.590172985362,3,lightgbm_residual
166,10.762897865717855,13.537406427813856,88.06294782028964,51.03203634287565,3,lightgbm_residual
167,1.5421807543403494,2.3959103398066737,95.54946656487424,110.07814440972784,3,lightgbm_residual
168,3.2319558921190805,4.038966406242853,103.0017076844658,79.32609711209183,3,lightgbm_residual
169,1.853533283272536,2.5635411164075435,74.98835750755715,121.21945278878162,3,lightgbm_residual
170,48.972722031605294,62.74910523996912,130.7357559470855,63.9921329127146,3,lightgbm_residual
177,2.862669488829358,4.179412124521982,141.6143153869153,80.40670979309257,3,lightgbm_residual
179,3.7939213114708115,5.14248719162268,141.09578681689342,97.57440295922909,3,lightgbm_residual
181,7.396530876263301,10.946453769555369,151.10808419161575,108.34607252479361,3,lightgbm_residual
182,1.8879636371703477,2.680629948770459,92.98858493667235,111.54625400410193,3,lightgbm_residual
186,63.312060999761805,81.74018991004768,81.68250389002442,54.553924614828794,3,lightgbm_residual
188,4.484379531377094,5.649891938944267,111.50811176210136,85.82796534243626,3,lightgbm_residual
189,3.9645454886789646,5.646049197437552,162.19210048773488,112.7278992028542,3,lightgbm_residual
191,1.7384502212376587,2.3524456462293637,69.05465066052918,122.28887410000031,3,lightgbm_residual
193,2.985687043031843,4.540350805565021,86.83278783696944,78.26375809355217,3,lightgbm_residual
195,5.704403597162913,10.365589099723726,410.6612853021355,141.5775004477551,3,lightgbm_residual
196,1.5717353228069093,2.0326608235742967,74.81279916345868,116.08197206136668,3,lightgbm_residual
197,3.3650933732933006,4.217148930325711,137.9692207984264,102.17041887504331,3,lightgbm_residual
198,5.256334823821452,6.185572759926876,215.76993590554375,123.7744998325356,3,lightgbm_residual
205,1.9367788836412092,2.385338014522455,79.94087593518226,125.16116703350785,3,lightgbm_residual
209,8.908536597454335,12.257548558193722,183.79763289034315,99.44915587907401,3,lightgbm_residual
211,25.457049783186207,36.069988142753694,474.6811641193531,81.74063579450525,3,lightgbm_residual
213,1.8007874569894318,2.3372325817284656,66.20046147732748,111.2836291352019,3,lightgbm_residual
215,2.0357441944207277,2.833517634999756,85.58460551819744,106.52685991373856,3,lightgbm_residual
216,3.3149908502868883,4.081648152473883,92.57616744653504,84.76917543302856,3,lightgbm_residual
222,1.8439598931807275,2.5690749949653235,92.40122514824803,109.93600897684057,3,lightgbm_residual
223,3.791635607789406,4.8768507202799,180.19240369531678,94.6179527116753,3,lightgbm_residual
224,9.256401795031492,11.489618467968352,122.01200017401885,81.80287591623066,3,lightgbm_residual
225,5.221272994403415,6.429952955578717,154.365103576566,78.03445254041422,3,lightgbm_residual
226,6.233288257669784,8.137422889163638,105.80971787005451,62.27633858797886,3,lightgbm_residual
228,2.738105320544017,3.6243367344914708,94.25268655340608,114.03231502785668,3,lightgbm_residual
229,29.565245341241166,36.953490974708764,127.31687152416906,60.710939403323124,3,lightgbm_residual
230,59.2495184800751,82.65521490186345,64.84076450625716,55.00777812213189,3,lightgbm_residual
231,32.34331710569507,48.37461352530409,205.80925240273427,73.64248651625776,3,lightgbm_residual
232,12.147718499995086,15.03485473671054,267.63398863216383,81.9903827258765,3,lightgbm_residual
233,20.839409805378803,26.84815833179844,120.08904105781492,51.1040008632265,3,lightgbm_residual
234,54.5831134957395,78.34859028883479,383.3807901331153,70.56256406917618,3,lightgbm_residual
235,1.8028315198366947,2.3007291258528406,85.4775138043436,119.24548499237096,3,lightgbm_residual
236,89.56741805423083,137.6217293142392,109.06953168114993,64.20128219013797,3,lightgbm_residual
237,76.46124075286518,115.17167801542983,130.0556804986355,62.278614819630626,3,lightgbm_residual
238,32.02721170061734,45.33185076013567,85.56740005157111,50.25635266218168,3,lightgbm_residual
239,45.26748938450586,62.92885156665354,162.76964637591476,57.712446821193,3,lightgbm_residual
243,5.033606331140428,6.2567060738664475,148.640186049573,83.92987222104442,3,lightgbm_residual
244,6.867667835327211,8.633916851281798,77.86064308333236,62.93685354777541,3,lightgbm_residual
246,42.34396048627898,57.934934135705355,211.9499233796558,61.04276989750981,3,lightgbm_residual
247,2.5893311296132917,3.3958031151331727,130.7475211751821,106.52446023103944,3,lightgbm_residual
249,61.74725280496904,129.2530507392647,307.87585857371556,77.8686190384753,3,lightgbm_residual
254,1.9439340584758114,2.7499743533530667,74.73018122509501,122.87384867159626,3,lightgbm_residual
255,24.41136694757297,34.259728546953426,1258.9881643174745,139.36621270635263,3,lightgbm_residual
256,16.448175857240997,21.271896137736864,725.8984108180464,129.87201866533084,3,lightgbm_residual
258,2.202551495659177,2.8052355504029336,111.50835434315131,133.77358639343313,3,lightgbm_residual
260,3.000600207297502,4.22038190637867,150.40503395653732,81.28423336713625,3,lightgbm_residual
261,10.752280105126992,13.318502450364882,160.21845968066734,68.63387595703365,3,lightgbm_residual
262,27.037217232574033,40.721783980173036,101.57809031828042,54.473675555080035,3,lightgbm_residual
263,37.20378974754619,47.92898809853512,227.87755773404365,57.89091058954284,3,lightgbm_residual
264,3.061328425938644,4.074602819190484,54.620630891309204,78.82636599390274,3,lightgbm_residual
265,2.8855807682729804,3.6013428136065913,193.4949120631613,109.07113467614455,3,lightgbm_residual
4,40.34203924507994,51.5887070191816,524.3530929251519,140.30934225046056,4,lightgbm_residual
7,31.70017820087944,38.858767678237335,681.2982900658125,142.46224359390501,4,lightgbm_residual
10,2.5226772591490665,3.4205874153026694,102.9384485269276,82.70004773061761,4,lightgbm_residual
12,2.1740815961316393,3.083788829092429,172.44944133263553,119.13360010001965,4,lightgbm_residual
13,17.978865117563654,24.6646721085894,72.18631377390791,82.17626266328716,4,lightgbm_residual
14,3.071042326540697,3.845256141699492,125.38305937474459,107.44869181721054,4,lightgbm_residual
17,11.755413443752857,17.41945760287152,334.59968294188513,112.49950186377764,4,lightgbm_residual
24,13.163018187970541,18.743851840960023,128.45330269297824,82.16371125362349,4,lightgbm_residual
25,23.100094874885244,33.10914242889883,807.2392100954323,140.42123601408625,4,lightgbm_residual
26,1.9043769083809987,2.391095445324938,105.43367419806948,105.17862365492279,4,lightgbm_residual
28,1.9282646354985211,2.7018556984211597,84.24834857484804,101.33962073748664,4,lightgbm_residual
33,8.057753126282313,10.38721726325974,197.86351175263502,119.0032607282357,4,lightgbm_residual
35,3.643061111892806,5.284925916329056,95.3916463474594,90.16344238238393,4,lightgbm_residual
36,23.06951541757356,29.759106077769324,1186.1211126474202,170.55867467642076,4,lightgbm_residual
37,26.35216297692158,33.76159615722994,437.22876690257584,133.4886579550815,4,lightgbm_residual
39,3.268558993123092,4.666115351007804,80.14902319155,82.64271138876843,4,lightgbm_residual
40,2.460685680240552,3.2272904507631375,144.18783165206895,118.60889739839409,4,lightgbm_residual
41,28.13487929307143,40.017235914882185,140.49447647785613,83.36753119714531,4,lightgbm_residual
42,23.567161009166224,34.050814511504576,185.6191114724278,83.71052145385023,4,lightgbm_residual
43,25.046631635316402,35.171519629060064,84.73259586040578,75.96599227086915,4,lightgbm_residual
45,23.799167344195627,34.20570163325851,318.37168641442173,122.74413754195638,4,lightgbm_residual
48,53.30056203293692,74.0346592861815,114.58825577431607,49.02504673453115,4,lightgbm_residual
49,8.490879257254447,11.638083365468542,182.6278130163708,111.3679130049389,4,lightgbm_residual
50,28.641942633280365,37.77995663696723,114.88765735168336,70.37602260169405,4,lightgbm_residual
51,2.3265533534405596,3.053440336923699,88.67627442630366,111.77752926833841,4,lightgbm_residual
52,2.2369994934952415,2.7449277664752705,145.55637381383482,117.81970803517079,4,lightgbm_residual
55,2.327256873682874,3.037870162603308,103.03445013933923,102.57534986366416,4,lightgbm_residual
56,2.79353737131871,3.457404112631523,143.31842900167666,128.15417655180045,4,lightgbm_residual
61,13.163697639200654,18.777190724639024,182.00225336669266,88.08800747245577,4,lightgbm_residual
62,2.4304576585791255,3.1042440007987486,103.1967321665881,90.7794119151232,4,lightgbm_residual
63,2.7967686085728336,3.4609959294115913,119.46332348817563,126.54635490470064,4,lightgbm_residual
65,8.228335171113292,11.20064577996516,268.61726824610764,97.47325513058183,4,lightgbm_residual
66,13.082267058059719,20.408439894249,465.16814698342176,106.90792731109919,4,lightgbm_residual
68,42.83111094951516,55.88369074517954,160.8163084030548,49.267507630561,4,lightgbm_residual
69,2.320690393989382,2.8655112234709073,96.48473468032032,94.52910623565081,4,lightgbm_residual
70,20.78720080395248,28.53582213036243,297.95013330896666,125.3554854910261,4,lightgbm_residual
71,2.9456164494492234,4.135089160167712,80.09249827503791,94.50405294523107,4,lightgbm_residual
72,3.437327412899356,4.720324383730747,104.84310008179567,100.1292216568653,4,lightgbm_residual
74,21.897675971701407,29.81604574140208,150.50594930164596,87.20377685674207,4,lightgbm_residual
75,22.24179091928805,28.32291674707626,161.84391349849008,66.04988389596342,4,lightgbm_residual
76,5.714206302996722,7.757656168175774,113.07881302707148,75.10606633890451,4,lightgbm_residual
77,2.2228337299893197,2.8332929498467783,97.57529831312071,100.29875352110734,4,lightgbm_residual
78,2.3239429692671982,2.887036662744652,133.54365230091864,121.62040793900894,4,lightgbm_residual
79,107.7193862976311,214.4602455374705,440.4657509253343,69.19186871204865,4,lightgbm_residual
80,25.408216211124564,32.29327326670513,1066.0976507168643,155.7482298213698,4,lightgbm_residual
82,4.909930966556249,6.48073799176363,219.93141407377692,103.3179459477483,4,lightgbm_residual
83,2.317132920809131,2.9211463682250045,134.017487804326,127.22253087478487,4,lightgbm_residual
85,2.228790810734119,2.934667200011182,118.31143653653604,94.87215720934046,4,lightgbm_residual
86,1.8170702890689683,2.2310299958693647,87.65071119779958,107.78360144374763,4,lightgbm_residual
87,35.90264299109422,48.20669992187974,442.858651198607,114.0801715191581,4,lightgbm_residual
88,27.897916975810602,36.293126257709766,494.4552891985813,115.94845411400381,4,lightgbm_residual
89,7.209233054485693,9.701915183667683,216.80592700971442,107.98323202778222,4,lightgbm_residual
90,43.4335028682014,59.8407396785224,214.39581100361153,62.895072643453325,4,lightgbm_residual
91,3.0707059880146303,4.37318676322667,84.4038359364935,91.85478953637528,4,lightgbm_residual
92,4.579908170501624,6.123224806848044,360.83845027869137,134.11815831507678,4,lightgbm_residual
95,7.084713466541039,9.630080671061686,205.52875954736538,123.44116032540929,4,lightgbm_residual
97,19.876768705309875,26.178080341428394,402.1198053315847,128.7375211109559,4,lightgbm_residual
100,39.84201335778007,47.43751126002148,117.15128061986499,64.19912723191153,4,lightgbm_residual
106,3.291095351216999,4.205980311298176,258.6952287917879,135.521605062679,4,lightgbm_residual
107,40.02295251902151,54.568023424134836,178.04485805560086,64.26970478929194,4,lightgbm_residual
112,30.46954065366923,39.663462686323136,1021.6304401485581,157.49099544366322,4,lightgbm_residual
113,37.71731428895552,50.45976105374293,581.4209008430743,67.2389507204649,4,lightgbm_residual
114,62.79213791942171,107.52635105566266,541.7054043568533,91.19582426991794,4,lightgbm_residual
116,15.674475650634534,22.47926548065383,275.096917766047,92.26558637358487,4,lightgbm_residual
117,1.89189845173638,2.5174776197968995,73.18387004249858,103.1005137998067,4,lightgbm_residual
119,2.128968966933895,2.75164569316863,68.62291402111516,136.0387925480488,4,lightgbm_residual
125,26.12939018058363,34.54786090184719,385.12996484968835,105.46733302628247,4,lightgbm_residual
127,2.6286751647014506,3.63404931221196,103.18123081183693,101.25116231084945,4,lightgbm_residual
129,14.381248544412108,19.367336157061562,407.6849743192077,118.002514352567,4,lightgbm_residual
130,13.939539674167603,19.43860769588531,499.86194715550505,143.08951954517315,4,lightgbm_residual
132,64.51598945189428,80.65211412212825,95.73666403673356,38.15753361901698,4,lightgbm_residual
134,1.9133244000586596,2.4436824776885784,118.02858794182552,106.45883425353672,4,lightgbm_residual
137,49.065209256970945,57.417049573278945,299.2579050044437,86.98205196470461,4,lightgbm_residual
138,117.78325982953076,141.27604580398224,1027.2071272921442,99.58443801079098,4,lightgbm_residual
140,38.9496811469155,56.944779272970116,49.482494984470634,54.43035766068129,4,lightgbm_residual
141,43.16114651146182,52.187181162550786,147.92615379142165,57.78504860144189,4,lightgbm_residual
142,56.57714366690735,77.70778407104588,231.68782604203747,57.44686095225412,4,lightgbm_residual
143,25.527011653151977,35.862886710792814,75.30573983170287,54.56586541292497,4,lightgbm_residual
144,61.49211976669025,86.99716904630262,671.6418847773086,98.50576115753115,4,lightgbm_residual
145,31.096268741474503,40.44618810890379,468.195631396529,137.9586613664563,4,lightgbm_residual
146,11.642933359910563,15.81934366844851,336.35658827748887,117.79217977212187,4,lightgbm_residual
148,80.89496832519954,137.54657126130408,941.0711102581354,108.09977488979241,4,lightgbm_residual
151,20.75394124487924,29.806895543080284,95.02016193029422,57.36476373535532,4,lightgbm_residual
152,3.9648041342522373,5.170298703903168,93.6292806495734,76.08597814714184,4,lightgbm_residual
155,1.7514606476780283,2.2909629177972075,64.00529472751637,96.18497648410853,4,lightgbm_residual
157,7.926768193589235,10.669421435497805,490.6078068650216,144.85401422143434,4,lightgbm_residual
158,49.55784928918209,66.61042489383088,526.801486759718,106.62742863713225,4,lightgbm_residual
159,2.176708562282973,2.5615329205587796,133.5786425070613,99.30751937746282,4,lightgbm_residual
161,98.13693950501744,142.35601556418018,81.55504212702267,64.07317386659257,4,lightgbm_residual
162,48.75513034928818,63.98477453928142,79.65008528752898,52.22962968208996,4,lightgbm_residual
163,37.22368345701134,51.32498206746708,96.75310477837814,55.5567406008351,4,lightgbm_residual
164,41.44006364378352,60.27081004444712,262.4390877994743,57.47935315267981,4,lightgbm_residual
165,2.3157301777283066,3.143261915393699,83.14302340267128,104.1742536116102,4,lightgbm_residual
166,22.785538227128665,29.99688011777428,82.41974924793743,67.3478762670638,4,lightgbm_residual
167,2.4223657257340485,2.9564216423175873,102.19078585003784,115.89267993925468,4,lightgbm_residual
168,5.44227251143938,7.156212774156649,250.52894042457066,121.60070899492375,4,lightgbm_residual
169,1.6037081341868105,2.1269979967622183,113.71345068215923,100.07313536626522,4,lightgbm_residual
170,38.96645930726732,50.21761917975289,234.8952810621312,53.46172126618594,4,lightgbm_residual
177,5.796948076092183,8.713586452184236,241.8123588182863,105.84077813351212,4,lightgbm_residual
179,6.941976004680138,9.90453172458775,213.57061200563155,108.57750157612634,4,lightgbm_residual
181,23.72944652373948,34.8757202190335,625.4458502561794,144.55653851307633,4,lightgbm_residual
182,1.9362215299236467,2.601770735496621,80.8576977438509,111.65952964800995,4,lightgbm_residual
186,77.40422073564405,99.40325511635697,114.55209782441347,55.58746639063248,4,lightgbm_residual
188,8.65400392301452,11.573859985131302,206.4607999609692,108.32533524370943,4,lightgbm_residual
189,7.151823044183016,9.99650376928911,537.1871656175539,136.7122172687932,4,lightgbm_residual
191,1.9344030818750835,2.6107002063685028,102.70177369330342,103.92934616338637,4,lightgbm_residual
193,4.483008513176812,6.028347200571536,182.22201684089347,95.460726392539,4,lightgbm_residual
195,5.7205024653470415,10.734310147240487,426.18514357238524,128.49719049341346,4,lightgbm_residual
196,1.9255495737649282,2.4655461645498264,122.23465799405476,107.53276273879533,4,lightgbm_residual
197,3.1922049059197195,4.013847824132425,118.05367967165516,109.20340566579948,4,lightgbm_residual
198,10.766207021316617,14.302126399033696,634.7976667162692,155.51356939006504,4,lightgbm_residual
205,2.0632048771809592,2.9912955374761445,75.68642009961893,115.66186597345926,4,lightgbm_residual
209,24.194534063138395,35.59157913497641,473.59557445831354,124.08845751373093,4,lightgbm_residual
211,40.58830035608466,53.53811850188754,621.660331346871,101.87314809786689,4,lightgbm_residual
213,2.5287598021385795,3.24605040316697,105.10398367643197,106.02782593998757,4,lightgbm_residual
215,2.3787352100897117,3.229770445760732,87.95925070763951,106.07731952770037,4,lightgbm_residual
216,4.9008576714822425,5.920060172027685,157.76561166791143,102.74247093937929,4,lightgbm_residual
222,2.227998093921204,3.249642080866338,114.79255608228829,119.89342599239778,4,lightgbm_residual
223,6.792065480072787,9.050909639591602,228.95407766831664,115.12959331504244,4,lightgbm_residual
224,13.841108520561933,19.02564430368736,262.51508632813335,100.52429811585107,4,lightgbm_residual
225,9.00203893465373,12.143078385900314,263.521205626477,104.24253718883942,4,lightgbm_residual
226,15.8678145429677,20.435445920197502,225.37253614661742,101.79945676297193,4,lightgbm_residual
228,4.625830861005358,6.2669948690732395,196.33140923814037,118.5831257089825,4,lightgbm_residual
229,41.98392884181004,52.84677163151677,107.23648781879089,66.70185892585346,4,lightgbm_residual
230,50.80819006028194,70.36858196666624,76.5670022108035,47.43426097690104,4,lightgbm_residual
231,30.797029813153216,41.95254192627042,608.0269408119527,69.22355667845048,4,lightgbm_residual
232,25.76906780550245,33.9942950561025,294.36203712848277,115.62596738107294,4,lightgbm_residual
233,26.917886283014358,35.16889206176692,91.13461458659759,65.19846612406938,4,lightgbm_residual
234,38.814382770988466,57.76411299889041,521.9662026759951,57.172126972338695,4,lightgbm_residual
235,2.042210626866911,2.601039059758757,111.58520755387637,108.74053618162094,4,lightgbm_residual
236,51.50739868350275,79.63086393274676,57.16995430012689,55.127892879513716,4,lightgbm_residual
237,60.63067390478417,80.40892588846305,140.96846842218235,57.63502781392197,4,lightgbm_residual
238,31.202449419046562,41.00569609446338,52.698245371749486,52.018204923632176,4,lightgbm_residual
239,49.216436193691415,63.296328857347234,136.0209551565149,63.180313973713915,4,lightgbm_residual
243,6.423355865122165,8.444738268790774,161.18490867069147,96.42687368888924,4,lightgbm_residual
244,14.25092991578667,19.150521322080397,143.4837786048318,95.50817197223127,4,lightgbm_residual
246,38.21476207763561,47.059019845872314,346.9739887625684,63.67716754293759,4,lightgbm_residual
247,2.5335421534806604,3.1725964292234345,126.47774757473802,108.04816075975667,4,lightgbm_residual
249,69.12583861706126,129.52382393340517,243.78064227107515,76.28611027712945,4,lightgbm_residual
254,2.170362527823553,2.850100970365296,111.54860318468778,109.37736074392558,4,lightgbm_residual
255,42.339499849379955,53.810553033618085,1451.7879768798462,152.887145623216,4,lightgbm_residual
256,35.9704660792978,46.44450782625422,1406.6047550110263,158.25253824441637,4,lightgbm_residual
258,2.1357885686000198,2.7493494584642426,103.36608646316296,121.91258145775369,4,lightgbm_residual
260,13.728872191011073,20.170131312482184,509.97270583143904,143.38214155779914,4,lightgbm_residual
261,19.759829235178213,30.46537494259717,220.07912077897765,92.99882949265744,4,lightgbm_residual
262,27.41872862490494,39.39780237008755,63.92633433492369,55.60365336841991,4,lightgbm_residual
263,52.132126878300106,64.47667186677496,223.8921885709032,71.65437254128332,4,lightgbm_residual
264,2.681070627944617,3.3449670022815874,82.67451910549647,65.8238665820244,4,lightgbm_residual
265,3.3776460557768035,4.237688401737903,216.54107496452758,128.25875836939542,4,lightgbm_residual
4,25.333530533828963,35.91339871575827,484.91780904209605,93.65325279197594,5,lightgbm_residual
7,12.578755122517093,15.251841546081113,257.8735781727842,92.44743588484198,5,lightgbm_residual
10,2.6521689518968654,3.5111229585613706,101.28096234381003,97.24216488419542,5,lightgbm_residual
12,1.7121882143679095,2.4562580367104654,62.66877295858143,113.0069756172835,5,lightgbm_residual
13,14.755532705726345,23.941919625256904,91.66254724674215,78.25653847567057,5,lightgbm_residual
14,1.9005881244627465,2.4148498180728493,78.95203110688628,93.92179954081782,5,lightgbm_residual
17,7.559095466231309,11.340393215131206,208.03918111311154,90.42120241442535,5,lightgbm_residual
24,5.777405698257948,7.217187820415917,85.39308740999716,52.41376419759526,5,lightgbm_residual
25,8.976681967646636,11.065382452851832,253.9885823084235,104.453127543191,5,lightgbm_residual
26,1.4779549050377294,1.875901647258956,69.54983767333745,113.8518015273274,5,lightgbm_residual
28,1.8469601088866128,2.1414130353433554,90.4089018221433,119.8848456969924,5,lightgbm_residual
33,3.13139503518282,4.197146763737448,70.58652902707382,76.98846607016384,5,lightgbm_residual
35,2.913951976207985,3.908874917371635,118.37609327392855,95.38022037444512,5,lightgbm_residual
36,12.662702803206662,16.84234461263085,736.9729896288093,131.88742271983472,5,lightgbm_residual
37,14.498387089417976,19.25317266257881,630.1278900062377,110.6668675587498,5,lightgbm_residual
39,3.442520072067447,4.876299017838928,88.92975857579178,88.4076973127877,5,lightgbm_residual
40,2.0440648483981687,2.5513868690823696,140.60157754575013,122.54586247368361,5,lightgbm_residual
41,15.710954027293633,20.58524880698181,80.28988045988625,56.80285835282885,5,lightgbm_residual
42,10.922493268097233,15.142125032067579,85.42687626295931,61.58426629948815,5,lightgbm_residual
43,17.451099454923916,23.64404386765762,39.86809232369307,54.4721813883865,5,lightgbm_residual
45,12.08273857656276,16.067908847971044,239.48714366040136,85.50582393810488,5,lightgbm_residual
48,44.40965165458283,60.38722002216676,109.3060471957816,45.555606190165896,5,lightgbm_residual
49,4.285062305919307,5.964383244126652,112.42266528844608,90.54895444726577,5,lightgbm_residual
50,14.011232030871517,17.61179737089909,238.38883784462433,53.493279549460844,5,lightgbm_residual
51,2.0652919480448513,2.833411914353417,77.50192880872248,112.7381538921414,5,lightgbm_residual
52,1.9448761451994343,2.330243254658166,126.78109385116032,122.78765739900648,5,lightgbm_residual
55,1.7831969007301895,2.866355106344536,59.47204824379102,93.88584890507087,5,lightgbm_residual
56,1.4735376895777996,1.7622578319034308,103.64239305755135,95.46228987458801,5,lightgbm_residual
61,6.076036670586466,7.852181739075337,99.84846411754359,71.38895594149325,5,lightgbm_residual
62,2.3529604311770016,3.2060053498980263,119.71694686216357,95.75416842967418,5,lightgbm_residual
63,1.8778255680121954,2.3516838087967074,82.06645669743362,114.67090708922274,5,lightgbm_residual
65,4.1762401749251925,5.596679383996091,96.08961697488849,74.36221507930719,5,lightgbm_residual
66,5.934215294377286,7.931159530721143,239.5400804490104,105.77375400561498,5,lightgbm_residual
68,34.75595330486987,45.21258383868085,119.74730188279861,42.25321158942613,5,lightgbm_residual
69,2.1339976440929926,2.958113700420178,127.93243327414669,97.05285854713422,5,lightgbm_residual
70,13.387494814569175,17.842161434956008,160.0644850936546,89.4982915398718,5,lightgbm_residual
71,2.6088633462639637,3.4952321817142753,71.6161023912334,93.6340127151994,5,lightgbm_residual
72,3.1455050277584298,4.094473155622297,121.44647527850816,88.92888521392717,5,lightgbm_residual
74,10.263119821466855,12.77970930759487,67.19876878857059,50.24740348615669,5,lightgbm_residual
75,11.637157926329792,17.265287641876736,37.303065725805865,34.62582905137321,5,lightgbm_residual
76,4.712621768072251,7.641485053803192,73.37113946095741,70.54389267041488,5,lightgbm_residual
77,1.8256700960680237,2.270948327086468,95.6617271123531,102.24813722886768,5,lightgbm_residual
78,1.625491037310997,2.049465621386292,76.6037667111518,110.30849383539345,5,lightgbm_residual
79,102.19143563768449,219.33056247545994,345.91370536851065,62.929940057105476,5,lightgbm_residual
80,15.757375312177318,19.002614799443414,705.032247713898,125.14453916736181,5,lightgbm_residual
82,3.10722836213983,4.089731763936657,200.55712148479188,86.59436424429624,5,lightgbm_residual
83,1.8727841740929136,2.140633539053595,145.05371384534195,113.40458522754739,5,lightgbm_residual
85,2.047911900061977,2.612354369228328,112.58266802395973,109.76887053428915,5,lightgbm_residual
86,1.5138980091568095,2.0099521915647585,67.83533917031177,98.96078596236346,5,lightgbm_residual
87,13.572256071330282,20.686748885216986,185.47651697709435,53.595889142345776,5,lightgbm_residual
88,10.275715976022475,14.40016603732125,195.50273992660345,70.17115809903167,5,lightgbm_residual
89,3.0367934361874833,4.532058192943159,61.637159339819746,73.5587720190269,5,lightgbm_residual
90,29.116825293459453,49.13914443434286,350.388379796984,51.19761338799191,5,lightgbm_residual
91,2.5963433392153523,3.6315733785805757,81.69315881887061,91.61263708668169,5,lightgbm_residual
92,2.6800484559005704,3.345037596981128,143.2257660823295,120.05692515475175,5,lightgbm_residual
95,2.24275372084944,2.9332692866585455,78.58260960692141,87.53498587108665,5,lightgbm_residual
97,7.253840821767082,9.074198563968444,158.4420461379575,91.82821629188886,5,lightgbm_residual
100,27.18513379238375,33.71112056963624,105.47102498874833,50.98505672707734,5,lightgbm_residual
106,2.576117297417066,3.675781170788833,112.60759899039145,149.35806165154364,5,lightgbm_residual
107,32.8806231858404,48.66519839492741,147.81088377697262,58.006555378667365,5,lightgbm_residual
112,14.710390924659002,18.32499496485171,609.1133025907004,119.79939551902727,5,lightgbm_residual
113,26.324448755143568,44.11710200080252,233.44688240527378,54.18986391960897,5,lightgbm_residual
114,51.80378385342328,107.35088123940623,318.5781850464383,74.00540098352711,5,lightgbm_residual
116,6.911752169941426,9.999666264055138,70.7635962405669,60.51335816336884,5,lightgbm_residual
117,1.6650903850326433,2.072685406709235,66.65287525233894,112.92151481984065,5,lightgbm_residual
119,1.9349465663750498,2.72061888940107,116.07250089623327,116.83669225854503,5,lightgbm_residual
125,11.570943879608803,16.242526623364867,377.0209324419423,68.02993674939864,5,lightgbm_residual
127,1.7761778282492313,2.769920007792451,110.3334433144703,84.28288993121373,5,lightgbm_residual
129,4.486056273234246,5.663357005525513,143.72232412033406,71.63704333860677,5,lightgbm_residual
130,4.897711078805933,6.823663987375139,229.56060249070848,89.73450884129518,5,lightgbm_residual
132,67.34883625042453,81.09515622778792,73.23776526649701,41.077940819771364,5,lightgbm_residual
134,1.4346720699921887,1.7834734885245918,67.6749019791179,113.15706563544285,5,lightgbm_residual
137,21.77968703472531,29.052447981880093,95.92808471400888,48.6402110050449,5,lightgbm_residual
138,55.441674160651864,71.50824583378109,100.99289335788153,51.15647738018826,5,lightgbm_residual
140,35.15123465639784,49.922650828465656,55.06129491616808,47.8764689624774,5,lightgbm_residual
141,29.940007935862013,38.75214909013798,79.75341872801374,49.74607423961883,5,lightgbm_residual
142,43.01843106569677,65.84676817452142,60.96205684323888,52.00996044701525,5,lightgbm_residual
143,20.677303723792562,33.64957171806063,86.98078752024257,52.49099437615982,5,lightgbm_residual
144,55.41017877177067,88.23171463715015,728.5636073859787,82.19672446450097,5,lightgbm_residual
145,11.220880122132224,13.53687378477396,277.5570375617577,93.46601399287734,5,lightgbm_residual
146,5.03541905982254,6.185308741811348,207.96757745943185,99.50353854288073,5,lightgbm_residual
148,72.76189807079363,145.601585257645,711.731767786457,80.37384112814347,5,lightgbm_residual
151,12.961583488152504,17.98562460501838,61.250501748111176,40.10849932764104,5,lightgbm_residual
152,4.917224089000949,6.5185181712986475,99.87303990631624,76.41878954551765,5,lightgbm_residual
155,1.2777160662881617,1.7258186077757676,68.91395448829887,91.22049550603022,5,lightgbm_residual
157,8.943318878487716,17.7681215920038,251.1473408263265,146.08499628850723,5,lightgbm_residual
158,28.52447965532643,53.51047779815384,725.3477578522318,71.82086625891183,5,lightgbm_residual
159,1.8289238371322962,2.5791894306789698,103.76830704826486,95.25049555784653,5,lightgbm_residual
161,72.64953162399338,110.32329024225477,56.19552892644953,53.01950541747132,5,lightgbm_residual
162,38.973006104398486,54.416539659762535,52.887931129883604,46.525679889128696,5,lightgbm_residual
163,29.07952397131469,38.50144674806947,54.67420434933439,43.27685664695638,5,lightgbm_residual
164,26.57547068698182,40.106720118766816,217.34416519496614,49.43252556852497,5,lightgbm_residual
165,1.5664748468942291,1.9952454766333934,78.74186237173087,113.19840129608872,5,lightgbm_residual
166,10.551608096978386,14.171612553579383,76.98773065780104,43.25138873602993,5,lightgbm_residual
167,1.7732157399544157,2.483902607423439,63.3957168097413,120.31142876784736,5,lightgbm_residual
168,2.844331761517553,3.685818877526247,136.2580747147788,81.26737604106677,5,lightgbm_residual
169,1.86046580733763,2.415040284324038,125.17821846309789,112.88628012551912,5,lightgbm_residual
170,32.67823779941841,43.67409753462741,95.49111440424447,51.054953464396895,5,lightgbm_residual
177,4.697995781024993,6.007671369238479,164.41538488929763,115.44548663582334,5,lightgbm_residual
179,3.4139966218701137,4.175384412182046,139.84623773752443,86.15738090340868,5,lightgbm_residual
181,7.5964593710695105,10.12513591111425,288.2085779795097,105.65777834226112,5,lightgbm_residual
182,2.0016640591631454,2.8657070355524037,104.51410633799698,115.7913375628217,5,lightgbm_residual
186,73.4197139650696,84.8434694046224,76.15286427241602,57.02121330326188,5,lightgbm_residual
188,3.605363974526393,4.508167173046927,56.030295843781744,83.22317334124713,5,lightgbm_residual
189,2.98983473045609,4.15644379045745,180.1955862797057,100.62035780884439,5,lightgbm_residual
191,1.8525265916838152,2.37416036031749,119.11489323875968,103.26535249066028,5,lightgbm_residual
193,2.7081048878060208,3.4880773430638126,95.47719398496076,100.51293969963798,5,lightgbm_residual
195,5.415700471791825,9.569642404415452,363.9284064448807,141.71310134296823,5,lightgbm_residual
196,1.742920713231248,2.2354335230588283,96.59409629816975,113.10206859503568,5,lightgbm_residual
197,3.4490397407656714,4.170397128916234,131.33361397276678,105.29745211825252,5,lightgbm_residual
198,3.7782919804152044,5.5529225723050075,212.36558442635146,113.96394743743862,5,lightgbm_residual
205,1.9753060238270848,2.999623279101368,83.12904532066047,98.73590354924283,5,lightgbm_residual
209,13.296743184827639,16.151561406847694,330.4855932441464,100.14565592589582,5,lightgbm_residual
211,29.036345865206894,40.578161654762944,518.5776517577092,83.75607547670474,5,lightgbm_residual
213,1.7995280356281114,2.309836033393162,80.18805978982554,90.66115571993213,5,lightgbm_residual
215,2.1738322651793522,2.9159646684015423,124.60191575222915,96.00020318441268,5,lightgbm_residual
216,3.1868975145483986,3.937090962229013,152.7319932789541,77.7286756601613,5,lightgbm_residual
222,1.6195067456540053,2.6143987713098347,90.25861785705234,106.052992616369,5,lightgbm_residual
223,2.7514212222715333,3.44666292492522,143.0898008075727,83.22635276566082,5,lightgbm_residual
224,10.197804383559886,12.58204389726441,215.05516294656545,73.94127852009528,5,lightgbm_residual
225,5.418015418962408,6.9700937677699395,150.98342059326694,95.08552846726514,5,lightgbm_residual
226,4.331471802620454,5.554048651610177,114.4469668611557,56.605480841541855,5,lightgbm_residual
228,3.0565247933929505,4.788040123534045,124.43109899160424,98.37568114908636,5,lightgbm_residual
229,26.19353126484229,33.68659333312503,100.42247400781079,51.33564599066924,5,lightgbm_residual
230,48.03860570304417,74.88452231705269,66.49308473114472,49.59056308838739,5,lightgbm_residual
231,21.278250043649226,35.40904135835673,235.2966483939546,54.20277366047608,5,lightgbm_residual
232,13.76173744966061,16.957765763722406,202.60578229340607,79.08192993792223,5,lightgbm_residual
233,14.120171658058036,18.195913123046367,86.79612445272168,45.16449957818028,5,lightgbm_residual
234,36.15482752414416,52.44596861137081,292.28747592958405,54.474207146583545,5,lightgbm_residual
235,1.7742524459605475,2.3186469531246354,105.69164762056789,105.29220620875996,5,lightgbm_residual
236,49.889345986706495,77.20759994632158,61.769010443130576,50.56425287907215,5,lightgbm_residual
237,67.43525960128909,85.35542996332973,49.25432303099998,57.77872037692189,5,lightgbm_residual
238,19.52776984053244,26.891530993987583,60.12602491590614,36.40656802065024,5,lightgbm_residual
239,27.214458203767943,36.92579604614526,75.30389936972354,50.79824328169124,5,lightgbm_residual
243,3.9510295473553962,4.706207522543883,96.78744167425343,94.65049719031629,5,lightgbm_residual
244,6.186426707589056,8.29539996383525,54.06636318174699,63.147857451474785,5,lightgbm_residual
246,28.526019575157715,38.64364635149267,191.6846263269441,52.88961052872903,5,lightgbm_residual
247,2.409936597352453,3.176429398506795,100.30936731772073,90.11705691306493,5,lightgbm_residual
249,60.762046778227166,126.55723817382894,247.26343624728125,62.96279404071695,5,lightgbm_residual
254,2.113440735668725,2.817181523769685,124.34521640747292,115.83107685996804,5,lightgbm_residual
255,29.812195165889943,38.31203003382162,731.1781960899591,150.1278146763107,5,lightgbm_residual
256,20.26593047656182,24.306891351694563,884.3596436700077,131.51500903445245,5,lightgbm_residual
258,2.3007150943144654,3.049153671522848,140.8451790188139,128.221845101898,5,lightgbm_residual
260,2.074972209068773,2.6477616935732353,100.92525449871368,78.34542999350455,5,lightgbm_residual
261,8.181932861013703,10.29318367812971,114.013987725936,62.146928151475,5,lightgbm_residual
262,25.646998750094692,44.03271352025313,67.39181371125781,51.632857562318236,5,lightgbm_residual
263,34.47009934102608,42.931608214745815,124.56393446002,55.25388029874778,5,lightgbm_residual
264,4.861558444458223,6.763905698851819,150.05819503444587,79.45943431159033,5,lightgbm_residual
265,2.29201434789624,2.9950026840638566,108.37143129310476,91.38629570527246,5,lightgbm_residual
4,18.88954702866399,26.353380840749473,256.7758197603572,87.14235758059881,6,lightgbm_residual
7,5.995479035485012,7.76834120146205,112.26653458992179,65.34673524128887,6,lightgbm_residual
10,2.2247930725594673,3.0453179320572445,89.53336830698575,97.01953266742726,6,lightgbm_residual
12,1.6802308153720282,2.5467747782759464,56.465343977528846,120.49720094387514,6,lightgbm_residual
13,15.318779777792868,23.72594644401978,57.45660634010061,76.48189808529591,6,lightgbm_residual
14,2.153110165959891,2.7200679494214706,83.30095154919964,119.44950542081114,6,lightgbm_residual
17,3.4436320371902376,4.478081936329666,116.0593070044563,74.04168225200254,6,lightgbm_residual
24,7.384444942256579,9.585543763884987,73.5354979900069,53.55344810303169,6,lightgbm_residual
25,5.998519228642916,8.321760368892544,198.0660067875025,92.88346274876251,6,lightgbm_residual
26,1.3551332755646717,1.8555590974880798,104.33970257050582,110.6474625279963,6,lightgbm_residual
28,1.6941524473673215,2.1321754904035526,99.33559881204616,124.22967582661897,6,lightgbm_residual
33,3.8800209254728024,5.38426433629643,123.45926089001296,83.53598584204254,6,lightgbm_residual
35,3.2174418856282636,4.087118277465553,108.12980827097158,91.88978392122709,6,lightgbm_residual
36,8.312739554390623,11.349975814379984,526.2188074319066,133.36105945770478,6,lightgbm_residual
37,8.20488374862892,11.30415027285696,433.8680155701422,87.21972428388479,6,lightgbm_residual
39,3.55564866539572,4.748582413558547,126.06325902328007,82.81505171579376,6,lightgbm_residual
40,1.993536267269486,3.012183745688253,102.92091212870515,112.57073690378077,6,lightgbm_residual
41,12.728427670475057,18.00627735568786,90.13032354350618,56.72731414375812,6,lightgbm_residual
42,10.741878713675879,15.072056066009216,116.3307375702491,62.22951149470057,6,lightgbm_residual
43,21.461974522977233,31.057646813283682,60.46982005246711,56.58982805157899,6,lightgbm_residual
45,8.820046421833249,11.080320254979588,160.01183752627125,81.49607017745929,6,lightgbm_residual
48,40.912337217621705,55.24511032915442,68.03262474009027,44.50515206650618,6,lightgbm_residual
49,3.648840608510136,5.703775395516275,165.77079159586165,76.9767169003381,6,lightgbm_residual
50,12.175131806388672,15.886176593379577,105.70872546278545,56.15965952190709,6,lightgbm_residual
51,2.246614090006766,2.966869218250756,124.00205984355846,118.4161756946984,6,lightgbm_residual
52,1.7548297630145715,2.20123897780814,89.21795448362133,111.12778713630996,6,lightgbm_residual
55,1.530337251595722,2.1386082063849616,84.46005075082616,102.77110499156042,6,lightgbm_residual
56,1.2300004924978782,1.6694803329197503,69.08180746831817,120.7702913225075,6,lightgbm_residual
61,7.044053618669899,9.590851065322601,172.33859923607375,79.16630307074719,6,lightgbm_residual
62,2.0247827265634224,2.701496057864641,85.29399073681512,107.96428613490598,6,lightgbm_residual
63,1.6850480569012707,2.1360233855947306,104.63544236705333,107.5349421867902,6,lightgbm_residual
65,3.3923995399346403,4.736514837793609,94.01777306161281,81.69491718467837,6,lightgbm_residual
66,4.339441500958711,6.316728825919971,137.05330489547256,82.44697350361263,6,lightgbm_residual
68,28.63156860462736,36.539629128847444,222.41481209462108,39.6253834356626,6,lightgbm_residual
69,2.3151485413864017,3.0146649490368373,82.3884900011375,103.40796781734969,6,lightgbm_residual
70,8.555016690345093,12.68621470754567,124.1563617388043,65.81541194486229,6,lightgbm_residual
71,1.6776417616488706,2.2422330808739006,67.49207387957185,80.57265109111079,6,lightgbm_residual
72,2.547613656945322,3.601478055633305,76.00888915461262,108.43291884434792,6,lightgbm_residual
74,14.417852165471947,19.14717746135343,99.10362682038145,59.09625053206204,6,lightgbm_residual
75,11.449992224553673,15.154057817129763,40.20812872222438,41.36380737255907,6,lightgbm_residual
76,3.8142988224584364,5.04192351956031,107.8616570210203,72.58036856814373,6,lightgbm_residual
77,1.6970890979911941,2.31695024018513,81.27061557097315,105.39920573954602,6,lightgbm_residual
78,1.5552150280532875,1.8575127064118735,105.25463290106222,107.93675512631539,6,lightgbm_residual
79,68.04929115508183,135.60718332402078,185.12638585157507,68.15838718816816,6,lightgbm_residual
80,11.145896025647348,15.208670403127547,508.9381970237971,118.97489254922031,6,lightgbm_residual
82,1.9227407403768308,2.4163834123675367,96.34588959659625,74.86872498705912,6,lightgbm_residual
83,1.4167788418277019,1.8761699568970922,70.49298712438619,126.76695491852837,6,lightgbm_residual
85,1.7395243839327807,2.525901582612708,66.40762051311664,108.56426832385534,6,lightgbm_residual
86,1.519980372618105,1.9822010801322385,68.77706040454052,111.99418344044928,6,lightgbm_residual
87,13.922825875826087,19.835021872808376,126.83070982817112,61.791021912149354,6,lightgbm_residual
88,7.492407755283998,9.933381924856414,123.97605332809071,72.88212690760396,6,lightgbm_residual
89,3.175494148973891,4.113314862018478,104.46082150875577,78.04693019038397,6,lightgbm_residual
90,21.130849533550858,32.180049370604195,100.78729804519556,41.03838325044821,6,lightgbm_residual
91,2.4007806272053513,3.0341917478534066,105.63425976365485,105.49475704255944,6,lightgbm_residual
92,2.0385939500772063,2.6279433414317594,126.89333445510009,126.631435683561,6,lightgbm_residual
95,2.2164599594176684,2.9504284806045855,68.8272308212204,93.76084881132347,6,lightgbm_residual
97,5.605265714013775,8.306914199305762,157.60852159623573,83.87796254416016,6,lightgbm_residual
100,21.489151226683248,27.134436704134945,75.5539796450104,46.993028929237205,6,lightgbm_residual
106,2.087527673089224,2.7601691550606753,145.22888181884457,138.71601513381722,6,lightgbm_residual
107,24.566747361787062,32.91843911860577,63.9300223952444,49.076053320744016,6,lightgbm_residual
112,9.331121030943407,12.305082870496928,388.82894311538706,106.99295370715156,6,lightgbm_residual
113,25.68816177772683,35.93883421369271,268.9459027817955,56.27027926346266,6,lightgbm_residual
114,35.34638270558748,76.16222132576095,328.74740936371916,70.05130403676831,6,lightgbm_residual
116,7.951123711391162,9.700144123786117,148.1070329900196,79.57256066577173,6,lightgbm_residual
117,2.0327949744374525,2.7630496133636226,88.93151473975684,121.42069207070061,6,lightgbm_residual
119,1.6244990641986776,2.115495321065753,86.11671037485263,108.00034609828943,6,lightgbm_residual
125,11.848800780196148,15.323023441937153,162.76803097252156,66.16000362921335,6,lightgbm_residual
127,1.9301077083126683,2.556364151125675,113.55651200339136,114.98309737744307,6,lightgbm_residual
129,2.8195340323536846,3.866108639217434,90.06787441766204,62.609049191145935,6,lightgbm_residual
130,3.3329266264595248,4.353675267684708,122.0452604737717,82.1155180229387,6,lightgbm_residual
132,35.93000182792313,49.15168807246988,23.5144356894346,23.322147365587057,6,lightgbm_residual
134,1.3649221062980452,1.6994510139166208,75.17108215694178,116.40930451555785,6,lightgbm_residual
137,18.24926711794359,22.095338646355835,76.78494737757384,46.69424692856372,6,lightgbm_residual
138,67.60388279008588,92.73805061050228,124.87475819802818,69.70302727719847,6,lightgbm_residual
140,38.04468051082392,53.84517156094429,42.57451091027255,47.50494541970149,6,lightgbm_residual
141,21.725652093243756,35.13207144492251,54.0413897713552,32.951016079396254,6,lightgbm_residual
142,42.60781393992831,76.54347397936914,47.61082982158426,46.07494108925855,6,lightgbm_residual
143,17.305705514343135,28.44989736662398,67.0868439841395,51.39380586503245,6,lightgbm_residual
144,32.99512145354516,55.20912549602789,521.3697540083863,71.87668747044465,6,lightgbm_residual
145,7.2491176860881135,9.423973500870584,169.10743519400359,70.8602575640811,6,lightgbm_residual
146,2.8013111007969953,4.016789912680192,116.21031620977035,80.77473286954566,6,lightgbm_residual
148,48.18108554005153,100.64319397975036,496.18961011305976,77.36336771328224,6,lightgbm_residual
151,12.229130941379736,16.9955271924561,48.74959075833456,40.051284046939465,6,lightgbm_residual
152,3.3425616172433994,4.110541107610239,63.73301231604089,69.39714652000649,6,lightgbm_residual
155,1.2340002203335405,1.7221975877551219,70.94226873119896,96.13732854368921,6,lightgbm_residual
157,5.02476646670716,7.147363193328985,228.20696038808995,148.71461551922008,6,lightgbm_residual
158,22.69476625594304,38.47740430960334,299.65625696474143,68.5162306964758,6,lightgbm_residual
159,1.487210967916818,1.9899919431768542,71.30804204368823,102.21212161994617,6,lightgbm_residual
161,92.67731667837715,157.53186741113933,71.9084397469942,51.70281705533039,6,lightgbm_residual
162,38.40611243132932,53.673490868350186,57.11751179211954,41.02042952130365,6,lightgbm_residual
163,43.23523137343788,69.65765306716814,74.23176730685945,45.65713903862895,6,lightgbm_residual
164,32.05337022715755,41.342808721154505,197.94222687516452,55.10063847946293,6,lightgbm_residual
165,1.1218623220437383,1.6305124983319852,56.260226685905515,108.83946418987905,6,lightgbm_residual
166,14.149056681677466,21.689830873639334,69.08914324211665,55.54691644400648,6,lightgbm_residual
167,1.7307100964329998,2.5714187263930803,92.72456337379654,110.59419305958,6,lightgbm_residual
168,3.0548923563454147,3.837193726537798,133.0045537584358,87.09894997378785,6,lightgbm_residual
169,1.6167466775107961,2.44317644116371,142.75960731084615,119.5545987568181,6,lightgbm_residual
170,29.405142665511548,40.1427377840192,76.7307735267048,46.15756031502926,6,lightgbm_residual
177,2.749245291722673,3.943916441709257,87.92014129550617,86.38841919514743,6,lightgbm_residual
179,3.026829087003938,4.08103241243568,115.38735946521462,100.51961866242948,6,lightgbm_residual
181,4.913425670387824,7.414799439241192,121.99012303540586,81.65143593593511,6,lightgbm_residual
182,1.6180907252841399,2.1705914821798817,94.28112726211681,104.13382569906413,6,lightgbm_residual
186,80.84526442998404,110.05317599291196,59.08108776784579,60.66596177705072,6,lightgbm_residual
188,3.2605614034523183,4.185328218743602,99.2283661382302,84.15251760468136,6,lightgbm_residual
189,2.4376230021719523,3.7217942457192574,185.57431858309755,112.33381207207799,6,lightgbm_residual
191,1.660893888537741,2.1799196781199504,121.67205326267691,119.13968681819307,6,lightgbm_residual
193,2.092748114738681,2.8927055183154513,58.92237184270219,75.38438175831918,6,lightgbm_residual
195,3.8360774518192247,7.807026035958045,210.03179329626875,110.22985887614118,6,lightgbm_residual
196,1.4295809804783979,1.8997054928885397,84.73077589279205,121.14568091137251,6,lightgbm_residual
197,3.498844358206963,4.530167888536676,140.75574695773858,114.56464010681623,6,lightgbm_residual
198,3.7938979491974076,5.151398764639803,199.1850437803093,115.17812564207087,6,lightgbm_residual
205,1.921419792253068,2.6945425273988803,101.65831584087894,111.95620154437343,6,lightgbm_residual
209,5.571883083684612,7.763142028182629,119.16145818251167,73.03940650301332,6,lightgbm_residual
211,20.645638696486632,28.248487254662955,401.8332084332588,79.07676762327826,6,lightgbm_residual
213,1.6258745027848411,2.155347645806668,104.13584504599412,102.82442985599816,6,lightgbm_residual
215,2.0118438971300066,2.7752107685879106,101.79695286212083,104.22471994067536,6,lightgbm_residual
216,2.9153200625471207,3.946886779930696,120.90966873812388,65.63518212955857,6,lightgbm_residual
222,1.3162128993839042,1.7652373233729284,64.14941791403386,117.95298733264002,6,lightgbm_residual
223,2.6396353647246547,3.2958726608723983,123.42659847490474,94.27114791339237,6,lightgbm_residual
224,8.550102130562502,11.327316715953122,144.24390217780544,70.44242399789209,6,lightgbm_residual
225,4.745735243067459,6.636017638582863,147.1648964403619,81.74713810397475,6,lightgbm_residual
226,3.6959687002399533,5.016988070950828,66.23946839373845,54.7825446790499,6,lightgbm_residual
228,2.164616430623942,2.893937064090444,130.8449439899111,104.35757747891705,6,lightgbm_residual
229,20.914430191835844,27.69581490670272,95.06342927843981,45.81397840433019,6,lightgbm_residual
230,64.15112427795815,104.55296318624688,82.63626746536428,55.093547029466016,6,lightgbm_residual
231,21.83799142976191,28.59097580806269,189.3727485366418,58.97277264752133,6,lightgbm_residual
232,9.59584573704979,12.7101272691808,168.3097826154858,69.06897279098189,6,lightgbm_residual
233,13.155267513700446,16.544305034244168,123.4242468221945,47.87868631841201,6,lightgbm_residual
234,39.650431112024314,58.72521350753249,117.6085925106988,56.67908826435806,6,lightgbm_residual
235,1.423528407346838,2.158040029051413,50.416767519628216,98.74029099584504,6,lightgbm_residual
236,74.59685159317513,104.10464650931068,63.76139040269868,61.839496424288804,6,lightgbm_residual
237,63.85003965225719,89.82983054625193,85.47424842309454,52.4034690216425,6,lightgbm_residual
238,25.228510059795596,32.72575435550777,66.73791261079795,44.48662985426308,6,lightgbm_residual
239,42.59003295074424,62.33339470425584,59.570259121105195,49.47587087047032,6,lightgbm_residual
243,3.8477180825277295,4.806184577055144,150.90651861372274,84.15747895265453,6,lightgbm_residual
244,5.714596544500943,7.552934825934347,73.87031661296581,53.43148651795159,6,lightgbm_residual
246,39.40356169217841,49.22146816502483,217.9766995557761,59.272814815894485,6,lightgbm_residual
247,3.9270013179112717,5.406569448618718,183.50955796744532,98.49081475169525,6,lightgbm_residual
249,46.045148231173386,81.90218617050022,148.6187206890097,66.72746510366622,6,lightgbm_residual
254,1.9946887893270429,2.9669973684437947,127.70780439547127,98.52797930690902,6,lightgbm_residual
255,24.257038735563487,34.08541037642104,1233.195620369409,146.4327573257511,6,lightgbm_residual
256,13.382812079571975,17.943171500496803,608.83158213649,113.2499125439269,6,lightgbm_residual
258,1.2876591814974374,1.6651747914170831,60.634944725538595,116.76752952341174,6,lightgbm_residual
260,2.6526208135991145,4.238860412392905,143.86574594303244,103.27779910859306,6,lightgbm_residual
261,7.1694813572238685,10.772324905984446,78.31777362772692,53.83051776742402,6,lightgbm_residual
262,24.356195874114217,34.83890126090441,70.83231068805448,49.310465769981285,6,lightgbm_residual
263,25.51646108307555,33.972830020135234,59.39551181065651,46.81679549744185,6,lightgbm_residual
264,2.912448575715686,3.734306291485819,70.94144564040312,55.67115979802719,6,lightgbm_residual
265,2.0677618018179142,2.639456979156199,127.4196714081231,81.19119080230298,6,lightgbm_residual
4,25.638167411083874,38.00301615396905,342.1486296359847,105.25383335500828,7,lightgbm_residual
7,7.374100794867101,9.315530874298705,186.71617704702788,78.67953952429532,7,lightgbm_residual
10,2.0094290542151563,2.852103676907292,97.89016700800414,94.42514149219171,7,lightgbm_residual
12,1.1133297550621462,1.6464394941922122,84.25918131465669,107.09979955865538,7,lightgbm_residual
13,17.978539938720928,26.775378049134243,60.14187534822227,78.48193514262728,7,lightgbm_residual
14,1.2459664019540255,1.846767018400488,49.00603594506267,71.76312333711236,7,lightgbm_residual
17,3.5717686243739224,4.735406058560096,120.90111910581844,82.60562857229714,7,lightgbm_residual
24,6.7884143671780945,8.302524003671728,81.03985817199288,60.30543667749752,7,lightgbm_residual
25,5.975213302330931,7.567603169142894,182.55293546431653,88.31010972888053,7,lightgbm_residual
26,1.5972604814004316,2.2632065563021726,70.37844988013805,116.60127006084298,7,lightgbm_residual
28,1.2212534369839518,1.4566893932902358,69.24375487990922,116.09723139920418,7,lightgbm_residual
33,3.8249560328621577,5.057992937737085,79.59677508640924,84.63512948996467,7,lightgbm_residual
35,3.2630809055216177,4.12392746360439,125.72288053673842,104.22700633067414,7,lightgbm_residual
36,10.831812807739425,15.830960855360148,810.544664498139,137.10461986800667,7,lightgbm_residual
37,10.379741448695293,13.567169236054271,335.4189529944251,92.73864969730397,7,lightgbm_residual
39,2.7037092590599774,4.2936986009844285,43.82728822937646,76.67532556887922,7,lightgbm_residual
40,1.7703005385342012,2.444220388155719,92.60625089440133,118.67644613459625,7,lightgbm_residual
41,14.744683147746649,19.278235901016373,101.13950258465137,57.307051616825355,7,lightgbm_residual
42,9.849989776022776,13.28003440848352,83.31234454676498,60.85650927689583,7,lightgbm_residual
43,22.1206173565733,28.756587640282692,143.8976928921263,57.79547981373202,7,lightgbm_residual
45,9.316581129635725,12.252174121445444,224.06793447668528,80.71959439751932,7,lightgbm_residual
48,46.486858505189616,64.81488612304345,87.19228591101394,43.546187303436945,7,lightgbm_residual
49,4.348056972242927,5.953621312270116,140.23195255343128,89.08392551336244,7,lightgbm_residual
50,17.17286431902071,21.773518054023164,110.55153211928645,52.73168882674053,7,lightgbm_residual
51,1.9816280090539207,2.623957785797134,79.4080339502858,120.38424113024143,7,lightgbm_residual
52,1.5015904484758043,2.02368270916996,84.47915418794622,105.29879529701788,7,lightgbm_residual
55,1.9984055563863492,2.7691805750815632,74.03644350453655,101.78393709085925,7,lightgbm_residual
56,1.072579381049118,1.438321115722729,58.969615789239846,85.57701448011882,7,lightgbm_residual
61,4.838217530964063,6.979083474105759,60.465594349720654,54.95771198549897,7,lightgbm_residual
62,1.6332744928694716,2.2507588693183807,60.30326064834449,80.05021136717332,7,lightgbm_residual
63,1.7263638551665041,2.363612009265501,75.85947127769089,121.35602480207002,7,lightgbm_residual
65,4.08448786523197,5.308589386924601,128.41676779842794,79.71658063427604,7,lightgbm_residual
66,4.306534738954819,5.838374389513709,150.58355669530312,85.78909804692013,7,lightgbm_residual
68,35.051635170953894,49.71776914847407,165.30537911006348,44.92128868312082,7,lightgbm_residual
69,1.7245318889508658,2.564716294925755,78.03247980573865,102.20176217168516,7,lightgbm_residual
70,8.509967732762393,11.442416445925799,61.421821069288065,73.93004071202908,7,lightgbm_residual
71,2.4572345216726705,3.48773639866558,82.23228656098681,101.63364441880977,7,lightgbm_residual
72,2.282705540420781,3.3413686295271763,77.16829323879544,89.58492157130702,7,lightgbm_residual
74,8.125288723869465,11.213326128950797,72.38024089683215,42.82328542148278,7,lightgbm_residual
75,14.263362490980866,19.7101828283393,111.87804851572223,46.58103053389118,7,lightgbm_residual
76,4.232977792964431,6.361891351753031,52.18076900251827,83.28647368929909,7,lightgbm_residual
77,2.089833008646948,3.1850635998148764,121.80788773432367,105.64507724791031,7,lightgbm_residual
78,1.1527698432055145,1.6168757250539756,58.79169389401348,98.61041957759993,7,lightgbm_residual
79,95.70395690021753,212.98623575736056,347.14093373073297,60.73080328884098,7,lightgbm_residual
80,13.462049098344286,20.57092884091983,457.3194134015989,114.48212397665374,7,lightgbm_residual
82,1.97156370733214,2.5964933673039092,116.42187231802494,78.59152476038379,7,lightgbm_residual
83,1.4912921609710381,1.9851501241428464,110.01708115867343,102.11317314483772,7,lightgbm_residual
85,1.530895745492148,1.9191092794336309,79.03161149156314,96.18497147829616,7,lightgbm_residual
86,1.395263989282659,1.9195458056285222,70.42768618263213,103.11703698525896,7,lightgbm_residual
87,16.668710085355972,27.86708656020684,216.8855967713083,60.156805551316815,7,lightgbm_residual
88,11.603215765907718,17.29540933615123,243.03347235646768,73.63057848926518,7,lightgbm_residual
89,3.6086956492863123,5.286419801919028,78.14439252104609,90.62453226265363,7,lightgbm_residual
90,27.80226052318416,46.159266196594956,213.85045189760774,52.7632994325952,7,lightgbm_residual
91,2.2569802481002657,2.8796099454418167,61.67204446924055,98.54618726455082,7,lightgbm_residual
92,1.9403940237849386,2.4440176420672937,124.0239163058431,123.95475250769437,7,lightgbm_residual
95,2.1789113498905217,3.1108711984042414,71.66106646253765,87.3268238932114,7,lightgbm_residual
97,5.793210182749298,7.608103732558752,163.37850144540872,91.62973493961148,7,lightgbm_residual
100,23.25834817104244,29.97838709866794,94.06110164269317,48.063232011738656,7,lightgbm_residual
106,1.8811573891490194,2.679638989676136,119.7524662404563,114.37202983099002,7,lightgbm_residual
107,28.89540213467626,52.57082268064589,245.14322552298583,49.014599107111536,7,lightgbm_residual
112,8.656507305921393,11.932428346136497,358.2493150834033,106.54283195285286,7,lightgbm_residual
113,26.645577415161856,43.92443967589747,419.57239364016107,51.04083009278765,7,lightgbm_residual
114,46.614023197599664,106.17711863666997,453.4840231513104,68.87718790589194,7,lightgbm_residual
116,7.585206398829283,9.37591702936873,115.59693655533188,75.0519276693115,7,lightgbm_residual
117,1.4581886613725743,2.0951026650064044,59.7789501645253,109.1273293574347,7,lightgbm_residual
119,1.329433965798468,1.8741142347334128,65.5641319495729,113.30464112024617,7,lightgbm_residual
125,14.275971165686492,18.479477474523392,197.4191853797555,72.7225178203589,7,lightgbm_residual
127,1.9245356619341187,2.5655021445710653,93.86300330698391,101.96225798866851,7,lightgbm_residual
129,3.133832228740553,4.373007881565456,94.08658277979526,55.83450379184328,7,lightgbm_residual
130,4.6121231132812435,5.906148336036393,160.7195964951458,84.28880774344164,7,lightgbm_residual
132,63.6024309902484,83.66095566256989,34.129770487325565,28.52538646168088,7,lightgbm_residual
134,1.6175115330132706,2.0193552643097097,107.8841127583674,115.91484229843313,7,lightgbm_residual
137,22.19753269778468,28.178797853892238,131.77932158741368,49.653379566386086,7,lightgbm_residual
138,46.91513299446402,67.37162449912759,102.44502516636412,51.142906816598156,7,lightgbm_residual
140,44.66058745238669,60.86945089833358,49.4968791369628,45.572845953144565,7,lightgbm_residual
141,25.933070685320917,39.01169822862014,100.75768658079112,52.649264899541855,7,lightgbm_residual
142,40.658896077213626,58.2265497502074,65.07801955241021,53.27673590725056,7,lightgbm_residual
143,18.3478647310185,33.32158567600519,58.67382245576104,41.102639241154286,7,lightgbm_residual
144,50.91034981062818,81.46410918053263,756.8445074827232,88.80273297746616,7,lightgbm_residual
145,9.293755761164293,11.628909108857254,224.81492097307262,78.19273233061334,7,lightgbm_residual
146,3.9599078124961853,5.250495430881597,109.30931649289641,76.11169728042104,7,lightgbm_residual
148,64.18952081975374,126.21030667746112,452.43154820117456,83.81310892391052,7,lightgbm_residual
151,15.150456760068238,19.256423452996223,70.45077236340663,50.13661406604009,7,lightgbm_residual
152,3.431659793407171,4.1919986133892975,52.66577769800802,67.0269853987636,7,lightgbm_residual
155,1.5761793739089278,2.293949076405172,88.16932693406486,105.55191622140491,7,lightgbm_residual
157,4.611699860311937,8.008846240946207,304.0932406325707,134.22535918460974,7,lightgbm_residual
158,36.811059616595585,68.24065452363726,887.1260649272193,76.80810478366483,7,lightgbm_residual
159,1.9539600983726153,2.5101688836004317,94.37342024960572,95.30633120037652,7,lightgbm_residual
161,108.2808438181728,162.9736178761108,64.48783568307978,62.908857686863236,7,lightgbm_residual
162,66.2445300877289,88.33824940405306,57.46522568756319,56.5895749175879,7,lightgbm_residual
163,37.65123649991836,53.45005919819298,97.04008447193773,52.40720727392617,7,lightgbm_residual
164,36.77194828352211,48.48234782655855,124.90654259410286,49.87292543171029,7,lightgbm_residual
165,1.4214398558568329,1.8594128069018896,57.1133850849378,110.311516785194,7,lightgbm_residual
166,12.889801542214995,19.83715984759105,49.98004717027867,47.379008191454766,7,lightgbm_residual
167,1.3538478539254306,1.6656650628075749,86.89304877065858,105.45985184729015,7,lightgbm_residual
168,2.000001899647237,2.5768963106022196,78.25629691712584,64.695103367313,7,lightgbm_residual
169,1.6057633368046662,2.160440154261618,79.31738910949446,123.46938259423128,7,lightgbm_residual
170,39.16951784394022,51.15989435359757,92.16263062995962,47.96971477008347,7,lightgbm_residual
177,2.6328063698811257,3.6384254262168123,88.22559987763483,91.64632288393803,7,lightgbm_residual
179,2.8710228431515206,3.671140521119602,139.57250900931894,81.01407705951391,7,lightgbm_residual
181,4.082566421759551,5.127523562677128,133.06645474079522,89.02589137032426,7,lightgbm_residual
182,1.3114353338082803,1.9768087868602031,55.138600591644604,114.16837500598915,7,lightgbm_residual
186,78.65266830092918,111.96561728102002,102.04999207559828,56.539131375235435,7,lightgbm_residual
188,3.3399559903449116,4.497462164361989,71.63644238996567,72.39064278360642,7,lightgbm_residual
189,2.7396410707827434,3.6763277349269257,167.3405297375335,111.75767284538847,7,lightgbm_residual
191,1.4609460966038188,1.891201865536173,76.15415491086031,118.41065265003122,7,lightgbm_residual
193,2.528797919642205,3.6335146425767357,69.81071429389024,76.56365570811613,7,lightgbm_residual
195,5.923784439625181,11.071682186869383,552.2986532471992,141.72413484274142,7,lightgbm_residual
196,1.243718302064391,1.6490947857735234,71.95039745077008,108.26836949752224,7,lightgbm_residual
197,2.5099219438430196,3.4698353727579714,99.45315957351222,99.83804097106697,7,lightgbm_residual
198,3.867240527875412,5.206627400803431,174.601685055313,125.33999221486333,7,lightgbm_residual
205,1.759928396418265,2.6846888759847096,69.55825653872321,102.60682962490303,7,lightgbm_residual
209,8.087474849023792,11.230364138260029,226.09325927094108,87.34857657476904,7,lightgbm_residual
211,27.57727221370335,38.464571254012164,295.4255765685683,78.97349921273457,7,lightgbm_residual
213,1.9813857267130761,2.6070443991823895,80.23468873100022,123.24056742628977,7,lightgbm_residual
215,1.4807181831822323,2.1897214129965237,57.07302704287449,86.88173781398092,7,lightgbm_residual
216,3.428217687322215,4.35905501754831,108.68044103037286,84.9576871018859,7,lightgbm_residual
222,1.2653805799979785,1.8844839413742394,56.47949143430671,95.32416009162193,7,lightgbm_residual
223,2.7416684871190427,3.3893139487226303,131.09181957329713,79.35746069842357,7,lightgbm_residual
224,8.670007979270324,10.952397390882155,144.92475694240093,69.29274748791057,7,lightgbm_residual
225,4.500178956044128,5.793042269625166,156.79072288208317,82.95457341431442,7,lightgbm_residual
226,4.750932025757158,6.127722156697291,119.7439470521821,64.20452968111879,7,lightgbm_residual
228,1.7423209891471387,2.0936012893073497,82.49283275422283,83.65288431167414,7,lightgbm_residual
229,17.04221330224041,24.180063565665137,92.11441475627154,42.0341267161343,7,lightgbm_residual
230,55.814141115714676,81.67342824458686,74.34367624271584,53.23482455056229,7,lightgbm_residual
231,24.399187272813393,38.71285788748927,216.078660353033,55.41335713190756,7,lightgbm_residual
232,16.59400646808159,20.33274095835031,281.61010877773987,87.89093363486154,7,lightgbm_residual
233,14.97585146430385,20.024005088942793,59.0195392871772,41.47205202702768,7,lightgbm_residual
234,38.20903321965165,54.01737313505269,256.18972666528634,51.985645626874735,7,lightgbm_residual
235,1.82858604763857,2.57396025060841,87.23187228255318,120.6375799075488,7,lightgbm_residual
236,74.34697182997293,104.40912837570399,67.20558416358628,50.27766119710521,7,lightgbm_residual
237,90.45702334640873,110.74139378206927,87.9856936371365,56.90579416862632,7,lightgbm_residual
238,27.44379024094106,37.024286124034674,55.28537208938502,48.29966533522702,7,lightgbm_residual
239,44.13983257329421,58.71000673840111,68.69113973208401,49.54907248864422,7,lightgbm_residual
243,4.552656753726413,6.218998086084772,184.98719796776848,94.29957632892035,7,lightgbm_residual
244,5.825298134493383,8.275112343927645,76.56899088518773,59.285298549354685,7,lightgbm_residual
246,39.175067718661886,49.002903374322045,298.36734656834795,61.157925342136146,7,lightgbm_residual
247,2.625516614616075,4.223586618472086,67.33556896604568,95.40328157025984,7,lightgbm_residual
249,54.65511909273784,124.55222630889462,197.49116977601287,59.96294359015016,7,lightgbm_residual
254,2.00741950182118,2.568694870453856,77.50652387429737,115.48888724787012,7,lightgbm_residual
255,25.778136947793428,35.30483441455778,1340.6501405097235,147.6136047846144,7,lightgbm_residual
256,14.785863982715489,18.20904732274429,836.9446483266889,123.39701591345035,7,lightgbm_residual
258,1.7111594669288444,2.2097067764134612,88.1090083519664,129.57869925789262,7,lightgbm_residual
260,3.228004066290119,4.148109678662105,191.48804274546248,109.2486539814122,7,lightgbm_residual
261,9.914448716061493,14.723901985307252,97.6449823038689,59.69495534716685,7,lightgbm_residual
262,29.309909180949067,47.8766814010819,82.6291324922835,53.62722666650328,7,lightgbm_residual
263,36.379139362248765,46.89328821657697,116.71914719872018,52.4810893860788,7,lightgbm_residual
264,2.526572529241512,3.2738345710940435,50.631453029856374,72.00008237745,7,lightgbm_residual
265,2.17262884761279,2.9511099740038507,117.56152464612704,95.89040341600297,7,lightgbm_residual
4,24.74578854120934,35.67174232007918,645.2854778845331,96.18583200753953,8,lightgbm_residual
7,11.592135044408003,15.061233972989585,215.85643514122762,83.64482617244045,8,lightgbm_residual
10,2.3379308994692116,2.9096063553523765,94.49116129759977,96.15224312548673,8,lightgbm_residual
12,1.3506649495911318,1.9419103386506178,103.1722879906655,112.87248643056118,8,lightgbm_residual
13,20.83661668193021,30.532044988860576,77.82725698618718,91.19107539473312,8,lightgbm_residual
14,1.9235771628748939,2.5655781610992614,75.05224727032709,102.28128178271474,8,lightgbm_residual
17,3.6275737945645568,5.011773204581443,154.4630310524671,79.20445020648782,8,lightgbm_residual
24,8.204139800392564,10.945033651622877,75.18297537825467,58.78782692378953,8,lightgbm_residual
25,5.495634385288337,7.572662346337213,147.58395665739894,85.3286488516235,8,lightgbm_residual
26,1.4368257275910548,2.137933864893379,65.75925321943623,107.87592625610112,8,lightgbm_residual
28,1.6998356034765691,2.119816566614497,79.80878733001133,109.3058223929039,8,lightgbm_residual
33,4.46255526856467,6.433112435188234,66.11938855602013,88.68089427976672,8,lightgbm_residual
35,2.9152180894060393,3.795098873927599,108.54261662192121,95.06178205720272,8,lightgbm_residual
36,8.068866335878377,11.60990353079124,377.98970178555106,118.28109579092296,8,lightgbm_residual
37,13.117942355711572,19.21777611574384,390.396635476562,97.75999110965752,8,lightgbm_residual
39,3.1477193924274354,4.353008985156746,84.32733738783399,90.29186024446346,8,lightgbm_residual
40,2.0686131508652923,2.9284476244676565,106.63853421534935,110.76528654108272,8,lightgbm_residual
41,14.661375720182411,19.465960731303245,86.52302717961847,61.08508970964632,8,lightgbm_residual
42,11.699956744014912,15.781131097269496,125.60182952500259,64.85636566543938,8,lightgbm_residual
43,21.775124668220002,32.43413110360797,83.48275427961592,60.60603474170696,8,lightgbm_residual
45,8.917511835864028,11.686126537588853,188.97615247438432,73.51986885659484,8,lightgbm_residual
48,45.48003100510508,60.10166826962175,77.9746706784178,50.41215119664772,8,lightgbm_residual
49,4.349003649289042,5.893224805067463,136.22045255994777,101.46208023629022,8,lightgbm_residual
50,14.265837599898136,19.183647702605434,102.78636860105004,53.846030097826436,8,lightgbm_residual
51,2.2330547781555636,3.296039133592012,89.20724498662545,113.98401576229135,8,lightgbm_residual
52,1.7747645884551915,2.6357454842591297,115.09861836217306,100.46002912786071,8,lightgbm_residual
55,1.8613997265288866,2.570697895345445,75.02520059533072,109.82617660657121,8,lightgbm_residual
56,1.578908465548724,1.9628414252359818,96.14647382945844,123.34332535376306,8,lightgbm_residual
61,6.798601249706699,9.1847615958727,114.70526599670438,84.32916955172966,8,lightgbm_residual
62,2.055723739236324,2.8166049153794113,109.87495400896847,91.2711436657144,8,lightgbm_residual
63,1.8414253086233117,2.549705153519264,82.96768935148535,114.68769250050123,8,lightgbm_residual
65,3.9929791557320216,5.370230487487036,84.42606167252418,72.65032077572415,8,lightgbm_residual
66,5.300005924625132,7.205407865681144,180.38156595130434,94.85365228371933,8,lightgbm_residual
68,46.26721114028364,57.65276973585047,150.00688776133845,51.09162521936246,8,lightgbm_residual
69,1.9636544170754693,2.9493083105145597,101.44027324408395,99.46594916022518,8,lightgbm_residual
70,8.325104604130148,11.873515792371586,70.16399140362604,59.09183629839146,8,lightgbm_residual
71,2.261669632401892,3.131638067037776,53.84250359670819,95.26972412796037,8,lightgbm_residual
72,2.789897331983189,3.5405343982514204,86.08921419090593,99.95010414634396,8,lightgbm_residual
74,11.262515948526373,15.054124483188803,106.61528176319173,60.57719221944126,8,lightgbm_residual
75,10.079384857522083,13.678663273514015,41.4975604755705,35.25922488937118,8,lightgbm_residual
76,4.131649909582037,6.360556488612735,61.42614425364027,73.2455434734335,8,lightgbm_residual
77,1.9247667480999258,2.5673049112809183,134.34661023889828,105.89791049823235,8,lightgbm_residual
78,1.2008963485748267,1.6568000785701928,60.25005428151796,96.42988033895112,8,lightgbm_residual
79,98.94051988653057,206.01501693189115,376.59115454856044,68.51519556701557,8,lightgbm_residual
80,12.230955788751013,17.374508554126074,539.1372371792389,119.75746257476862,8,lightgbm_residual
82,2.866299217113486,3.796208700221203,132.30849636700555,97.2287269760286,8,lightgbm_residual
83,1.9505377127549863,2.5132675846662953,90.24013591277551,134.14156908964173,8,lightgbm_residual
85,2.234785077632597,3.214753149599176,77.60016217858372,108.5748176610186,8,lightgbm_residual
86,1.7990428233203204,2.8171943603711602,67.87563814017848,120.72685557512962,8,lightgbm_residual
87,16.52270799539441,26.47587659165378,172.7348055532355,59.301590332913825,8,lightgbm_residual
88,10.72107465612489,17.64016152941213,274.0247774938848,70.37193404080105,8,lightgbm_residual
89,3.5049462816131176,4.730326943130123,84.36608910484111,88.06308701391374,8,lightgbm_residual
90,33.74142187606477,50.1732144466883,215.6651335245825,53.552729763481445,8,lightgbm_residual
91,2.774660136674571,4.052027255268833,62.81526977520352,103.37204317559758,8,lightgbm_residual
92,2.29352560971537,3.582706687781249,77.02320437162965,102.2916839685685,8,lightgbm_residual
95,2.2139168157510536,3.036441769010811,80.88512532677198,93.67915139351454,8,lightgbm_residual
97,4.232676344528113,6.11007760600524,104.19227736066874,70.1414585268658,8,lightgbm_residual
100,22.67980213629873,29.993634288836407,142.51189375138057,49.91056365856125,8,lightgbm_residual
106,1.796550760398367,2.3301527787738343,94.48159450855239,124.61024162327497,8,lightgbm_residual
107,33.715238957202104,50.237070450034416,152.1415776276629,62.04819552187406,8,lightgbm_residual
112,11.985898897138446,15.652786123184617,606.1001114238265,114.92745184221279,8,lightgbm_residual
113,29.353886965282967,47.47450012732155,387.3208883125778,54.55224259330655,8,lightgbm_residual
114,48.3037131635566,110.44785527636657,292.0189688391636,70.91457429221093,8,lightgbm_residual
116,8.107638554523216,10.866405312768816,149.4353813626685,77.85361718969725,8,lightgbm_residual
117,1.619482774572643,2.4157481374620606,73.88273851576541,117.60001671484838,8,lightgbm_residual
119,1.7939628309850246,2.3533204188543166,103.06545298157006,124.80198526391803,8,lightgbm_residual
125,13.555889424299473,18.51507285004821,330.4869713260521,68.37836204424391,8,lightgbm_residual
127,2.2493698671182614,2.738263622181715,92.72634461339398,121.69709753501218,8,lightgbm_residual
129,4.8592219463134,7.20685246795062,134.66588628611217,70.67367101005233,8,lightgbm_residual
130,4.563670082205985,5.742777268967976,131.92015423230794,87.23352120478326,8,lightgbm_residual
132,68.69838355691546,93.42380664916513,55.59364806272152,35.17941719460181,8,lightgbm_residual
134,1.2431040704820673,1.6528130589334766,87.62521794104295,108.14689696478054,8,lightgbm_residual
137,19.814845934209206,25.205896622780262,109.77300999395807,53.13561113762703,8,lightgbm_residual
138,63.05723060695781,80.79766559013929,337.5084895029818,72.58848799456845,8,lightgbm_residual
140,47.08981597824182,66.5323651991937,47.89137111370836,49.458614372431896,8,lightgbm_residual
141,31.060865864974303,41.52650438982389,79.72279003628815,48.868522786079815,8,lightgbm_residual
142,50.41304932598925,89.32522212794194,49.47756734660086,50.63108279858841,8,lightgbm_residual
143,23.01954719271869,35.14464682474195,59.980538549420345,45.66775491767169,8,lightgbm_residual
144,46.411401719751545,74.97927376429013,893.3233691399323,83.05545876840283,8,lightgbm_residual
145,10.41458823156597,13.729577881872336,173.4536967517528,75.28496212204269,8,lightgbm_residual
146,4.328384695003012,6.140729487456363,193.47587131406277,84.07893199368432,8,lightgbm_residual
148,65.6635297549134,129.93884561057803,659.2137569501378,85.66697131590779,8,lightgbm_residual
151,17.647692247210376,23.510616611827654,88.77396083862135,58.63053562930188,8,lightgbm_residual
152,3.4584019381336737,4.48568256763135,51.33327987099948,67.00691714001903,8,lightgbm_residual
155,1.5457957648347687,2.022155047394286,65.48922494260961,113.38166587577278,8,lightgbm_residual
157,6.196302624261375,11.135556714170106,351.710265077323,148.22346090357223,8,lightgbm_residual
158,30.62055923765371,57.48989679232901,317.4177222579702,71.57125327657009,8,lightgbm_residual
159,1.5064953537395331,1.9788723700165263,65.26906841707513,96.08410090875195,8,lightgbm_residual
161,108.54437983144577,161.13569612034397,81.03835855236738,64.57129502410683,8,lightgbm_residual
162,70.2448151216437,97.05828951526517,48.46979503210121,59.72138848172705,8,lightgbm_residual
163,44.2003593914642,60.59568251742489,64.79582644546778,54.43251866932011,8,lightgbm_residual
164,38.42595313758135,55.152847023298776,136.25922519445325,50.719367677059786,8,lightgbm_residual
165,1.433026289079691,2.1841224577067213,61.57149882832237,98.70212564623928,8,lightgbm_residual
166,11.056353792714129,14.295290824002775,83.81447694998633,47.07401094468418,8,lightgbm_residual
167,1.6324260688330394,2.308486680615096,73.63093151881789,126.8689918516842,8,lightgbm_residual
168,2.7816407804850396,4.029074165761635,91.4817584354967,79.80502515636475,8,lightgbm_residual
169,1.5024241945962247,1.8709420091224511,94.13849322565207,126.540609812414,8,lightgbm_residual
170,41.26654262032101,56.41656395483449,93.94834041933701,50.35467975699135,8,lightgbm_residual
177,2.5930463346976396,3.459210140429409,103.93129447278599,101.22654103894826,8,lightgbm_residual
179,3.4157300394151413,4.539991079387493,146.74500432399486,87.98248589972236,8,lightgbm_residual
181,3.7348609406822426,5.595480778664281,109.75686885165305,80.35437845814758,8,lightgbm_residual
182,1.3813954255863263,1.947787878692768,78.54838834819547,108.98495931473691,8,lightgbm_residual
186,73.21923428674417,95.11394093050095,99.8426750937935,56.855125082777384,8,lightgbm_residual
188,3.7230099771074485,4.994663865620569,84.8171055963798,81.98852334309048,8,lightgbm_residual
189,2.8257192930653594,3.809885391906461,169.12250286289742,112.89887715142346,8,lightgbm_residual
191,1.8568941039928657,2.3247972075703838,96.69591382409793,125.57717676690119,8,lightgbm_residual
193,2.2131955480730916,3.499342951063603,67.17588748822021,80.49475196625893,8,lightgbm_residual
195,5.172334120005769,9.235045872194187,404.7506215936859,139.78615666160408,8,lightgbm_residual
196,1.8462332038839095,2.557217036692121,122.65937237148323,104.56850687914333,8,lightgbm_residual
197,2.599814101813691,3.3565885030585454,85.29848965538942,93.6916813185677,8,lightgbm_residual
198,4.100021086785957,5.260402290566421,212.04909435653497,120.74723235785505,8,lightgbm_residual
205,1.4789955210012329,2.0932532544871765,60.5393091085711,85.43158987484888,8,lightgbm_residual
209,10.15360786088486,14.292915367690371,231.64210023692652,96.10058706890953,8,lightgbm_residual
211,23.335253876509338,36.70673110012771,463.5207719906221,69.24659984336633,8,lightgbm_residual
213,1.9165145428827142,3.0958289670502155,60.51142457467067,109.90866859243393,8,lightgbm_residual
215,2.040983933133671,2.8875077400715212,137.20717731525585,110.71446492127752,8,lightgbm_residual
216,3.309622201707746,4.287286138987127,129.8511118834968,77.62586612746068,8,lightgbm_residual
222,1.5700566950524746,2.1939329419647278,77.57028643979004,110.66228836748257,8,lightgbm_residual
223,3.121769401314084,3.8988346561426726,138.5551707156946,79.9005719704669,8,lightgbm_residual
224,8.725675479233923,11.689339006054965,143.28924494063014,76.22399099066205,8,lightgbm_residual
225,5.244833387712223,7.277784287823043,145.9944497346396,91.39521206215062,8,lightgbm_residual
226,6.981105115897641,14.258012882316432,83.5907699128979,55.17966346149975,8,lightgbm_residual
228,2.1391000147633847,2.6806146456207833,130.44703922291262,106.38013119148066,8,lightgbm_residual
229,21.194905687664743,27.757774431559113,51.562224470951975,44.557424647191105,8,lightgbm_residual
230,61.565180649210525,93.70850778424919,72.07178272985729,54.694138655535774,8,lightgbm_residual
231,37.023266950147026,55.006333413873215,239.1703116616172,75.25152529197253,8,lightgbm_residual
232,10.872261468827881,13.623947245790914,198.88842435197893,68.9764220148477,8,lightgbm_residual
233,19.14608468804597,24.300688829068307,104.58085525640118,49.22855332810283,8,lightgbm_residual
234,48.52782130283297,65.24283575127426,292.06194429992377,59.26950191688229,8,lightgbm_residual
235,1.7247638109151167,2.1833010755560807,89.73046656910736,110.96183022311997,8,lightgbm_residual
236,80.03218136518812,120.74621826864126,86.10757652427719,53.71238656076414,8,lightgbm_residual
237,94.1406487434926,121.7538860287626,64.76598349688729,63.17007915057113,8,lightgbm_residual
238,30.074553493317968,40.531911457935514,56.35308739993993,50.08834333141471,8,lightgbm_residual
239,45.96041593582071,67.07949778252085,92.96420293824164,57.378614985959075,8,lightgbm_residual
243,3.655730237668994,5.30329130481824,101.75792195346351,80.7510141076245,8,lightgbm_residual
244,5.58649318818127,7.055145730867478,83.9417318294849,55.58369857801521,8,lightgbm_residual
246,51.3103671246108,64.81913969647421,268.83662750298953,63.119550783911485,8,lightgbm_residual
247,2.2481599345201624,2.9888862342251143,151.22155418276856,101.65687425458657,8,lightgbm_residual
249,64.62930105172002,129.56174557267775,309.7530813382433,60.60974428208232,8,lightgbm_residual
254,1.7251396001135966,2.476562600600701,94.99088518099508,107.70681481545375,8,lightgbm_residual
255,26.670172867260096,38.29728223911177,827.730676898798,141.82243002600782,8,lightgbm_residual
256,13.319811017018312,17.22586869805728,663.2698290559258,117.16962665747512,8,lightgbm_residual
258,1.9664415487037852,2.673523133350828,116.26834447887431,124.23636442601541,8,lightgbm_residual
260,3.484319545873104,7.326065272168232,90.01978113007351,87.2018193841007,8,lightgbm_residual
261,11.4210588372611,15.588569268120574,123.05455065583861,62.69193357029426,8,lightgbm_residual
262,30.38151914421387,43.03152790695152,67.34927675720932,51.62152744792965,8,lightgbm_residual
263,34.20826069857599,45.38150130725797,118.48749192339744,52.23698182429364,8,lightgbm_residual
264,3.934250367607305,4.899214829223648,99.69138615577012,76.32341483607595,8,lightgbm_residual
265,2.6287726462609045,3.4331112147760754,181.34971341820813,101.08809111206017,8,lightgbm_residual
4,21.644943718162423,32.836741826583854,352.6293662534338,83.8196704642916,9,lightgbm_residual
7,10.520847176844589,12.45498774363228,277.32135518474945,90.14678734679667,9,lightgbm_residual
10,2.668359126341907,3.5823909825582163,102.41669696937996,94.61982749639368,9,lightgbm_residual
12,1.421061852009955,1.9312777431617196,83.46386112209159,111.22890009674734,9,lightgbm_residual
13,17.859053915116693,26.434998818257306,61.35118089342437,72.57304835058515,9,lightgbm_residual
14,1.7484199387038117,2.3031272137310896,101.46030719291299,88.02434595653419,9,lightgbm_residual
17,4.546826436088929,6.110117444446995,175.92053561187447,86.6813603637553,9,lightgbm_residual
24,7.462259014850782,9.709131837838495,79.1995780380135,58.66305177560767,9,lightgbm_residual
25,6.52217773073914,8.229447007281985,193.37748207762,93.15432535737675,9,lightgbm_residual
26,1.3925176643597972,1.9508199322824487,42.54374555837412,88.41593863153257,9,lightgbm_residual
28,1.3950129740315447,1.8382659601855593,71.56279223420998,103.14797887143042,9,lightgbm_residual
33,3.2865470734782085,4.266375166617635,68.88484595066443,67.71459922821943,9,lightgbm_residual
35,3.0524026785167977,4.953879417355332,73.8271668212156,83.10135037211366,9,lightgbm_residual
36,13.498923143778326,19.41984365095196,608.0972599784342,127.0063870555196,9,lightgbm_residual
37,11.20823346902315,15.575225556087673,469.91259117673974,102.65062469005694,9,lightgbm_residual
39,2.860254049276213,4.407674487113854,58.635835990122345,91.09872940292837,9,lightgbm_residual
40,2.1535369802281807,2.6824719028741173,123.92291769631119,125.7562923265253,9,lightgbm_residual
41,11.922955274808146,15.608384759379966,100.87845768384966,60.41325837105086,9,lightgbm_residual
42,8.687443713708205,12.157501366421558,85.62213255433461,52.86645164723481,9,lightgbm_residual
43,15.813655220829938,24.29641896163288,37.48180688243958,55.524480741108924,9,lightgbm_residual
45,11.842863891495162,14.651016868094827,387.9592328785263,88.42462951056791,9,lightgbm_residual
48,42.51850092481884,58.651698324821034,116.25478671646172,48.6670155800712,9,lightgbm_residual
49,5.00257373247291,6.687713888753636,198.4218169203187,93.82208389295232,9,lightgbm_residual
50,15.48536814933387,19.946687320238535,113.64761641362497,61.77269558698496,9,lightgbm_residual
51,2.3307583836185466,3.1419421683505773,63.04719436105153,107.09490448356439,9,lightgbm_residual
52,1.795672371844657,2.339163662907598,137.87829292792708,102.4629051883703,9,lightgbm_residual
55,2.3361669664350733,3.3038661398931,55.24989214181313,114.65170351443003,9,lightgbm_residual
56,1.1178356631565602,1.4037921265849456,57.24269001470746,92.3291660490686,9,lightgbm_residual
61,6.47441496988737,8.487698375539438,131.33932402508532,78.34720167118644,9,lightgbm_residual
62,1.8623382071816657,2.455797585386256,76.81458880774747,82.28354174403927,9,lightgbm_residual
63,1.7758029560567927,2.394429544034246,66.55528129320341,113.42198064267141,9,lightgbm_residual
65,5.162684510476285,6.729474318711434,154.81285677613968,77.91766711376944,9,lightgbm_residual
66,5.388244917208804,7.986953714115756,175.8310187661786,95.11229470277874,9,lightgbm_residual
68,29.13961700655914,38.61937634445672,165.3264989137641,42.14465428176353,9,lightgbm_residual
69,1.6868949811032594,2.2955190523805373,85.89893885568726,86.10563389097365,9,lightgbm_residual
70,5.301656483676277,7.046231240848687,48.28734074840149,57.13708371842125,9,lightgbm_residual
71,2.644547325329994,3.829378201053017,80.32744759548713,113.76330051297593,9,lightgbm_residual
72,2.4715419496309514,3.193688932622538,106.01045857611382,93.1512091893142,9,lightgbm_residual
74,10.45934388715713,12.970136103455983,77.25546477329131,59.763924291927474,9,lightgbm_residual
75,9.545426955525999,12.266192807085135,48.881090024231916,46.77178268213809,9,lightgbm_residual
76,5.2728685771616055,7.437753486807194,65.70931114060748,78.32445862386466,9,lightgbm_residual
77,2.150720448499671,2.73852349705643,92.25634007151068,98.01153514036179,9,lightgbm_residual
78,1.372213264950883,1.7544998949152213,79.42376282632506,110.51288388468153,9,lightgbm_residual
79,78.52152875586805,175.5841297361102,328.1739804193956,62.4199025563968,9,lightgbm_residual
80,14.517488493723121,20.94245843671478,880.6606393987984,131.5103168870151,9,lightgbm_residual
82,3.1489361517491106,3.8614786160024583,139.94200165467575,93.12336663195146,9,lightgbm_residual
83,1.9239085983524624,2.2623857306170825,108.33543226601977,133.11376749248726,9,lightgbm_residual
85,1.5726472099666762,2.147204288552986,82.71529615735929,103.47720030335842,9,lightgbm_residual
86,1.4307530135481465,2.0289687288362472,54.80776484809221,102.20354365815336,9,lightgbm_residual
87,16.0140190055505,24.104912934097005,171.8232457824753,64.69728611984004,9,lightgbm_residual
88,10.573159279874156,14.735254417824715,168.9327343242318,75.6528299062066,9,lightgbm_residual
89,3.325649966972813,5.153953707686351,64.17882155649939,69.16154036771981,9,lightgbm_residual
90,29.793946515520076,41.68706055227654,174.34279976798948,60.14545795626029,9,lightgbm_residual
91,2.540862486540019,3.6894748003726283,50.689763772742566,85.0588973390317,9,lightgbm_residual
92,2.079923293171145,2.6271345467583482,103.07924809195019,109.05127251839382,9,lightgbm_residual
95,2.357205369983646,2.943440328151125,70.54402936814506,79.45688459557167,9,lightgbm_residual
97,6.617534655816791,8.049393519612563,179.85780278267873,90.67009518827463,9,lightgbm_residual
100,21.483648582121578,27.882130956174876,79.27697531846732,48.82509612235995,9,lightgbm_residual
106,2.0323463848115413,2.418672986123145,155.54671049439247,126.74668839472353,9,lightgbm_residual
107,27.154594630919473,39.533127513758416,207.11040581534377,51.43667266598436,9,lightgbm_residual
112,9.256624024877809,11.868081526764026,393.57491279837467,107.92702385356638,9,lightgbm_residual
113,30.148482428685735,41.52857159720105,542.4166420281014,60.300380306659314,9,lightgbm_residual
114,41.33651702643902,95.94700537971535,697.974554450303,65.27501368280353,9,lightgbm_residual
116,8.405803050282607,10.39326759681376,165.0882564671037,75.83537421573698,9,lightgbm_residual
117,1.5200636532320713,2.0019173523816494,71.49874752835699,110.46177466680604,9,lightgbm_residual
119,1.1537930211812994,1.5282263609906281,58.322750841289285,101.17020542058678,9,lightgbm_residual
125,12.679128811191552,15.718757692639816,220.02285831195064,65.41212827164809,9,lightgbm_residual
127,2.6581237056738733,3.4378954290427575,148.26903688414916,111.2467771823188,9,lightgbm_residual
129,5.136727827033572,6.622577944902818,207.20694828531006,76.48884608543985,9,lightgbm_residual
130,3.3875971308041066,4.519434864880981,96.83329406269029,72.256707912287,9,lightgbm_residual
132,49.574217737577804,69.09341881130449,30.57916699281165,29.433334220663152,9,lightgbm_residual
134,1.2240965566990025,1.5699630838733059,74.955550498638,100.99151318459506,9,lightgbm_residual
137,17.456815187603755,22.84563009478271,101.45315776883392,38.42895831905532,9,lightgbm_residual
138,55.21448551310933,75.14049343063188,142.83003997924894,63.83727471508473,9,lightgbm_residual
140,43.320110845496195,60.23198416894855,120.76156621412892,51.27770427097361,9,lightgbm_residual
141,23.85436418811066,33.57953190270917,69.32936765540893,40.80283039907204,9,lightgbm_residual
142,52.853800219849425,85.6212946744264,62.87226177238622,54.35457338723885,9,lightgbm_residual
143,18.548709987174743,28.29850657134101,61.727486822666265,49.51998811311251,9,lightgbm_residual
144,46.67022749375523,69.72804474287523,576.8210189447954,83.04143081520222,9,lightgbm_residual
145,8.018522340166681,12.039022495457026,142.1650716173309,74.58984245123641,9,lightgbm_residual
146,4.972887328147954,6.402035185802688,176.01926604335867,82.9553131439137,9,lightgbm_residual
148,57.827598708147605,117.30570752598113,624.9153890329605,79.60309853858202,9,lightgbm_residual
151,15.880359886204436,21.582661180125147,84.33051073554202,50.34428245818384,9,lightgbm_residual
152,3.5561138363401423,4.661901399342823,76.79309914440181,67.03638578017375,9,lightgbm_residual
155,1.621248363055227,2.1729239052376697,81.90371876528856,103.43268369179843,9,lightgbm_residual
157,5.683837422303799,9.650419395270264,338.2648282258741,129.83244455155082,9,lightgbm_residual
158,29.413211401034193,49.09911185135402,401.7582806722685,74.42954701336431,9,lightgbm_residual
159,1.7966644304912653,2.331363233103523,93.89702234806344,95.59748653140691,9,lightgbm_residual
161,102.24052124783417,147.61793695140497,72.3494357333086,66.0902123958648,9,lightgbm_residual
162,50.82110867414639,77.73709552083253,79.34738098288862,44.84041441239024,9,lightgbm_residual
163,36.673310026013745,52.25674952920118,75.21735766681766,50.95243198397207,9,lightgbm_residual
164,35.78135925029908,54.80765029297722,220.48795825576093,58.17928464355901,9,lightgbm_residual
165,1.4798480445163624,2.1744181218187744,49.98281310912033,105.4914623554796,9,lightgbm_residual
166,10.639371540358022,13.531010186137168,61.65894278549958,45.464996625378035,9,lightgbm_residual
167,1.5014669123278572,2.1188702634750394,92.15499001887821,102.32782692506503,9,lightgbm_residual
168,2.5192524722527128,3.3068972531807175,109.88773848422639,92.17973117676695,9,lightgbm_residual
169,1.459801222288343,2.059274765541471,87.87185429458184,109.59243171650634,9,lightgbm_residual
170,37.46012546627396,50.991262555130845,132.6115346911458,53.594054489185964,9,lightgbm_residual
177,2.451634377854346,3.148934817160122,70.42386686905053,91.29514618028725,9,lightgbm_residual
179,2.9579083033187654,3.691247911651747,149.24702758710754,91.23333727813277,9,lightgbm_residual
181,6.91844634146225,9.026499997347699,222.57275559001533,107.44661768759613,9,lightgbm_residual
182,1.7905737667922985,2.3979530376509994,62.73659089795894,118.1924523890424,9,lightgbm_residual
186,67.45016421863438,83.96656990907093,91.90765729063006,56.00891895219569,9,lightgbm_residual
188,3.282799939064257,4.3035689453210235,76.468172971684,83.34140041335047,9,lightgbm_residual
189,3.1615807300927745,4.216699880878713,184.4806691388828,104.65263222165883,9,lightgbm_residual
191,1.5206301590306885,2.067072095863104,60.23001854668782,118.86029184528918,9,lightgbm_residual
193,2.389092326657499,3.376586306541278,79.09905273500273,77.67204768885357,9,lightgbm_residual
195,1.6821160386752771,2.451835350087928,125.55311387121786,106.1688963970396,9,lightgbm_residual
196,1.4990261237384395,2.023597736080152,53.87057926003387,102.18405604753032,9,lightgbm_residual
197,3.481096398240845,4.4092548702307,97.41307168058681,111.82584172485531,9,lightgbm_residual
198,5.200066165751121,7.082683709177419,286.47772075640745,122.15235851385755,9,lightgbm_residual
205,1.9535852611566842,2.6906289582746443,83.04345258476722,93.25089890763957,9,lightgbm_residual
209,7.5419670331537985,9.920385616505584,211.40569748854213,78.08944389050662,9,lightgbm_residual
211,29.325092739993938,41.25662664067006,394.66949052384376,82.95157484421652,9,lightgbm_residual
213,1.6990712573834517,2.611207539956713,51.909073130383106,91.76837634363126,9,lightgbm_residual
215,1.8154840603711833,2.62272475529012,52.53403340749683,103.50399686129737,9,lightgbm_residual
216,3.100020836796949,4.110247007314857,110.98903884597664,75.9705038811115,9,lightgbm_residual
222,2.015556954324443,2.970235843446818,114.30707393848303,115.3238895992904,9,lightgbm_residual
223,2.932128403440037,3.8548472944436654,110.07946965223279,80.69638087751201,9,lightgbm_residual
224,8.369432289748582,10.792330597355212,142.1223377671911,72.17494086401955,9,lightgbm_residual
225,4.321586845868056,5.537871689656525,154.99284427428,78.42843677845896,9,lightgbm_residual
226,4.747885903453616,6.986245252884496,118.0868992120155,54.871222238796804,9,lightgbm_residual
228,3.4172908766293784,5.372751253757001,128.5364121754025,108.89596352641136,9,lightgbm_residual
229,19.973830894975453,26.053827612796184,65.5702113188718,46.361227140071776,9,lightgbm_residual
230,50.56513625382514,73.40326423024375,71.01444244479354,44.89409483353854,9,lightgbm_residual
231,22.091295205853772,35.201220670062106,333.9408327825409,51.43281772067036,9,lightgbm_residual
232,12.47389081304884,15.552177800125184,203.53727830713746,78.22809600412735,9,lightgbm_residual
233,16.48680105555352,22.16898168901233,71.87363923351333,51.9359823511916,9,lightgbm_residual
234,40.17580730469967,59.75486940757424,221.59469737937744,58.43325437222495,9,lightgbm_residual
235,1.5717478730317993,2.079744673483898,63.87805242892162,106.73451456671815,9,lightgbm_residual
236,64.45370824440157,96.07132652128634,68.53659828404348,55.38265273222667,9,lightgbm_residual
237,68.85044591274489,91.34032720179317,123.61655388769186,54.679411088801295,9,lightgbm_residual
238,24.763331179398268,35.02545991378667,68.41755631319386,41.70659989455716,9,lightgbm_residual
239,35.653048656776825,47.63803314862273,68.96116293762354,53.53225012960607,9,lightgbm_residual
243,3.837516471076474,5.1876763991358,165.99345536412892,87.50327081409951,9,lightgbm_residual
244,6.415075771472455,8.29745206663197,95.87240911186427,62.656100670550565,9,lightgbm_residual
246,21.76948489685825,30.06738026247862,189.2293350764337,44.32167091568487,9,lightgbm_residual
247,1.9170419234103975,2.5981937210316404,106.28371734802846,103.35464192705415,9,lightgbm_residual
249,44.098284992426464,98.36851990131528,150.87249625197228,55.635999420084794,9,lightgbm_residual
254,2.171112492892925,2.8702577626005628,107.5127377603775,117.61831616873235,9,lightgbm_residual
255,26.325853232826177,33.67316256346969,784.4326429271584,151.19024482965258,9,lightgbm_residual
256,14.584384041376795,18.346644340263705,603.3211455789361,123.51903587386202,9,lightgbm_residual
258,1.836331685188103,2.4970566584701936,77.73117506727655,112.40026361908428,9,lightgbm_residual
260,2.431779422597337,2.8979187182798247,145.84716283090586,101.53547031865571,9,lightgbm_residual
261,8.56843380493758,11.710984113822477,98.17037140725733,57.95923107434216,9,lightgbm_residual
262,29.51433069412234,44.86413524329438,64.6113353128292,46.14105374210097,9,lightgbm_residual
263,37.739868739614764,47.96954666480112,158.20970286197047,58.73508127750972,9,lightgbm_residual
264,3.2972265639499487,4.51315670574785,89.7698201114247,67.09712013282468,9,lightgbm_residual
265,2.2294396209732947,2.7499877171992377,128.0227333986815,102.66180513914128,9,lightgbm_residual
4,22.675055621871234,34.451987125413744,570.7284620814531,90.4758852727878,10,lightgbm_residual
7,8.482613043739113,10.543594629930615,224.50650831232664,81.60558417726939,10,lightgbm_residual
10,2.1392496464666375,3.1811764707262467,67.94788454430116,98.52840436285844,10,lightgbm_residual
12,1.2970184145144499,1.8890538055460278,66.55832041296944,119.24594411525406,10,lightgbm_residual
13,14.718030613430336,21.23707699606239,79.8383392556549,67.35972912127208,10,lightgbm_residual
14,2.2073361917742957,2.8610399761043754,83.01928711872635,104.90301918161754,10,lightgbm_residual
17,2.6059745315668783,3.205830035419925,65.96689621509837,70.74089691382757,10,lightgbm_residual
24,7.972871060217997,10.674691238871818,66.79012813719572,58.01819185596768,10,lightgbm_residual
25,5.8377959702137945,7.398628363879896,190.87838220308402,96.06709346423757,10,lightgbm_residual
26,1.865755675575512,2.685227933877793,76.05841292753242,117.75872176834503,10,lightgbm_residual
28,1.6767420598928127,2.2147601126571006,83.1608123729995,126.6168144575884,10,lightgbm_residual
33,3.7877631865527053,5.049245262003233,73.10332221582017,72.33904555721308,10,lightgbm_residual
35,2.369332729475929,3.0970514864647973,88.49456903205034,79.39715664405293,10,lightgbm_residual
36,9.602171649480749,15.245021958178397,490.1945649226617,119.64718282325468,10,lightgbm_residual
37,12.585236317867272,17.498349547863942,276.0401343461322,93.11890071718277,10,lightgbm_residual
39,3.8174209292820103,5.386491671272502,61.2860738655253,94.40756723503074,10,lightgbm_residual
40,1.7770176183662232,2.2851482552801303,107.27481604254696,108.02658258434776,10,lightgbm_residual
41,17.928610651691987,23.842632487482025,110.017249739981,65.68926095679244,10,lightgbm_residual
42,10.98946257957791,15.211307465411767,89.99582483365067,64.98972283385568,10,lightgbm_residual
43,20.33724667447319,26.397182395951976,56.36358520685884,59.77694288570901,10,lightgbm_residual
45,11.38853739216656,13.94888267706775,319.39948639057525,88.25842424568395,10,lightgbm_residual
48,43.154474152089335,58.60998842139788,95.05970724806274,42.63705827941299,10,lightgbm_residual
49,3.9437844393060195,5.325101247339031,125.9717440144023,96.62348460100104,10,lightgbm_residual
50,13.434459586565035,17.216641461211953,122.64800144393749,45.90153838720618,10,lightgbm_residual
51,1.7049678328371278,2.312638654481721,62.642035247671515,104.17442277376671,10,lightgbm_residual
52,1.5148657717639573,2.181964626509303,88.7986892859574,91.0174315671859,10,lightgbm_residual
55,1.4091393431799435,1.927597376109564,54.71559244274109,95.79571324140221,10,lightgbm_residual
56,1.2304314539613004,1.6423742304548574,66.2453412774573,114.04552621094228,10,lightgbm_residual
61,4.920609805229218,6.773051003396943,77.5314564253544,62.82179935408106,10,lightgbm_residual
62,1.7975361818233555,2.2465355579461415,78.93710268451935,88.78489443148862,10,lightgbm_residual
63,1.6824263372299768,2.1376044303965966,77.4672737165342,120.49655510700352,10,lightgbm_residual
65,5.679779709038304,7.011832823187866,201.05026777345162,81.39135395515547,10,lightgbm_residual
66,3.8863402572316317,4.978885937450081,154.71861381397852,89.58220174209258,10,lightgbm_residual
68,34.045342333657366,44.09195830994737,157.5526644490758,43.29787191915315,10,lightgbm_residual
69,2.181283327866374,2.889839131957797,96.3037433842085,107.63891398266641,10,lightgbm_residual
70,8.523065020762475,12.060919878129734,77.58384368315033,79.48690821782507,10,lightgbm_residual
71,2.8045041783759364,3.943737543038831,81.2448883898242,107.4555152668318,10,lightgbm_residual
72,2.534264110632789,3.8779127130123006,68.46435362262795,87.12072672565665,10,lightgbm_residual
74,13.149594031317827,16.478838115149085,122.43069560464906,68.57201146925597,10,lightgbm_residual
75,10.984969106384847,14.794369728946135,45.68769033599808,47.52582797192505,10,lightgbm_residual
76,4.849161157051695,7.731413313866317,55.10176513572886,71.73242569662307,10,lightgbm_residual
77,1.470807400930776,2.0376870297363303,62.93706347815567,93.1335748817355,10,lightgbm_residual
78,1.5490883431788287,2.1162881492545615,96.20208782918968,109.81479683132461,10,lightgbm_residual
79,95.23035087339231,202.1359363852527,322.4490685220081,64.63308898722723,10,lightgbm_residual
80,11.471112431703473,17.337221536339488,330.4691680585178,103.11529540236558,10,lightgbm_residual
82,2.116395493086591,2.7296008003428507,76.06095322175436,86.05913933372199,10,lightgbm_residual
83,1.2639111534127077,1.6444939743943083,63.05331220899725,131.0981687934443,10,lightgbm_residual
85,1.6604806604184212,2.237785773477798,104.71808554961402,100.04147730499592,10,lightgbm_residual
86,1.5308719567871305,1.9849243376067862,78.43275783239847,115.05580248894988,10,lightgbm_residual
87,21.44773542076017,32.77776918655588,201.3946294391341,73.53241764590076,10,lightgbm_residual
88,14.184448199113623,19.56972576443451,255.90597651818845,77.57536839070993,10,lightgbm_residual
89,3.1854433618856386,4.661908835006601,72.07281014382151,85.67662837554444,10,lightgbm_residual
90,28.05440007080583,43.12880842956088,136.3616344837743,44.61283507406205,10,lightgbm_residual
91,2.292284037528972,3.407596500548273,63.7225915217307,90.38219779987348,10,lightgbm_residual
92,1.4631093065163163,1.9433942879101824,101.920146120339,101.73397338784336,10,lightgbm_residual
95,1.8949245995870896,2.5664382309844855,52.9971431629909,90.14817660910244,10,lightgbm_residual
97,7.25974028819698,8.993926459075773,163.81270896088336,92.6175884739172,10,lightgbm_residual
100,19.464340701131718,24.213800975140977,81.8313442576463,47.3580757668584,10,lightgbm_residual
106,1.6098070163918197,1.94388738033452,92.46476049329169,133.13391221674968,10,lightgbm_residual
107,32.499314786522,48.965429479247845,147.5010367448701,51.412825389544054,10,lightgbm_residual
112,9.64575177704799,12.278400227933927,466.7997850868457,117.2937378674476,10,lightgbm_residual
113,26.74870993483752,43.32334235603833,212.967247633409,46.768951831732146,10,lightgbm_residual
114,44.95357797655705,106.02918543873983,230.2427552390818,63.66706690210612,10,lightgbm_residual
116,8.069357725704146,11.585861354262368,127.52812189979561,67.6581004427474,10,lightgbm_residual
117,1.5367914968192995,2.1879330755063595,52.202995904896575,94.00384950230257,10,lightgbm_residual
119,1.2907833686234402,1.7135575846242423,69.94826562951019,113.39273877944271,10,lightgbm_residual
125,13.757317777066104,17.424627100472307,172.89878791203273,73.05307576254329,10,lightgbm_residual
127,1.962884149405631,2.4526618435078764,114.1447414232563,104.3535921956727,10,lightgbm_residual
129,3.4177573888642114,4.941464938889061,151.14911415932514,62.504133781865164,10,lightgbm_residual
130,3.197180546689364,4.190620267558144,110.87609317661085,81.74682287830346,10,lightgbm_residual
132,52.50207184657851,75.37930596311323,56.23036948059031,31.720552711997282,10,lightgbm_residual
134,1.373541089294945,1.726060899620939,66.0252898693812,115.33952101671544,10,lightgbm_residual
137,20.98174705386205,27.653173079449658,186.91377820161927,48.68469276908746,10,lightgbm_residual
138,46.763027870055446,61.55540327490261,72.27525739250757,67.90735142644613,10,lightgbm_residual
140,47.011889391234696,63.18270628510069,79.82226301032948,53.355508953490435,10,lightgbm_residual
141,25.725790259916703,33.54058865310828,91.2347673129974,43.10247940051613,10,lightgbm_residual
142,51.262556336909775,80.51449801675548,84.47246496084631,53.767823574425876,10,lightgbm_residual
143,22.580974804884516,34.115368068656785,72.02924914114605,49.200945634923926,10,lightgbm_residual
144,47.1174692816455,78.36318993983961,930.6659436167163,80.86699211481736,10,lightgbm_residual
145,8.192371185332172,9.815395854092829,140.68968118473657,77.66730192932867,10,lightgbm_residual
146,4.8152225863055405,6.3225697908970115,217.84749378883478,92.12329615677062,10,lightgbm_residual
148,69.82157481944887,135.27550610145232,316.20187371739695,82.00222402886185,10,lightgbm_residual
151,17.123383692173697,23.889999916377235,99.99043365464057,50.66785347383527,10,lightgbm_residual
152,5.135062113362541,6.74189620266393,137.39699794949678,77.04644515917276,10,lightgbm_residual
155,1.61835570608892,2.375306387222481,89.46632715333035,92.5616559396363,10,lightgbm_residual
157,4.772448571508497,7.704099387199107,267.7297030127533,156.44514747068712,10,lightgbm_residual
158,28.22721154179156,50.02590364746836,178.9899110780538,62.196738411810635,10,lightgbm_residual
159,1.863032552327315,2.3896204492028557,76.76073846172686,119.56018079828333,10,lightgbm_residual
161,93.3402186058169,139.11795940052363,83.71990014318443,60.32579476085888,10,lightgbm_residual
162,53.09956904788265,77.5878262368615,73.03380786058614,51.986853998844815,10,lightgbm_residual
163,36.65601375900116,54.46505157294642,68.40884811987038,49.74082065217717,10,lightgbm_residual
164,34.08522106548088,48.02761385826903,141.27027642199909,51.30909711968959,10,lightgbm_residual
165,1.951479023483908,2.737538118121913,80.16060522761593,114.3614393455465,10,lightgbm_residual
166,15.755267070905612,19.951186806551288,95.59946885974794,56.793324835565414,10,lightgbm_residual
167,1.605385880522485,2.2159736472873686,90.89930391847729,112.86434323304941,10,lightgbm_residual
168,2.0552154602651878,2.5773457057556115,94.57234524103151,80.71111490387723,10,lightgbm_residual
169,1.0737549899258243,1.445006994811399,57.95187815957168,116.25382854537345,10,lightgbm_residual
170,34.060370105018805,48.5329853532191,143.28501328092395,48.02235251325512,10,lightgbm_residual
177,2.346244619357981,3.0948094942054944,89.32297191316334,87.6339842612227,10,lightgbm_residual
179,3.52837585785621,4.409930568324588,153.4368018906682,101.56517147196989,10,lightgbm_residual
181,3.0727893153103616,4.251950923401095,109.944537473105,78.0786243429948,10,lightgbm_residual
182,1.392922009168906,1.9542290735950214,75.71117488599326,106.7675109393278,10,lightgbm_residual
186,78.66418963502639,96.72968936692762,174.95857703284165,64.62607395681466,10,lightgbm_residual
188,2.5056256259770877,3.2533528749019616,64.77684999973299,75.70990194345764,10,lightgbm_residual
189,2.345833796126372,2.990411600919326,134.67440565834684,98.79478948707175,10,lightgbm_residual
191,1.4943467349354964,1.945616941141609,73.98036750752787,96.49796512338624,10,lightgbm_residual
193,2.403939101414265,3.2831859822418648,61.09966723337132,84.96544199576653,10,lightgbm_residual
195,1.7106176490576637,2.3939163731514754,129.12374396777338,123.12481818451977,10,lightgbm_residual
196,1.5537375121839503,2.1466893281596797,72.03164016234392,111.52155633079319,10,lightgbm_residual
197,2.824177030102755,3.655695071593445,95.54387532797944,102.55658437512064,10,lightgbm_residual
198,3.3160157894660482,5.203569784497309,171.23641887983783,118.89270464806089,10,lightgbm_residual
205,1.3974013135082917,1.9133320285329762,59.561131771800234,111.8137695460428,10,lightgbm_residual
209,10.995963831225495,13.769192417173489,273.70916439976696,96.2537192767436,10,lightgbm_residual
211,29.551841890533183,39.09773871074702,319.38667448834286,88.42409350118972,10,lightgbm_residual
213,1.7360588746109187,2.4214516415280642,67.77797706287151,96.53919823045096,10,lightgbm_residual
215,1.7607349118892983,2.2162309000075844,88.42127735069494,90.76553274595562,10,lightgbm_residual
216,2.9082570653590842,3.677239622371494,98.10519260725005,74.8175935332997,10,lightgbm_residual
222,1.5994799578465655,2.579926885562097,58.11152732026814,102.69438897550917,10,lightgbm_residual
223,3.5308218303506855,4.521814335622854,152.57244801613055,94.44827691408103,10,lightgbm_residual
224,9.89254060574761,12.80782267314772,187.85242230354515,78.29696489083982,10,lightgbm_residual
225,3.8605244690696985,4.988114637678983,121.88083774061175,76.64892125309679,10,lightgbm_residual
226,4.47719107131755,5.723253763366554,89.73659496080107,54.76044933025097,10,lightgbm_residual
228,3.5432429775220062,5.586277470487273,172.23228660432198,98.47683043995873,10,lightgbm_residual
229,19.61717289240765,25.01062311140104,102.54612447976548,38.21472317190017,10,lightgbm_residual
230,48.22165105571931,69.56377923874976,78.91348662866868,46.50488429438527,10,lightgbm_residual
231,24.82340718077204,37.36090449080085,208.8378049649636,57.39317047835141,10,lightgbm_residual
232,14.57539146708186,17.993862305797347,256.1122927786671,78.69993928151773,10,lightgbm_residual
233,17.178891904023285,22.860599531155653,63.361775374401496,44.55489037542436,10,lightgbm_residual
234,45.07493945816691,66.41535015015518,97.01261950018156,53.65337981036805,10,lightgbm_residual
235,1.6018556770582986,2.3343508599003813,64.62941144708708,104.36718351510781,10,lightgbm_residual
236,77.96069870515925,113.06437425709468,45.14455864993622,48.86161072119384,10,lightgbm_residual
237,75.26618112329639,100.57927264002122,42.107251955007094,48.88313189139874,10,lightgbm_residual
238,25.65685835360432,38.6319758133095,50.79296664513797,39.676416529945946,10,lightgbm_residual
239,42.00789738625274,54.273029511322456,94.92549525006831,55.75635987762566,10,lightgbm_residual
243,3.6729711703774934,4.667994960020884,120.04905312060839,71.57178019796942,10,lightgbm_residual
244,5.9259530111671,8.262347858522427,73.40046272861417,61.91844307869942,10,lightgbm_residual
246,40.91328417235922,53.234112583077724,305.3686714926954,60.24703188112915,10,lightgbm_residual
247,2.880338905547251,4.787395603810024,104.31848039850786,92.93214927038248,10,lightgbm_residual
249,57.15656175418621,127.78470997011047,194.04747444492895,55.82034104375699,10,lightgbm_residual
254,1.4418254957752852,2.0383090946201525,72.32378932733639,105.25985790231097,10,lightgbm_residual
255,24.163912074144836,33.212308834749315,907.6606856232976,138.60652070348976,10,lightgbm_residual
256,12.38350315879323,17.302255844964776,538.3708049089674,110.19664076515357,10,lightgbm_residual
258,1.5411839574291066,2.0339942403070004,74.2556086034261,116.58293049346422,10,lightgbm_residual
260,2.438595422060333,3.0904388262526434,149.76085836355873,87.7654636080013,10,lightgbm_residual
261,6.597206412851166,8.869228350134629,87.47816262040668,61.68399881805656,10,lightgbm_residual
262,29.5383539978156,45.43165654842778,60.70727598451544,56.091302013168814,10,lightgbm_residual
263,30.42512544761512,41.1902218888918,113.38674917448886,48.14933195635684,10,lightgbm_residual
264,2.6754654076309143,3.596251867515165,60.59601374812904,53.80963663484437,10,lightgbm_residual
265,2.847538017862007,3.4624932253215457,148.4083147070144,100.9738236665133,10,lightgbm_residual
4,22.31186013577832,31.30389704498795,211.14561689949696,85.6388288237049,11,lightgbm_residual
7,9.510297908771605,11.928669021613473,197.59878215242563,77.43735442890856,11,lightgbm_residual
10,2.5294924045968825,3.638752516386256,95.4002889688646,98.28019793111935,11,lightgbm_residual
12,1.7177887662695526,2.3987974863539847,107.36836339147236,131.07918624416874,11,lightgbm_residual
13,17.795204479397892,26.11616394832884,58.645056685710315,83.68985216448728,11,lightgbm_residual
14,2.326784806829258,2.95160019308855,58.291434882186586,101.711293845348,11,lightgbm_residual
17,4.512571584194487,5.687721388560314,109.58389991416182,83.26610772244773,11,lightgbm_residual
24,7.589405413541865,9.416542957259418,77.96223951379383,58.48133481147622,11,lightgbm_residual
25,5.497974881188921,7.259639015990206,129.15013986670294,83.77780436250528,11,lightgbm_residual
26,1.5265855236321537,2.089374702598655,55.91775744656733,108.3189432316437,11,lightgbm_residual
28,1.5408467279444065,1.8998474087369297,77.04797322705711,113.09998210010922,11,lightgbm_residual
33,4.266875773388558,5.574949492314629,71.34627306344625,83.48607731502064,11,lightgbm_residual
35,3.6844470466722457,4.709798026113607,99.07683473165281,93.65950819880038,11,lightgbm_residual
36,11.308471905330501,16.81655558246756,393.49229094962277,132.9312104876894,11,lightgbm_residual
37,10.349870729104277,13.89728619624853,305.66748785113236,98.14726268345783,11,lightgbm_residual
39,4.733550511032434,6.863283423864701,94.98048969190242,96.7034824325058,11,lightgbm_residual
40,2.050708662983084,2.5948403749560636,113.86405730765708,123.73038601737596,11,lightgbm_residual
41,25.385275804604323,32.367350738309575,130.22544696635134,73.9898491303286,11,lightgbm_residual
42,15.78524357362762,18.461675151069635,145.8493437143112,73.49402065866586,11,lightgbm_residual
43,25.961431304690432,34.73015322556722,108.72063388447653,69.40547655716455,11,lightgbm_residual
45,10.027705245678092,13.678637747647475,155.57927647507958,74.26904301991772,11,lightgbm_residual
48,34.37061836843062,47.02960330028022,64.15870372538195,39.26633271980914,11,lightgbm_residual
49,4.520521241662897,5.695640649684835,134.33193505237722,99.41185693275783,11,lightgbm_residual
50,17.689495255272934,25.217788832827964,99.26129161122802,52.62165266110489,11,lightgbm_residual
51,2.436205447941848,3.06240533495933,126.61998427293229,119.53138241733878,11,lightgbm_residual
52,1.699755765628237,2.489694782377125,78.66365812156901,93.639274917917,11,lightgbm_residual
55,1.8721874443504098,2.5740189883087727,97.93086378141322,89.38178804022506,11,lightgbm_residual
56,1.5321387954583523,2.151162413668317,96.79330269669816,93.67011466130471,11,lightgbm_residual
61,8.043885708160431,10.515513053546487,160.79766494880676,83.25343096179002,11,lightgbm_residual
62,2.6319638933016933,3.511436343185514,115.77258955001814,89.28586996887925,11,lightgbm_residual
63,2.1874070795226204,3.072832321081558,62.78161933073807,101.81042395192658,11,lightgbm_residual
65,4.150605661325138,5.3333616438547296,76.30190721801377,80.337905552431,11,lightgbm_residual
66,6.815350348149728,9.008057773846508,167.85000507295322,101.41956802062538,11,lightgbm_residual
68,28.410434719769075,35.94045355254965,63.23684766690057,36.43347797132505,11,lightgbm_residual
69,1.6862584974699957,2.289858985977644,78.34153124538216,95.45385799837481,11,lightgbm_residual
70,6.372087940385214,9.866348843579779,69.88631900341468,65.70890474566183,11,lightgbm_residual
71,2.7767745439868743,3.84567783186603,83.41671430895919,88.31915430764606,11,lightgbm_residual
72,3.3220924332953303,4.566376381334906,117.50951107306473,89.42475505044355,11,lightgbm_residual
74,21.86923002378988,27.78223091510987,122.02967195593585,74.06131416648122,11,lightgbm_residual
75,13.472062881147579,18.479622540889814,32.81958349814866,34.35815957851714,11,lightgbm_residual
76,5.232262416199279,6.986129336743809,108.47200258243545,87.6437644127456,11,lightgbm_residual
77,2.047371303865762,2.514765523304765,102.21002475438274,117.94975219621892,11,lightgbm_residual
78,1.6307308985707232,2.200004122111048,99.77535192799247,104.09236962690808,11,lightgbm_residual
79,80.17935390755285,145.60794694550762,227.55665822897816,63.71676261567391,11,lightgbm_residual
80,11.521764218128377,17.96697062926429,553.1470771751495,109.74650894553321,11,lightgbm_residual
82,4.16977577674525,5.321655776638216,171.93632687430647,108.863084883318,11,lightgbm_residual
83,2.0184442639343203,2.5183384350986824,163.2924698039841,141.97793881851086,11,lightgbm_residual
85,2.022113793837212,2.7638512424923265,107.25180855678047,92.58261359011135,11,lightgbm_residual
86,2.079451725157863,3.1796566919137876,68.81257466806319,119.338510798468,11,lightgbm_residual
87,15.47532930005049,23.325071948427215,96.02923943423919,59.22051266180941,11,lightgbm_residual
88,9.384423676112789,13.641245315189181,144.00551476432472,61.44194606910178,11,lightgbm_residual
89,3.383947324206084,4.740766861788486,83.76435777074629,68.90831677231098,11,lightgbm_residual
90,23.62538076890928,33.61066310597903,93.24827067223019,42.34144962536312,11,lightgbm_residual
91,2.511159250089387,3.3610677594158362,79.91780202164543,84.82159241715472,11,lightgbm_residual
92,1.9245398397013804,2.541727670041344,101.22963535950234,99.20270433659675,11,lightgbm_residual
95,3.3134764550080718,4.199349593736178,122.90845648186182,117.20961701392211,11,lightgbm_residual
97,7.348752938818994,9.917677517673775,116.30818817542222,91.82436345409633,11,lightgbm_residual
100,23.110715737131404,29.276654009605974,72.69751502638023,44.652505637760804,11,lightgbm_residual
106,1.9216691527298286,2.6169169729026622,84.8874296044384,126.23132356901863,11,lightgbm_residual
107,26.936343000781736,35.58122461859064,73.55955755757189,47.5268176119078,11,lightgbm_residual
112,12.282529977021644,19.75160636847549,634.7723053291563,117.63007916573476,11,lightgbm_residual
113,23.62010034265616,35.12645719820021,161.38379778175113,48.787074873086176,11,lightgbm_residual
114,41.24719166127495,76.80692057901864,318.8494631001044,70.7421573989845,11,lightgbm_residual
116,9.510808190345484,12.045821155970696,144.32249386023238,85.91665493094587,11,lightgbm_residual
117,1.5305903296002008,1.9961576236274237,57.62984084733609,106.29053574456896,11,lightgbm_residual
119,1.6915543499254533,2.3795072949040073,68.01502590995293,129.54115441004691,11,lightgbm_residual
125,10.910848198185823,15.069749038101126,96.02405562004049,57.63204551540766,11,lightgbm_residual
127,2.6495893636837455,3.2861534349837833,123.45336294310485,109.16584183058796,11,lightgbm_residual
129,5.690259786372958,8.322329495825658,258.1343228239457,79.5768283904638,11,lightgbm_residual
130,3.994457191101691,5.309061677028688,104.84349286845804,82.0656566331076,11,lightgbm_residual
132,44.20690681770666,62.05597161511846,24.320523889941896,27.244970393675704,11,lightgbm_residual
134,1.140859832845977,1.5046899430735492,63.89319598311543,113.74363648931478,11,lightgbm_residual
137,17.156061354613033,21.217457682192308,87.31630765414408,41.35685338790932,11,lightgbm_residual
138,61.8711696117844,83.7421329487342,52.71549542373407,77.23840801088181,11,lightgbm_residual
140,49.91890250810141,67.52349758728501,46.45584158041043,48.596876147778964,11,lightgbm_residual
141,27.88233786013468,39.87150486037747,57.1358128422883,45.518124562178684,11,lightgbm_residual
142,44.52976736955262,72.27507134649356,58.10485307335883,51.62084805106301,11,lightgbm_residual
143,21.058102288688136,32.96019757889269,50.31672594930172,41.92393700079149,11,lightgbm_residual
144,35.77991248571035,55.69542258178137,507.56505023765925,71.31769203611536,11,lightgbm_residual
145,15.341475988377013,19.020132603650175,190.60481670401654,83.43292691633316,11,lightgbm_residual
146,4.502061893376653,5.7562098327298585,132.6569874534389,81.65863523466113,11,lightgbm_residual
148,54.199992307099926,102.64378814392467,542.789760473264,75.27736687185016,11,lightgbm_residual
151,20.544965053890003,26.385641422851823,55.67672153404061,56.6394249112015,11,lightgbm_residual
152,4.998873937059698,6.703968625248162,95.69723556873906,72.07696761372301,11,lightgbm_residual
155,1.2838661638726216,1.6386562750579479,58.14594849579132,90.94992476122586,11,lightgbm_residual
157,8.093707887275174,12.743643186630418,504.5897265769665,153.95890645368013,11,lightgbm_residual
158,27.820202331017924,44.01592493014145,283.68604217687465,62.137904701073616,11,lightgbm_residual
159,2.534992031263165,3.2983417472380676,119.82276577171373,110.47179179070012,11,lightgbm_residual
161,106.04228604819151,155.93801025101686,85.84295318582721,59.105579611645545,11,lightgbm_residual
162,68.73032424075535,89.13654930357221,46.63872526810963,49.769272645094695,11,lightgbm_residual
163,39.86668410517423,63.881625982602834,71.60588961684327,43.287096726681874,11,lightgbm_residual
164,34.16480520660817,44.7228631838902,106.62750794101751,47.92240350773602,11,lightgbm_residual
165,1.945648422206004,2.581452527401891,88.2277448032937,115.96643965496946,11,lightgbm_residual
166,17.931230015974318,23.279088120637557,66.88809447576674,49.41158514321271,11,lightgbm_residual
167,1.5729405725479146,2.081054939790696,106.93254746709853,101.47835889244733,11,lightgbm_residual
168,2.922135086220783,3.7741961840729727,121.45538009390036,86.39299923408593,11,lightgbm_residual
169,1.7472503035512086,2.2515339455778878,106.97268246137688,117.75804640178312,11,lightgbm_residual
170,34.62919493701482,44.88734296874761,63.5503312138754,42.278341127934326,11,lightgbm_residual
177,3.3877275008399406,4.467805571665615,156.66906924358358,95.40917592781763,11,lightgbm_residual
179,3.93712498684348,5.158910906307715,202.99668556304363,99.53085438146798,11,lightgbm_residual
181,3.1867572172607788,3.8483507308708873,106.18812710812031,76.26836638312857,11,lightgbm_residual
182,2.0458924548264457,3.0580896023440607,78.74727295540147,110.7004877244517,11,lightgbm_residual
186,74.0632973437615,103.35238819673401,65.03658082362482,50.29458515803776,11,lightgbm_residual
188,3.550128930616104,4.996602372410028,65.4512586740118,80.09055738232892,11,lightgbm_residual
189,2.1027525841793158,2.6878236522216397,124.79303629646787,85.47000578954275,11,lightgbm_residual
191,1.696517860685195,2.533264108239325,75.80039325600964,106.94947053640892,11,lightgbm_residual
193,3.2505435639501647,4.44489100998248,95.46777602273525,94.40711489234239,11,lightgbm_residual
195,2.046497421447717,2.874033639496166,121.16596231437819,104.62458342614411,11,lightgbm_residual
196,1.576970951071982,2.43798174062983,103.073342944231,101.09034341651416,11,lightgbm_residual
197,2.9542752110242136,3.8792161560077756,137.6976535227364,113.29133748413796,11,lightgbm_residual
198,4.893193090678539,6.174460764244282,253.5882474868571,127.29376971934421,11,lightgbm_residual
205,2.196926309468036,3.096358874645734,84.79539037667836,113.4697936878249,11,lightgbm_residual
209,8.700634771129558,11.314127001587764,212.0779406472257,91.83133725537704,11,lightgbm_residual
211,26.612159988129445,36.440234313310214,259.60098594247086,75.73567399476107,11,lightgbm_residual
213,1.8549254322383815,2.4381179155920556,85.58775190029803,101.59556083686759,11,lightgbm_residual
215,2.2066025172890513,2.8875220267163972,140.91383827523057,101.91756774338165,11,lightgbm_residual
216,2.449267051807988,3.1712664942194824,104.66972662331415,59.43216357969052,11,lightgbm_residual
222,1.7843383710131022,2.450830764989602,79.23174979170417,104.72804379708612,11,lightgbm_residual
223,3.722755568620446,4.8796231988077,132.7861975517504,91.79566409886085,11,lightgbm_residual
224,11.169967082468405,14.388788163046938,122.78912920630405,77.38937215126559,11,lightgbm_residual
225,4.339255512460215,5.572646084938653,114.04144397584044,77.17084676071204,11,lightgbm_residual
226,8.309892207672553,11.110455350664424,119.33478922309423,68.46234138702006,11,lightgbm_residual
228,3.5830485284437983,4.731123167509996,192.87650989187657,107.44894321381871,11,lightgbm_residual
229,19.036104181032822,26.23218066764754,74.10889910427056,32.089092307189055,11,lightgbm_residual
230,42.04600492019005,65.12238998964277,45.87115528537735,35.346612829471944,11,lightgbm_residual
231,25.65960095165637,34.631585731614095,162.00293030563276,52.34200542053848,11,lightgbm_residual
232,13.1413650091757,15.926404297083499,132.5211205361056,71.15268359441443,11,lightgbm_residual
233,12.778592738985127,17.446600909714853,62.513087073761476,34.58657611083384,11,lightgbm_residual
234,36.971039640562694,53.46963980250749,150.94018788370275,46.970499584126,11,lightgbm_residual
235,1.314296932493693,1.738470724271997,67.55965168146476,93.9006840301605,11,lightgbm_residual
236,89.12317444158684,122.80936851180368,72.30545827777009,61.35505885598121,11,lightgbm_residual
237,103.98366684224543,139.24665168379244,105.27445036907746,62.824371665628064,11,lightgbm_residual
238,30.679670546395073,41.50137913436005,74.23737732179578,41.69396377122675,11,lightgbm_residual
239,37.03403734609575,50.8485955427339,44.430085435499976,50.214286896249895,11,lightgbm_residual
243,5.68839338312603,7.290341956387887,137.9593581337228,67.6633361140701,11,lightgbm_residual
244,6.840296299794204,10.68782372762253,74.52984792236394,53.86177924097854,11,lightgbm_residual
246,41.371526904659596,60.61308859207043,136.71414360144135,50.97853815071098,11,lightgbm_residual
247,2.3727462336535186,3.2427722611920125,154.8596060519164,111.42360983487896,11,lightgbm_residual
249,48.54498459991351,84.2341084024346,111.61166652930225,60.421982119997644,11,lightgbm_residual
254,1.7872410105180965,2.6530294741608818,91.4555412388169,120.0451281301081,11,lightgbm_residual
255,27.158213159905433,37.34350643412914,1030.3074498170354,139.87230807683645,11,lightgbm_residual
256,16.30962102081725,20.347128554340905,709.9056786149989,122.35088394567748,11,lightgbm_residual
258,1.4364936498726628,1.737556979968174,89.57862982151845,114.54481036676152,11,lightgbm_residual
260,4.647764490564656,7.177230846722763,210.41318558871097,102.3704428081005,11,lightgbm_residual
261,7.984920587443547,10.215746641962921,81.35291816901598,54.82706683963132,11,lightgbm_residual
262,29.36454700685323,45.3298447416176,42.07285941009346,54.49573846688002,11,lightgbm_residual
263,37.10389092806077,47.47578121930302,86.04370570375704,49.00775805910786,11,lightgbm_residual
264,3.4158724429595986,4.551060925294917,53.14890365887239,72.19441545741273,11,lightgbm_residual
265,2.661766147531227,3.181211365488188,122.56170361798324,99.79818004603078,11,lightgbm_residual
4,23.990156375009622,30.70138132917361,386.05650604033997,84.74107525610653,12,lightgbm_residual
7,11.777557870200424,13.783199517380952,241.54524697733302,89.41496895074313,12,lightgbm_residual
10,2.9050014258631762,3.8215752743648825,118.59342897524425,111.09891125215103,12,lightgbm_residual
12,1.5668657710446974,2.2054961565784397,106.91643406547063,116.56881395141848,12,lightgbm_residual
13,14.889302975493102,20.982213574072997,56.27608049982693,71.03068934861739,12,lightgbm_residual
14,2.0981325881399995,2.7414489710584484,69.2166332497231,85.49639847250428,12,lightgbm_residual
17,4.985685419372405,6.372947745198553,145.51205160471267,86.52980330897867,12,lightgbm_residual
24,7.614445910369656,9.722860631614733,64.58249223982986,50.3322252814986,12,lightgbm_residual
25,8.1094027399067,10.40608313898952,193.2918070547123,86.1567365121709,12,lightgbm_residual
26,1.4543040172311839,2.0600916929017163,66.07729564127608,114.73793041602268,12,lightgbm_residual
28,1.4958677017677395,1.9710684088060333,61.57637700571069,110.37278699967612,12,lightgbm_residual
33,5.594832898256187,7.39971631118645,85.0117943160792,74.29848936879073,12,lightgbm_residual
35,2.8538177166342784,4.20922598510423,109.61934198276013,92.66612989912714,12,lightgbm_residual
36,10.26678550493729,14.13448737288812,501.1772285752553,124.34649348246194,12,lightgbm_residual
37,14.694468385301263,19.54047790899259,432.8629220657059,96.4376867088899,12,lightgbm_residual
39,3.8778899965816946,5.678592798906835,74.10308595284569,103.1313553952636,12,lightgbm_residual
40,2.274833197781746,3.16680402971329,160.62105040315822,100.33914987122114,12,lightgbm_residual
41,13.743629533822272,17.480206090473782,69.01470977428126,51.29985068331399,12,lightgbm_residual
42,9.864077427182544,12.205259547748579,108.7680398500647,51.07842998011597,12,lightgbm_residual
43,22.263399459100526,31.157724423666675,64.66986431312517,57.02754621660372,12,lightgbm_residual
45,13.291210705282863,15.916790225049727,222.3657257303288,86.3641414127735,12,lightgbm_residual
48,36.6297883218317,51.6544585288612,58.237999560055634,37.21282726264604,12,lightgbm_residual
49,5.761282561421491,7.208916905968226,165.8948508538368,95.79929700003525,12,lightgbm_residual
50,22.81300694277896,28.645522873668305,111.85279041736973,59.523853921096894,12,lightgbm_residual
51,1.9793349234139255,2.5245328226669153,81.22311964419605,112.62386610193794,12,lightgbm_residual
52,2.611592895224124,3.2929388954477194,141.24588401024693,105.63247054563362,12,lightgbm_residual
55,2.0492171445814242,2.9313062988088374,61.670972049821074,105.00980753069693,12,lightgbm_residual
56,2.071290779106636,2.5549225719638797,107.05903773821478,119.5884926313875,12,lightgbm_residual
61,6.960976754434367,8.628178996518088,121.35079955778913,61.341701206362565,12,lightgbm_residual
62,2.0668957590795647,2.956304149674724,72.91591300710874,86.84665212358532,12,lightgbm_residual
63,1.8265561247936866,2.487860578562545,117.89975029273043,107.94417074120689,12,lightgbm_residual
65,4.7259220080903885,6.0788362813708545,98.0903927792554,70.25227449991071,12,lightgbm_residual
66,7.648813106071205,9.928981607760612,182.44965337508023,90.614318008083,12,lightgbm_residual
68,36.7904109801794,48.56991749840012,115.14427060580414,42.662458122643066,12,lightgbm_residual
69,2.0041655638807154,2.6280182547814803,77.94223674412811,100.91330763752627,12,lightgbm_residual
70,8.036798086048465,11.018737042434859,87.76142274065015,71.31589740454176,12,lightgbm_residual
71,2.099433780268805,2.9412574253151575,50.4264207662071,91.05505773040876,12,lightgbm_residual
72,2.0520329241488935,2.669290413109894,69.9531204458115,81.03774438840412,12,lightgbm_residual
74,14.494908311023211,17.702441239789426,85.45853729710485,54.16061304270665,12,lightgbm_residual
75,11.960468029554903,16.489943098712395,54.89827109581178,35.07999240566385,12,lightgbm_residual
76,4.017410516948256,5.318218449108074,93.07481970936338,66.12049730008711,12,lightgbm_residual
77,1.6190979306517272,2.1212879559558218,71.94665111847289,98.49893374453198,12,lightgbm_residual
78,1.469585778853223,1.8412925974542627,83.1487989402891,132.3109763646251,12,lightgbm_residual
79,87.831825742969,160.4230487187386,220.8173601608119,58.92478068681081,12,lightgbm_residual
80,15.40281694520366,20.467020920564988,567.8233632791449,123.30282401844143,12,lightgbm_residual
82,3.5237121064391173,4.542351535583055,165.52372604930093,100.26905301072595,12,lightgbm_residual
83,1.544171195342093,1.8851959745266884,117.9201298624138,126.3498142245561,12,lightgbm_residual
85,1.9830241214493451,2.5595074007522025,141.20328648945883,121.79816198824547,12,lightgbm_residual
86,1.559805983311808,1.9988048002243866,86.68848911141168,123.85330657498314,12,lightgbm_residual
87,18.02815382920581,28.097308309916023,253.05509455397237,56.30081956338169,12,lightgbm_residual
88,13.571083007806186,17.681654534404867,175.73306224270027,73.45541408824997,12,lightgbm_residual
89,3.3525953284498438,4.655030485673051,109.67478888026332,84.9413373977241,12,lightgbm_residual
90,32.24500147227541,46.227082652893394,116.14560201033906,43.433127171003115,12,lightgbm_residual
91,2.856361571784387,4.552442021552838,67.29061151095101,108.37553113362553,12,lightgbm_residual
92,2.3247902328205847,3.2599830636237277,99.57184383445104,98.63848170807357,12,lightgbm_residual
95,2.5950043249664563,3.543299158765501,81.58742069773737,92.8526258437446,12,lightgbm_residual
97,7.090865010593009,10.260285255164293,161.96825045803573,70.43918053789083,12,lightgbm_residual
100,27.52073211417562,35.44880534046116,98.73245727974157,46.83066089308704,12,lightgbm_residual
106,1.8231705282106259,2.273837370792742,129.44634818899715,116.19225481859128,12,lightgbm_residual
107,32.260821619168134,46.32497448366979,95.54494644014446,50.364997409053615,12,lightgbm_residual
112,13.987495441532184,17.84115999229404,532.6301085107815,121.4704884600381,12,lightgbm_residual
113,31.19588920807512,43.95459143187138,289.9529951840107,55.81461952801308,12,lightgbm_residual
114,51.317528861338666,91.17093907252308,356.8609578523105,61.62547372424377,12,lightgbm_residual
116,9.433955390423481,12.164855654424047,106.09703458568889,63.42133282425973,12,lightgbm_residual
117,2.0647569817813696,2.6999887466482986,110.67487823736408,127.1188515541805,12,lightgbm_residual
119,1.7588285465003348,2.404631111812014,88.27440584862785,117.58677004669157,12,lightgbm_residual
125,16.423660373329856,20.972061012397084,287.04347349285524,60.11272619261607,12,lightgbm_residual
127,2.6418094611900966,3.383020774682578,100.6043125869261,80.34253132865611,12,lightgbm_residual
129,4.891673996920949,6.08147308795084,199.208696584864,75.87563722697446,12,lightgbm_residual
130,2.7060124800552483,3.3448273008713714,89.5711371591287,88.22973256996504,12,lightgbm_residual
132,49.79676860458965,64.71121667780429,27.662862087962587,29.99777646256653,12,lightgbm_residual
134,1.6221217632586278,2.3661657847496795,130.7154290576305,128.31870151571857,12,lightgbm_residual
137,21.56272990407705,28.4308565433883,142.71745800716772,57.117906361079996,12,lightgbm_residual
138,54.40916727789429,83.82886019502753,54.44163558298717,55.15826093854486,12,lightgbm_residual
140,50.47509502331377,67.85514515540943,66.68658563708453,53.57912563755455,12,lightgbm_residual
141,31.327949724209365,43.32322630609612,73.70108904891816,45.831076695083006,12,lightgbm_residual
142,54.09279180329336,85.84996176761797,91.82593097254573,54.885393040458666,12,lightgbm_residual
143,24.282900978376542,32.54150402320881,118.82904489703066,54.387047873423825,12,lightgbm_residual
144,47.150408167304725,68.79596827792327,633.4107491104478,74.99415986051442,12,lightgbm_residual
145,15.953369290780609,19.68492789208054,237.36679249823794,104.34496643530501,12,lightgbm_residual
146,5.036855351920555,6.465581709810486,210.86663077257114,87.82875217222711,12,lightgbm_residual
148,77.35926693881943,132.40638743619212,478.56992991340064,76.6598395389619,12,lightgbm_residual
151,16.070933682962924,20.340304727381707,68.12282166520114,42.151751507468894,12,lightgbm_residual
152,4.927005412800529,6.518275185701877,63.07474220072613,61.036497513123926,12,lightgbm_residual
155,1.2946735635212703,1.698710712185054,54.648083876272935,93.30860815012835,12,lightgbm_residual
157,6.89436948686387,10.094037676220841,500.0786694293805,156.21750270947334,12,lightgbm_residual
158,32.43096822194173,51.4021179078791,306.1060286231163,62.54237473191676,12,lightgbm_residual
159,2.066826298350124,2.5773179337146996,94.78752254536583,121.03263815317939,12,lightgbm_residual
161,125.76644369043613,171.79501411881998,118.32802106189489,63.407020810231984,12,lightgbm_residual
162,83.16756663642234,105.50131232593964,83.67355417163571,61.87388957104815,12,lightgbm_residual
163,38.180833888792385,51.651881578851366,94.24190335207624,47.08541332581026,12,lightgbm_residual
164,38.796056423582634,57.30341950877397,170.06698958757144,49.446030564588746,12,lightgbm_residual
165,1.2103708159810063,1.5751670989062259,55.921669328157606,108.0446232958224,12,lightgbm_residual
166,22.26756558024367,30.651977049905003,73.16084059211958,51.88102245404406,12,lightgbm_residual
167,1.926878963634816,2.659202457064595,69.45914314126146,110.25702928243022,12,lightgbm_residual
168,3.2753441325867043,3.9776380540952654,125.00192998513593,77.74326174351872,12,lightgbm_residual
169,1.2346161748335245,1.793520526759804,67.15314125538407,100.38037756592796,12,lightgbm_residual
170,41.70446499800047,56.64299089434857,63.09289244950966,45.18688886759198,12,lightgbm_residual
177,2.8972044663773318,4.0120762003735,119.08281654410655,88.98892150569132,12,lightgbm_residual
179,3.0615351319065987,3.9089112484312674,139.2463857895295,78.61874640622386,12,lightgbm_residual
181,6.52480577254737,8.378520767504975,182.72316300500367,87.09051730145113,12,lightgbm_residual
182,1.4992735913549435,2.1014935244208246,70.04394932001048,106.41125941540514,12,lightgbm_residual
186,53.61158788312491,70.8370569284987,83.36823226238725,47.553999669227984,12,lightgbm_residual
188,4.143360010572551,5.53696134184423,105.07262919927211,87.08297632044666,12,lightgbm_residual
189,3.508870530695917,4.4187247333579815,167.57290355023616,101.51165942894757,12,lightgbm_residual
191,1.657820633339871,2.2850338084273267,60.17627740060871,103.84669824166845,12,lightgbm_residual
193,2.7946125431434763,3.596532966890176,75.36669320542325,78.8177522488789,12,lightgbm_residual
195,2.091088559370252,2.914839787260781,132.32669482217156,117.46009791898148,12,lightgbm_residual
196,1.3676861578828448,1.8030517876101952,65.87408353831135,117.54689330123387,12,lightgbm_residual
197,2.4255253611036705,3.3293685333230436,95.798762455884,99.83173910007208,12,lightgbm_residual
198,4.589495851400038,5.832521449297626,273.16603688840587,130.6175492694081,12,lightgbm_residual
205,1.7717183954298932,2.339433065529943,72.96277647875132,108.65809653045295,12,lightgbm_residual
209,10.076231839468905,12.281460066178642,228.59942864474897,83.50932013400775,12,lightgbm_residual
211,27.151225715484184,35.18794917832223,226.87779026883283,68.36551706120274,12,lightgbm_residual
213,2.0829106906134567,3.14124265999318,113.69905253228714,106.57158940714173,12,lightgbm_residual
215,1.7532668017754582,2.431770365622557,75.18648090735715,92.24741643944014,12,lightgbm_residual
216,2.660708005737331,3.2615567903724663,113.43955454901331,75.39260640111837,12,lightgbm_residual
222,1.6925099928245568,2.351882962642487,82.13763661732953,110.2909962030783,12,lightgbm_residual
223,4.764594732527635,5.791743281789343,230.48073960616824,101.67125865804148,12,lightgbm_residual
224,10.980979918293693,13.487405396165896,141.9017443439234,78.06831158082709,12,lightgbm_residual
225,5.140077339208385,6.16160488591873,132.32183039806617,78.5499396114909,12,lightgbm_residual
226,6.17760674051441,7.889407567600054,110.16633925906044,59.220872353642335,12,lightgbm_residual
228,6.486939058897434,9.238527945203513,332.18621255799525,117.32297103158692,12,lightgbm_residual
229,26.800784365170873,33.42773919503252,90.7909953829314,45.32095639650299,12,lightgbm_residual
230,45.919093841485655,61.650080149985236,57.815870949612666,36.85093041137774,12,lightgbm_residual
231,28.343324585997408,42.802733034161164,342.62071080577294,55.57642878530009,12,lightgbm_residual
232,22.538108425060045,28.406499019890216,263.38060906102265,86.71635417593245,12,lightgbm_residual
233,18.721961611647703,23.938727311038672,102.13814067804825,47.133892663296706,12,lightgbm_residual
234,53.762951374407386,69.13039475910173,274.48366780018404,55.43248083962937,12,lightgbm_residual
235,1.437750545207507,2.0843975100821925,61.87916141280889,102.8553254319192,12,lightgbm_residual
236,96.10977715046671,135.24137156640592,71.68610936840092,57.05695184612944,12,lightgbm_residual
237,112.673031687609,135.64871115777953,92.86881852359986,66.67216542943622,12,lightgbm_residual
238,25.71189634714091,35.30407127154202,58.362526954341085,36.586860670313946,12,lightgbm_residual
239,30.368958249451893,42.5980122951082,93.94129642564154,49.1143989171486,12,lightgbm_residual
243,4.398591114456914,5.301561748069404,103.66391860413194,71.85892322462773,12,lightgbm_residual
244,7.785583629767771,9.51200650015783,92.26993762925811,55.632336054261806,12,lightgbm_residual
246,42.35562600280685,53.42026229684496,289.9776296735497,56.855473739045,12,lightgbm_residual
247,2.329732354466777,3.32046348683577,64.47891334544357,102.07846979691925,12,lightgbm_residual
249,52.23902310039756,102.52386496660735,156.70737235898628,47.55505701073269,12,lightgbm_residual
254,1.5282812471054676,2.0418141393016263,88.29753211178759,96.41401820797942,12,lightgbm_residual
255,25.847233892353604,35.13593090418402,934.1626650851223,134.27494277048024,12,lightgbm_residual
256,14.241107602080907,17.414040442031816,542.2631118176207,109.4768327276213,12,lightgbm_residual
258,1.8241921665404417,2.477330039421745,94.09493139508385,124.50011399868463,12,lightgbm_residual
260,2.745243927739878,3.33346552569524,147.6401707651427,99.93042651189033,12,lightgbm_residual
261,10.719878431874804,13.361099429300724,127.32440401019642,57.05113879846177,12,lightgbm_residual
262,27.479310087957952,44.09918628711435,83.23149443789193,46.2741762310377,12,lightgbm_residual
263,32.03189590058457,44.00812749916746,151.60090009707508,48.40197849153274,12,lightgbm_residual
264,3.4488338908962075,4.473748839832739,58.99172025248816,66.75456092091287,12,lightgbm_residual
265,3.344134161890613,4.019486978573431,153.0737710258041,97.24099551285582,12,lightgbm_residual
4,21.64449728970318,26.95975199562188,240.67675337984764,88.78098122089447,13,lightgbm_residual
7,10.236118971861433,11.709391971691462,184.79099885310347,82.14424826943873,13,lightgbm_residual
10,2.179472172358351,2.7289190716831064,109.19423696249635,109.19589480209964,13,lightgbm_residual
12,1.4540767978865425,2.3701186206409615,56.832574943706845,110.09069268650963,13,lightgbm_residual
13,9.926660143475294,14.655324876107436,77.70137825504145,75.0767746450805,13,lightgbm_residual
14,1.9474401127642487,2.7247116055262364,57.846054880405326,119.88298612360067,13,lightgbm_residual
17,3.5005824822846585,4.527689828460022,143.72445276364596,77.23535540571085,13,lightgbm_residual
24,7.984335100694092,10.416215471405838,69.13342152436607,52.738871105152434,13,lightgbm_residual
25,5.23651795478225,6.873278890041068,176.50184932766408,96.70585392047194,13,lightgbm_residual
26,1.6071132235733268,2.4273917321741996,69.0390653083585,132.0849368370685,13,lightgbm_residual
28,1.1067951189329202,1.7561837311510997,54.621035331690706,90.61562691965491,13,lightgbm_residual
33,2.8214688396903895,3.9490727041300353,76.4512447063692,78.28539655965982,13,lightgbm_residual
35,2.5904363271828204,3.6902338705660256,112.66919117714855,96.88499228324883,13,lightgbm_residual
36,6.879259337076164,8.794062792315403,322.85482796530465,111.40014854415507,13,lightgbm_residual
37,9.551992811206754,11.541007732679727,297.54490867398016,93.35000222310886,13,lightgbm_residual
39,2.814598732386685,4.121836505657867,162.48870854832083,105.01597559453194,13,lightgbm_residual
40,1.5668896249417734,2.185314586205458,80.48990744322782,107.19122769738101,13,lightgbm_residual
41,11.801434615100334,14.741303335551303,77.58620846495207,50.73630545724182,13,lightgbm_residual
42,11.225787925132678,14.067360778811407,104.68453987014831,61.8258870306369,13,lightgbm_residual
43,18.959191544149693,28.024227938779397,62.92866337615152,64.52617214683919,13,lightgbm_residual
45,9.735003411134048,12.402237370862524,175.8478246255773,76.67348763939032,13,lightgbm_residual
48,42.49433863153161,52.43256679777562,76.8698658630433,46.11408983749815,13,lightgbm_residual
49,2.6623051622309,3.3865744421454687,138.39167953920716,93.6694869564986,13,lightgbm_residual
50,17.105693812041384,19.92201575194131,155.11847238849998,65.75803531837573,13,lightgbm_residual
51,1.8246306977207318,2.6811890552364,61.06708049902184,130.10149064689728,13,lightgbm_residual
52,1.3106018410570128,1.801793102845751,88.27734145188234,110.7910965367612,13,lightgbm_residual
55,1.840939972833498,2.3542628481362082,71.5473677078999,114.51696018189845,13,lightgbm_residual
56,1.5621529868122925,2.1600315443792866,72.85417027184077,119.12660596565303,13,lightgbm_residual
61,5.940948302871519,7.654613810568745,169.4607263072637,70.30537018095667,13,lightgbm_residual
62,2.2072610363490113,2.874503096757789,125.25265776920685,114.82392649138235,13,lightgbm_residual
63,1.6997555714745767,2.146077772182858,128.24601221017502,123.9069277031801,13,lightgbm_residual
65,3.352160125069472,4.131118220014127,117.66657310437212,80.51552631357752,13,lightgbm_residual
66,3.478221678461331,4.440139831701643,94.10096777535801,86.65514097620637,13,lightgbm_residual
68,32.613402196872464,41.33287212450715,92.12518305606785,42.335609387616834,13,lightgbm_residual
69,1.7190497843402712,2.417060888959858,111.81950924261714,114.78500268679426,13,lightgbm_residual
70,7.033491886149201,10.05327797404576,78.69115888412648,70.22733807219372,13,lightgbm_residual
71,1.9117672891644144,2.6220198841360283,76.76802706285791,110.27819706859191,13,lightgbm_residual
72,2.3898845269661995,3.364844367888723,126.85389142245442,98.6440041297231,13,lightgbm_residual
74,8.49594071593988,10.930383635184883,60.62434384392699,46.20118302737146,13,lightgbm_residual
75,10.958139045898974,13.474649823851198,59.71524496655577,46.39788828300644,13,lightgbm_residual
76,4.29801598177496,6.045595230275758,120.07407906771212,79.28032143446275,13,lightgbm_residual
77,1.4662426211933257,2.012848665741639,93.47090709099413,123.88129945536332,13,lightgbm_residual
78,1.3555231317185619,1.8637318341552918,93.23418039005526,113.28430742526855,13,lightgbm_residual
79,60.01982711430177,86.92300565281398,124.63851668162924,57.01908457169952,13,lightgbm_residual
80,14.732241360280609,17.945450300117926,690.418931373478,127.11310751062452,13,lightgbm_residual
82,2.876183310320386,3.9387441128760106,103.73299426629556,98.01708793271109,13,lightgbm_residual
83,1.354502360233594,1.764004152066549,99.33776183685104,120.17013109862044,13,lightgbm_residual
85,1.7863801083322768,2.257651428402986,100.47761993527998,121.79660144132856,13,lightgbm_residual
86,1.5410808198501396,1.9911550732223948,75.01546272934766,131.93094015777277,13,lightgbm_residual
87,12.535918388311037,15.32009236089295,88.59508040720716,53.597881835771226,13,lightgbm_residual
88,8.369765756978662,10.878637124373567,131.9015236637157,69.8069164470869,13,lightgbm_residual
89,2.652051255438416,3.807058769293493,116.38071812135865,91.13851885804483,13,lightgbm_residual
90,32.77940033036615,42.60396575066274,151.69226097395622,56.42389625286802,13,lightgbm_residual
91,2.3413242222239834,3.1237511770053557,107.41264999402524,113.2657268777984,13,lightgbm_residual
92,1.9213499921560786,2.8517128341257085,70.15218130159198,106.6175269179928,13,lightgbm_residual
95,1.8736352845746291,2.573533016785979,75.77341941887373,93.3811191355796,13,lightgbm_residual
97,4.5407983465479695,6.094964126692136,127.3629703264941,88.10916352306067,13,lightgbm_residual
100,22.43016381354469,31.6467285358784,121.83409503058354,44.31987618869616,13,lightgbm_residual
106,1.4937252533610288,2.134120149563423,85.29005200501459,112.8587959863567,13,lightgbm_residual
107,29.751868220378498,40.529020486471246,79.91639238180605,48.60961105284383,13,lightgbm_residual
112,11.245972009796658,13.145008090223905,454.36750708193443,115.7729924308875,13,lightgbm_residual
113,29.498925054059157,38.397720620879745,170.8726108011205,61.44081690229455,13,lightgbm_residual
114,38.03230295734356,64.0706185361006,231.8671663851053,78.25914760735564,13,lightgbm_residual
116,6.803293537335093,8.362913522184193,85.55332862538883,55.7789354122847,13,lightgbm_residual
117,1.235951565130755,1.7118932895314432,73.770502328147,116.48165400709661,13,lightgbm_residual
119,1.526245552438559,1.9686611606044908,113.93893521046698,152.59427887644412,13,lightgbm_residual
125,11.256999785848668,13.752344930903243,161.49231177107004,64.27246007644456,13,lightgbm_residual
127,1.7281536956980241,2.2515357863548235,71.14486604649069,92.94035535194229,13,lightgbm_residual
129,4.7808698161564385,5.862478347070878,126.84574951227737,78.78277674359445,13,lightgbm_residual
130,5.505755185138793,7.019005343839496,244.30061191569106,100.72973337828155,13,lightgbm_residual
132,63.126956455001164,84.02190953536767,29.595213933292314,34.06975784679215,13,lightgbm_residual
134,1.3109714165780655,1.8941329533059372,103.29205371013369,114.33422165668874,13,lightgbm_residual
137,20.414363856627286,24.606748279578223,96.60956154104858,52.68509319669737,13,lightgbm_residual
138,50.52483812973768,57.22150988278553,389.1371798925825,71.02308536663807,13,lightgbm_residual
140,39.13465394309191,57.356241432995496,104.21617768574156,62.128303616290204,13,lightgbm_residual
141,33.09119064316968,44.41432978587032,85.413680728699,51.267395421546006,13,lightgbm_residual
142,62.882397130265126,101.76411447589477,110.85900271785,64.90288032608198,13,lightgbm_residual
143,19.918141821424737,29.77114251309959,78.53234893387761,64.33469573798014,13,lightgbm_residual
144,36.56492406572097,46.224231021722154,287.70197326881976,78.44794013605936,13,lightgbm_residual
145,7.515346765968549,8.998391245709596,146.61825633603885,66.0638830010292,13,lightgbm_residual
146,3.5004343633494113,4.4196289500991375,154.1781986590837,80.42868408034587,13,lightgbm_residual
148,51.731082513180695,78.50264266336195,237.81098168596694,86.76505696475817,13,lightgbm_residual
151,14.633507543669792,20.182393033524935,63.93151826623771,43.99824670383553,13,lightgbm_residual
152,3.846039099072373,5.166468377690049,114.02066480425601,59.35181157035586,13,lightgbm_residual
155,1.4226155818138928,1.9856894995244088,86.10061580771206,116.89443025137747,13,lightgbm_residual
157,5.85060406190102,10.041668550883603,316.9122540577036,142.5608922389541,13,lightgbm_residual
158,27.46824267090226,35.26888758444545,208.1109499035067,77.52186958422969,13,lightgbm_residual
159,1.533245642074937,2.023876679751069,89.01630442801553,108.35548026066884,13,lightgbm_residual
161,79.54146963786293,115.41930602745872,99.58315988192804,60.23834889370615,13,lightgbm_residual
162,47.91773838771894,69.14742428086126,70.8961587994132,44.6792132465417,13,lightgbm_residual
163,40.174664389559034,54.977662150408264,96.48280136032568,56.158741621780145,13,lightgbm_residual
164,31.04503868485322,40.623272322412966,98.1861168397493,46.19707196599749,13,lightgbm_residual
165,1.358242555496651,1.9864372497367324,87.27812269139913,136.50100053522428,13,lightgbm_residual
166,13.722081824459456,17.915096413250204,61.166098815672,43.213149669524256,13,lightgbm_residual
167,1.4297205876913586,1.9944703399553532,86.30210287712184,113.11186902991501,13,lightgbm_residual
168,2.1318729459326726,2.826124853779602,119.19343282063899,78.73629568237119,13,lightgbm_residual
169,1.5462512658189844,2.08159623288968,110.97112736432832,116.5335873505391,13,lightgbm_residual
170,31.54952599321383,41.53043250037256,66.2940352533343,45.32001532967937,13,lightgbm_residual
177,2.9699271460929695,4.041550786779643,166.8338653595404,102.1792677967121,13,lightgbm_residual
179,2.319132150382853,3.505276775180302,76.07528792362432,62.22663859614119,13,lightgbm_residual
181,3.845127804482679,5.118522435180618,117.5952989113189,93.14488279536475,13,lightgbm_residual
182,1.7271391672002618,2.3688168995942123,97.922566058259,126.06810958544486,13,lightgbm_residual
186,62.567511478081904,82.5933065679375,64.33452152676968,51.835215592670664,13,lightgbm_residual
188,3.760992709064452,5.378673398344086,136.93841190416845,101.6505789551245,13,lightgbm_residual
189,1.9314149621337684,2.7163715558533577,108.86718913497366,115.80549290598931,13,lightgbm_residual
191,1.3847298923776696,1.8468967394293463,105.34560690456144,124.52383041566293,13,lightgbm_residual
193,2.017994626448039,2.8316524934083342,86.62465794861835,81.29887926868524,13,lightgbm_residual
195,1.4210442542240358,1.8640692068929545,108.87955753600467,126.20653852858699,13,lightgbm_residual
196,1.2855056255017046,1.644320064763213,101.49236549377969,120.1580740284896,13,lightgbm_residual
197,2.830967787268966,3.62275826899106,130.97972039356972,112.27760357954055,13,lightgbm_residual
198,4.263243664880307,5.213893066889293,273.2619818871674,132.99606710097405,13,lightgbm_residual
205,1.4042016952809921,2.255009291365598,74.2861165095836,109.95431790449341,13,lightgbm_residual
209,7.001067121946157,8.299825133919198,122.09363516773828,90.0838512426883,13,lightgbm_residual
211,19.975145493447325,25.652586011657323,265.07795232519294,78.38515890089069,13,lightgbm_residual
213,1.5392132248200951,2.4487158393696133,93.15881872058404,110.30537966053123,13,lightgbm_residual
215,1.4353397305064421,1.932835866753415,81.4407202434715,100.36021787278533,13,lightgbm_residual
216,2.4456766860523818,3.590226245111028,75.76590686669518,57.469976360294005,13,lightgbm_residual
222,1.873644002505517,2.6862326909144234,105.50779159152157,132.63813357480197,13,lightgbm_residual
223,2.2187709355267646,2.803085075009646,90.420538565515,75.20554592395818,13,lightgbm_residual
224,9.019892897480142,11.545354317162854,133.21588696075153,69.04596834541987,13,lightgbm_residual
225,4.241963524028294,5.439199182621167,135.6097323386688,73.8025473522352,13,lightgbm_residual
226,5.29894304634291,7.003435336904169,108.44146549099878,58.08635920255881,13,lightgbm_residual
228,2.5949101985308034,3.5566805485114865,90.54226960381635,98.04226642750196,13,lightgbm_residual
229,21.499587965118888,29.125973128007566,63.385583450561725,42.545473198196305,13,lightgbm_residual
230,45.88615538124395,60.296981260264424,67.67381113913108,46.94422524002067,13,lightgbm_residual
231,30.622762981054095,42.32284461034715,239.60752726781885,68.61823911689892,13,lightgbm_residual
232,9.406353033994948,11.446200195910741,175.07387999903005,65.25121915269817,13,lightgbm_residual
233,14.465524847972574,19.09641464309554,70.48333345017778,46.603438575453424,13,lightgbm_residual
234,36.27208252639043,44.30767121246482,167.78350157511463,60.05607029434566,13,lightgbm_residual
235,1.5190256987288058,2.167236716919531,91.11796167268031,126.02984435187163,13,lightgbm_residual
236,76.98888110241454,121.68816853014883,68.68052806658076,54.91061423096119,13,lightgbm_residual
237,85.17534091625541,117.10091596217558,118.73501431455429,63.96793065905947,13,lightgbm_residual
238,29.78719054208707,42.58931757270881,51.255501014646455,43.413409825917945,13,lightgbm_residual
239,35.99056753490148,48.893859864109956,71.29817439358452,47.8741572243241,13,lightgbm_residual
243,2.8393087136966826,3.542481970731832,92.61880938792942,62.81303178686746,13,lightgbm_residual
244,5.890915190333608,7.351623904365252,86.64120828975747,56.978760540845656,13,lightgbm_residual
246,31.77287522733269,39.86359051009745,343.745612183814,60.12365143043672,13,lightgbm_residual
247,2.0799326800486426,2.9779674272554706,136.32559543994807,105.47070995340086,13,lightgbm_residual
249,43.04098255583844,67.04656873801582,125.63309277881103,63.925756881544224,13,lightgbm_residual
254,1.6451525718386406,2.346593546565469,70.36919026275183,139.76565246877604,13,lightgbm_residual
255,28.41479531593107,37.1804954296505,751.9327645384857,136.36046357608407,13,lightgbm_residual
256,14.164520753587324,17.572463691133343,534.9028413908213,125.16706155498916,13,lightgbm_residual
258,1.1712340485841164,1.6359233778952877,46.04674031722164,128.23115340626447,13,lightgbm_residual
260,2.5917618694624887,3.2332304951050945,99.790701418815,101.51579311108924,13,lightgbm_residual
261,9.026516574765882,13.853972056899817,63.9180245733334,53.77115886555782,13,lightgbm_residual
262,25.063156542691676,39.94825793110219,51.15670838367513,44.19136326295828,13,lightgbm_residual
263,25.411962392912898,33.00450588462744,65.7112817429978,42.45258747190051,13,lightgbm_residual
264,2.6277038713833476,3.371637909041433,68.5652494283871,75.03165534099811,13,lightgbm_residual
265,1.9456894078028404,2.3267896609352476,102.40629859019077,108.60647102006253,13,lightgbm_residual
4,25.04641542653901,34.8120691383783,410.1751765598501,91.75205858587515,14,lightgbm_residual
7,11.618293199189537,13.166584406796963,217.71650182014736,91.37064147930339,14,lightgbm_residual
10,2.07016468348775,2.51026067488082,131.8998913039861,118.95800479191011,14,lightgbm_residual
12,1.867071485745627,2.766110312710077,138.7970503935512,137.81043627495842,14,lightgbm_residual
13,13.233785432415994,18.085538586995074,47.21642867806356,63.908356755169414,14,lightgbm_residual
14,1.7766476546105217,2.2883017511706347,108.73563174345311,137.09802059984517,14,lightgbm_residual
17,6.136370394950556,7.977122109981399,338.106516747383,113.59016642922437,14,lightgbm_residual
24,7.975588985236176,9.969723793941261,99.989916527199,53.46592653634078,14,lightgbm_residual
25,9.237496296804578,11.603028361476136,425.28569806165126,112.12727687471488,14,lightgbm_residual
26,1.2415620370132998,1.6102218418751366,110.37480181497068,132.04266553505263,14,lightgbm_residual
28,1.2323964824122895,1.5663187810952357,93.84906284872801,139.37968002531733,14,lightgbm_residual
33,6.098339493295683,8.12670591102616,177.1060538697362,76.72150708902673,14,lightgbm_residual
35,2.9339939989904154,4.0677938164125855,191.13318712572197,126.71741410828491,14,lightgbm_residual
36,13.072867773314522,15.612975570485267,891.9323873538568,161.94606607602475,14,lightgbm_residual
37,17.805554092410546,21.341047006345168,827.7137065928416,143.31589427418862,14,lightgbm_residual
39,2.9458529492413508,3.698178688171846,145.2058271042173,130.54331290269099,14,lightgbm_residual
40,2.381196276186941,3.063904452163374,139.29928624331325,111.9743757756549,14,lightgbm_residual
41,20.704529446662985,26.63272132781499,128.9510430870106,70.36442989820837,14,lightgbm_residual
42,17.71981961006368,21.44022466457113,190.7902826240224,85.65701393049149,14,lightgbm_residual
43,25.344902407043477,34.21162544670992,81.34913841514016,67.42643626300868,14,lightgbm_residual
45,17.979242298171396,22.29842294016546,437.9770096748899,101.52101308674123,14,lightgbm_residual
48,39.829103341682895,54.98788592136744,80.32782285853095,41.87924669192249,14,lightgbm_residual
49,5.651313591024359,8.313483702589009,372.39949537925594,102.75304235942151,14,lightgbm_residual
50,17.87733581047362,23.224942341040794,63.32635139002111,54.52408822764303,14,lightgbm_residual
51,1.9943610237535019,2.8120446183671897,139.8227628216816,158.20433928366455,14,lightgbm_residual
52,1.8653854470314541,2.495892760550444,117.85394160933026,107.0468622346305,14,lightgbm_residual
55,2.055859442013163,2.704447104845574,229.56395708443145,151.05830767264214,14,lightgbm_residual
56,1.8392685443319217,2.652960056075207,122.60705372738776,143.29389658036803,14,lightgbm_residual
61,8.720884556703073,11.823607628670626,458.8929565430192,116.81943902200756,14,lightgbm_residual
62,2.5058981033549226,3.511094768167306,142.6412957201755,107.81945432330826,14,lightgbm_residual
63,1.7958187333251399,2.3230754491376486,116.25430011333349,138.51210100721138,14,lightgbm_residual
65,5.142579197696699,6.595081966593355,186.209465806978,91.62868234663024,14,lightgbm_residual
66,6.977395241968147,9.03579244716991,164.1665548706653,88.08282236974999,14,lightgbm_residual
68,31.788325455289208,44.72985001722281,131.86796329558882,41.34112857110613,14,lightgbm_residual
69,1.8347197138275224,2.42431216261253,133.87031142987234,128.66702466646004,14,lightgbm_residual
70,8.887462022323176,12.417910678779762,105.713802531907,75.13901835065498,14,lightgbm_residual
71,2.207727156686475,2.7098071709348273,164.56211370169754,139.185444781197,14,lightgbm_residual
72,3.2900370344947567,4.619795963852128,255.6289287813605,132.04546932858275,14,lightgbm_residual
74,19.288364419193226,25.029234862946822,131.66417530681647,76.73369493038764,14,lightgbm_residual
75,9.142673983080043,12.947577641418597,51.223711857757046,34.210066760649184,14,lightgbm_residual
76,4.6639569424685225,5.711733370414321,272.1991698619624,125.09270985987894,14,lightgbm_residual
77,2.091691398916611,2.582639448663276,151.11935527945204,155.61501988474308,14,lightgbm_residual
78,1.7893235602783093,2.4785776942060944,197.36091217291127,134.4262404025133,14,lightgbm_residual
79,86.8577021922651,171.89799395356178,257.16741565398274,63.15195352737442,14,lightgbm_residual
80,15.255761845162217,18.94877020484409,848.6108825657639,134.8245089120695,14,lightgbm_residual
82,2.6469708236316483,3.472630065242294,188.0979806042277,111.35024581433704,14,lightgbm_residual
83,1.3829781601270736,1.9722569016599187,69.89957671307735,125.38066958644613,14,lightgbm_residual
85,2.1416555488871656,2.763627171352547,159.55428680541382,148.36975106166264,14,lightgbm_residual
86,1.6068180187314682,2.1619262856995003,101.391670766657,154.0672106244215,14,lightgbm_residual
87,22.125341977822085,29.09422557884245,219.78005584322258,68.7387715143314,14,lightgbm_residual
88,14.085349887475354,19.06247479006675,184.71026285702698,73.99649267739521,14,lightgbm_residual
89,3.844933842968068,5.201969546078205,300.846330944609,117.13523972220979,14,lightgbm_residual
90,31.40333698197951,47.51206800591139,177.2178559143889,49.60124270147029,14,lightgbm_residual
91,2.2009814201137776,3.0994570677542503,158.20295589522283,125.0591144786946,14,lightgbm_residual
92,2.2530250564252428,2.9318415060054135,148.2108143252689,129.38914318142963,14,lightgbm_residual
95,2.2639585200496595,2.855053936795471,125.28199277918817,119.55723154829485,14,lightgbm_residual
97,6.268607699364694,7.440557503078141,238.49435552191412,97.01588390740504,14,lightgbm_residual
100,19.375877066767146,26.171472866880954,58.36142408988428,47.139365149429494,14,lightgbm_residual
106,1.7035153951548123,2.235173845265602,121.06160384679438,110.1841053111253,14,lightgbm_residual
107,27.053100645618283,41.45284107170046,130.34348598838216,44.96893183585044,14,lightgbm_residual
112,16.849615734675773,22.892061478353543,748.9886502404056,129.54015511759275,14,lightgbm_residual
113,25.856325397163033,38.98296297634869,373.39389287419834,53.51003301405575,14,lightgbm_residual
114,40.43650211174261,88.67696141976263,334.7797694713234,56.68575932650631,14,lightgbm_residual
116,11.886456837823262,13.793711509875,172.50900304018705,89.39655386893037,14,lightgbm_residual
117,1.4481596571253652,1.8988614898432155,177.14022961561375,162.22279780943416,14,lightgbm_residual
119,1.9075573680352422,2.814816880490935,64.6014548292898,150.9549979282109,14,lightgbm_residual
125,13.140975971357785,15.956401406302607,176.8971935581316,58.75426363619417,14,lightgbm_residual
127,4.2163529761138605,5.048815039697113,216.16411014040895,119.97285791291564,14,lightgbm_residual
129,4.9165965246205605,6.034893829779262,182.61503376821545,95.91546176937278,14,lightgbm_residual
130,3.2199783743493744,4.146816332561546,152.31465737630293,104.4679565098442,14,lightgbm_residual
132,51.926113655469045,72.49196258991954,45.322987996558865,28.065170856711656,14,lightgbm_residual
134,1.0560803949018887,1.498983139009087,45.99989424829972,125.45201424690784,14,lightgbm_residual
137,19.66558560076629,26.382665017335178,155.9957743940621,45.99736956510581,14,lightgbm_residual
138,43.1580908336214,55.414496589393416,120.9192168410654,56.77633184085906,14,lightgbm_residual
140,43.40965070260302,55.60222767137542,48.7840192028078,50.03096018033278,14,lightgbm_residual
141,22.136553847240375,33.70269179146046,99.88216136925257,38.38038311566051,14,lightgbm_residual
142,39.18990677158585,58.52560416346426,80.91984818045077,47.6838802227874,14,lightgbm_residual
143,17.03457777172729,25.21826311535708,65.17966238632987,39.01738688672266,14,lightgbm_residual
144,41.524918987916415,63.84167040356545,518.0818307052241,72.9777972828122,14,lightgbm_residual
145,12.715035505021419,16.9260985768488,244.12895025015885,86.44441261037754,14,lightgbm_residual
146,3.866189898305217,4.726876109306373,137.06118080843206,77.30359446773907,14,lightgbm_residual
148,66.89944971477225,124.80578431096505,549.0672875350537,76.3944790209172,14,lightgbm_residual
151,17.213592470348278,22.408553732474083,85.77363749286256,49.150161745173676,14,lightgbm_residual
152,5.464500780669932,7.1075428847444115,161.6526239759461,75.64748289896038,14,lightgbm_residual
155,1.4082122128094496,1.944841459080329,109.95687399561965,144.4838712833625,14,lightgbm_residual
157,4.457063852812026,7.203829010056675,281.2728646740934,132.33809681421084,14,lightgbm_residual
158,35.04213778852115,60.105651312942236,582.8264588446463,68.701649266732,14,lightgbm_residual
159,2.3453376299510516,2.9874028836240996,234.84610164758104,132.53488747515658,14,lightgbm_residual
161,152.26451276660376,195.33756827640667,81.49283639864451,91.83384671287142,14,lightgbm_residual
162,49.1085413778568,73.24323502249939,63.59513348878308,42.03739564388068,14,lightgbm_residual
163,53.41126175058783,70.81501322214247,57.60762648328887,59.12641037043769,14,lightgbm_residual
164,29.08096448549397,41.04200464498862,90.4765724836423,41.2430500108834,14,lightgbm_residual
165,1.420161264764591,1.8648460544681806,139.57306596942055,153.77023420677486,14,lightgbm_residual
166,13.982894676415981,17.462018048258386,114.1488063434964,61.11229298920302,14,lightgbm_residual
167,2.032923872156262,2.8435255036270535,195.60467088649463,155.85978466089765,14,lightgbm_residual
168,4.149503307648541,5.196235697645047,241.60718332691496,115.88813861687004,14,lightgbm_residual
169,1.9314172891468402,2.5949728576432034,130.26689675960662,151.24578190033697,14,lightgbm_residual
170,34.619705593447584,44.70212209436168,72.48778285493997,49.75212921192329,14,lightgbm_residual
177,3.335679616871804,4.200197061893896,141.17330134577168,143.14171398636998,14,lightgbm_residual
179,3.09205786878278,3.806266890333769,121.36201803171238,89.96423404708203,14,lightgbm_residual
181,7.956971722331098,10.665822722453738,271.0489289768231,124.40597442362282,14,lightgbm_residual
182,1.337360445505838,1.9231237113799646,82.10020279082082,132.36256455858543,14,lightgbm_residual
186,63.26311875523496,76.04928062607316,76.10722880861465,52.66532281992187,14,lightgbm_residual
188,4.4542187339617065,6.346372180798018,256.29781834826747,127.73204155635567,14,lightgbm_residual
189,2.4861019084271803,3.1426698143643486,141.23027938844172,119.62424634153938,14,lightgbm_residual
191,1.5708723088054157,2.012003838213571,100.81364340693577,137.29940083240822,14,lightgbm_residual
193,2.8191856509185427,3.667399107170423,102.96883147911511,101.37556215050135,14,lightgbm_residual
195,2.3835918374426934,3.098038591078852,240.22059488210456,136.69913022414985,14,lightgbm_residual
196,1.8442307421902597,2.379476981603706,155.6146531545535,135.61313965846458,14,lightgbm_residual
197,2.092627391645239,2.6754390145711606,159.66547142280533,125.43503725156961,14,lightgbm_residual
198,4.8232561203161355,5.925875972324148,374.41462985162894,154.1208263443808,14,lightgbm_residual
205,2.2215988695371554,2.7065129260239225,191.8718112355992,158.03891986392156,14,lightgbm_residual
209,12.15257789148447,15.14209407582952,269.656444737973,91.12419046343274,14,lightgbm_residual
211,26.948631772492757,36.81294772188626,445.4643768288661,76.88440302633468,14,lightgbm_residual
213,1.572139545584055,2.061401995355477,111.81742634427377,141.2207081520974,14,lightgbm_residual
215,1.8447688271760996,2.329720631910314,128.98784341826962,124.10727784387386,14,lightgbm_residual
216,3.5723425005530185,4.288941680578096,225.6819517956354,100.29593602753562,14,lightgbm_residual
222,1.8695500008463675,2.7138664205007705,216.1796663557574,153.5812689057872,14,lightgbm_residual
223,3.0399568055857284,3.6280209736355906,129.48222508786893,92.40861550447444,14,lightgbm_residual
224,10.451171831013028,13.921420011036798,231.33906734769104,78.33975055017736,14,lightgbm_residual
225,5.9553385334718785,7.751909719770929,341.8380711880177,112.36842867861093,14,lightgbm_residual
226,5.7990327196839475,7.228888043167581,142.31100978424115,67.09254455706055,14,lightgbm_residual
228,2.663750264146353,3.0812105120481377,188.08183678384378,125.18709238354263,14,lightgbm_residual
229,19.13595064198635,26.66676219840176,82.48130298544446,36.96691311727552,14,lightgbm_residual
230,50.00497404984836,68.2517823525207,67.45451813598945,51.629651310225306,14,lightgbm_residual
231,24.474252533512868,36.2054610083956,270.2675818511327,49.78664886333129,14,lightgbm_residual
232,18.97246694886466,24.56845903634655,239.99723916463137,85.25413033111109,14,lightgbm_residual
233,14.050903871920028,18.349019249365814,81.93098206925745,44.77384188007938,14,lightgbm_residual
234,49.02361005336269,66.09425583162736,182.1550986643462,49.712033778537545,14,lightgbm_residual
235,1.6739551049359414,2.167583401877577,85.17640158926184,142.55300974300624,14,lightgbm_residual
236,88.92848944685045,120.83704485200015,113.08820628575684,62.461512729884255,14,lightgbm_residual
237,116.61440083694838,139.51431056307277,83.10207499567035,72.52677229930556,14,lightgbm_residual
238,21.511632885728435,28.61420264089343,69.41975437075241,35.602277979782386,14,lightgbm_residual
239,32.52039597714512,43.89537807451527,70.12198614025242,49.19533763392417,14,lightgbm_residual
243,8.85721270356157,11.512692803925416,341.7946767330533,94.61846204045133,14,lightgbm_residual
244,11.037200249358674,13.320942678268437,145.50349867044093,72.13188581389187,14,lightgbm_residual
246,33.482645391734316,47.78597602144493,282.8723334881691,52.2125685435477,14,lightgbm_residual
247,3.4199171039834866,5.067224194678785,172.35118528645748,136.8252309283513,14,lightgbm_residual
249,52.494137774529314,113.18813388654381,149.3410549675824,47.542612326177355,14,lightgbm_residual
254,1.8019623704904957,2.3135632817921485,126.08061838743826,146.46250607829077,14,lightgbm_residual
255,32.21203986842869,39.06505411287661,970.1403874903491,148.53476001241265,14,lightgbm_residual
256,15.521702436633275,18.54131661152045,732.9967098145389,124.99019415933314,14,lightgbm_residual
258,1.7116113202308094,2.284328792281886,73.45596154309173,130.08434720720285,14,lightgbm_residual
260,2.560562411885757,3.1051185634609824,129.13935597674214,97.93170106193838,14,lightgbm_residual
261,13.704052538209778,17.090494975156883,94.47119313310294,71.81197216376843,14,lightgbm_residual
262,24.77090369954621,40.91830926246838,55.732577441541544,49.057883546871885,14,lightgbm_residual
263,30.8496395158997,37.96450756551485,90.88771751408031,46.4174487966398,14,lightgbm_residual
264,3.039182050491783,3.707654960889475,59.42416286167796,75.28056371400159,14,lightgbm_residual
265,2.1453605315535973,2.6777301020943556,120.097761955466,88.5459502522649,14,lightgbm_residual
4,19.4327947012853,27.666066229028196,211.24091041394325,80.00938532161949,15,lightgbm_residual
7,11.949019321928125,15.037026179763657,281.2421147427076,88.53482370043082,15,lightgbm_residual
10,2.353620964122061,3.084900703421143,138.2362369883574,108.37383351501705,15,lightgbm_residual
12,1.544338529859786,2.1641394358280532,77.14891465496152,102.95607109297629,15,lightgbm_residual
13,14.236682078083149,21.448843981864712,50.71474199049846,46.03105950986162,15,lightgbm_residual
14,1.5351962427939359,1.9097376436631204,71.46054479956446,141.16389568124703,15,lightgbm_residual
17,5.189892608778473,6.743654858621108,343.6383549523423,102.42535982389428,15,lightgbm_residual
24,9.217373873566311,12.054691505251357,83.66788662865181,53.929521559261296,15,lightgbm_residual
25,5.90345869898588,7.3941791565022,260.7920526571126,99.13785269553811,15,lightgbm_residual
26,1.0149229965526643,1.29407765750093,83.7867463404836,141.53152015058296,15,lightgbm_residual
28,1.2330553312599901,1.5742570427073905,87.46806802026401,128.07345292933385,15,lightgbm_residual
33,6.464234193868634,9.083531151428453,175.1025713854335,82.37671141377128,15,lightgbm_residual
35,2.091326901732112,2.698258243521159,129.3592868014741,126.83151187899188,15,lightgbm_residual
36,10.4949529433627,13.54210691899597,631.585021081529,145.27091200720733,15,lightgbm_residual
37,16.23919058590555,18.417593105489086,790.7769114388916,139.47130712632256,15,lightgbm_residual
39,2.3517118406023156,3.141224695741377,149.27036563805737,134.3076732653325,15,lightgbm_residual
40,1.9761011864894513,2.5936812006770187,78.84742027493971,112.36957809857518,15,lightgbm_residual
41,20.15107500864403,25.903460695686572,93.47306814568205,56.747737711254764,15,lightgbm_residual
42,14.54516387814297,17.947347163180982,128.14106875830825,74.61188893355508,15,lightgbm_residual
43,22.546688184297295,30.293174713507565,52.08840361479618,55.109690773137054,15,lightgbm_residual
45,14.475097169668572,17.375412074563407,278.7250975912494,94.35385756624252,15,lightgbm_residual
48,36.9586375472069,45.15125530961056,50.30007206934278,38.591661620459256,15,lightgbm_residual
49,6.030549198341787,8.23895532005755,339.6003768647278,102.41106900264458,15,lightgbm_residual
50,18.635376321006362,23.282607670287764,87.01313401561534,54.752037403085126,15,lightgbm_residual
51,1.0755107202262493,1.3110844292265236,62.984608422205376,147.85676117951425,15,lightgbm_residual
52,1.3433441188513295,1.8258600951890078,58.99078272616835,81.73725530730749,15,lightgbm_residual
55,0.958420718287781,1.3077353781204257,66.14256990171876,143.01434869001727,15,lightgbm_residual
56,2.736321121264647,4.722606649853039,161.52293441216108,150.54014206574047,15,lightgbm_residual
61,7.934688501193037,9.709481248208377,396.7333309238813,104.92185552999597,15,lightgbm_residual
62,2.2567921531472894,2.804206982080854,121.21046487656146,129.1965185030294,15,lightgbm_residual
63,1.6075298254740868,1.9997798862492582,103.96598466421084,139.08070079420472,15,lightgbm_residual
65,5.345417677899461,7.275052162163343,155.85827481980562,73.14673116481765,15,lightgbm_residual
66,5.765594123229739,7.848949796914895,159.39769185789774,88.23934870127015,15,lightgbm_residual
68,37.917783550994805,46.76441750725253,76.6625386101119,39.273157792044124,15,lightgbm_residual
69,1.3018398326629015,1.7341480061108363,96.85263404464129,118.63917953900439,15,lightgbm_residual
70,6.3423799888202455,8.770362722838422,70.35070941362248,66.87349139410226,15,lightgbm_residual
71,1.8800133358486335,2.6294756462098996,68.99070701491658,136.28551490523304,15,lightgbm_residual
72,1.7536603588604969,2.3866687594273457,106.06183110295156,136.0468115247554,15,lightgbm_residual
74,20.73179834806225,25.214075595750653,126.63563507414064,70.61976931916409,15,lightgbm_residual
75,9.609412750089533,13.128883601494158,30.82275728415037,27.27602136877815,15,lightgbm_residual
76,3.149229500863633,4.2351562960195155,141.09178763126062,101.44248088880204,15,lightgbm_residual
77,1.6859382704686336,2.2896636305506433,101.1527012002458,155.58860115963145,15,lightgbm_residual
78,1.3290636793397348,1.9250729425663007,152.34485559551953,160.47561857774545,15,lightgbm_residual
79,79.22952381729466,137.90223510434916,143.95350589643468,59.43354755347238,15,lightgbm_residual
80,13.981056237390385,17.263005713575673,620.3185055377232,131.40622219196084,15,lightgbm_residual
82,4.589790611255158,5.918977622732629,298.73740542037643,133.6411478860458,15,lightgbm_residual
83,2.1789807571074693,2.858442687299844,106.61015457448937,149.3586807969814,15,lightgbm_residual
85,1.6320627278121407,2.058030975959201,113.88590308796248,127.5631851329954,15,lightgbm_residual
86,0.8673696288011076,1.1143217183631942,57.271978515733025,155.15140487691582,15,lightgbm_residual
87,23.36792006614206,29.149658577683862,126.08996712789859,68.9818945886663,15,lightgbm_residual
88,11.770154622960023,16.04675587250995,84.41126180420703,65.59502870897911,15,lightgbm_residual
89,2.225603182309049,3.560888601767986,83.78222216902056,91.37938105051434,15,lightgbm_residual
90,26.054804375366842,35.88599457812746,80.38038408524419,41.31874830684938,15,lightgbm_residual
91,1.488296669953949,1.9493013510800887,71.27019021464649,129.87244000798384,15,lightgbm_residual
92,3.1170172736109905,4.52028419724267,205.14071911770185,133.01350959033616,15,lightgbm_residual
95,2.7444399802354664,3.789637923435534,168.21582300352068,110.29489023855812,15,lightgbm_residual
97,7.691539866081416,9.994056671711581,293.3966306856636,102.80344348651614,15,lightgbm_residual
100,26.644400946905773,36.21993794813812,56.84418830097938,42.091557748949334,15,lightgbm_residual
106,1.480638977794842,1.7895052853101925,94.90690451858438,125.0779530051525,15,lightgbm_residual
107,30.355455645624517,38.474149227834495,60.43243024447421,50.276862730153404,15,lightgbm_residual
112,17.265008804719027,20.946593213081723,599.6240330200001,125.47229375417209,15,lightgbm_residual
113,27.842555714477474,35.40433325029416,133.84374942939002,50.33114501021833,15,lightgbm_residual
114,39.8560078102047,80.39987919133179,243.72164393444785,58.948728607205034,15,lightgbm_residual
116,16.731038781845616,21.53551155127284,239.0250669223764,86.92729916821195,15,lightgbm_residual
117,0.7113691919643154,0.9275445307536674,140.51264821189037,157.4841359068985,15,lightgbm_residual
119,1.3586758883533268,1.7850083604211124,80.6203938771516,158.33798623044552,15,lightgbm_residual
125,13.83976107361894,18.801442729752814,264.9521513615242,55.49213243874939,15,lightgbm_residual
127,4.011349919308945,5.117902434845547,261.23339647305033,123.48719009784695,15,lightgbm_residual
129,8.574779058276581,10.519859272909189,294.0108380090325,109.20011746673926,15,lightgbm_residual
130,3.987225273535929,5.17049916319996,206.61702325100842,102.45123510648223,15,lightgbm_residual
132,45.90162322381451,65.61376414484212,30.444013489071526,26.48916959219186,15,lightgbm_residual
134,1.2643378248721189,1.6737692737315233,96.34654486129436,113.86485411777785,15,lightgbm_residual
137,16.63595933942346,22.988406470098354,52.39927209928554,33.330179529797256,15,lightgbm_residual
138,53.046143437769295,79.68904123267133,54.75823836583634,53.271428168964555,15,lightgbm_residual
140,46.610156505803594,62.45968388249865,41.70608134613546,44.04100436239623,15,lightgbm_residual
141,22.568418624627558,36.86891200151263,34.377859098628974,33.03244099664363,15,lightgbm_residual
142,30.38758881262541,52.97586100100443,40.07793496625663,38.595071172910814,15,lightgbm_residual
143,22.28455070974852,31.83703954420841,70.19813141342874,52.92875706949047,15,lightgbm_residual
144,41.662766565473824,57.289237866833915,212.28782785931236,71.09586357642735,15,lightgbm_residual
145,18.866665036351677,23.790789753330962,325.7169555620535,97.97926083157013,15,lightgbm_residual
146,3.975045860847382,5.2387036276299845,143.04640312462732,70.51740067234097,15,lightgbm_residual
148,55.61096828360081,101.60467951717045,240.69267011905785,72.00412387998438,15,lightgbm_residual
151,14.916612888668288,19.146553813280654,47.76425899500927,42.24425868537551,15,lightgbm_residual
152,6.07672132770774,8.38284557057114,170.56235527677208,75.51832025076159,15,lightgbm_residual
155,0.7307860689679805,1.1330150569244255,73.55126883468472,96.03657951360695,15,lightgbm_residual
157,5.686107471980493,9.779155550617604,266.18640815483127,150.3509278101885,15,lightgbm_residual
158,25.294858182047985,46.58933908223594,167.05973845911313,60.77114047609974,15,lightgbm_residual
159,1.486922615101965,1.9123082804316995,76.54260381136469,119.5449547318327,15,lightgbm_residual
161,99.1455690898852,148.00041675402022,48.22817601291678,49.95515752763413,15,lightgbm_residual
162,56.00522325476328,73.71950209177871,54.666733569178625,46.94934239445766,15,lightgbm_residual
163,32.1265448389863,44.48587985489641,53.241698869130104,45.050019695855326,15,lightgbm_residual
164,26.888944661507036,33.80068753646797,51.50521573323302,34.304851266547864,15,lightgbm_residual
165,0.8102530937932922,1.0659478057788854,68.19108029886229,156.03250702862047,15,lightgbm_residual
166,13.160248968430487,17.54901875671641,62.609875752650254,47.9786122114867,15,lightgbm_residual
167,1.431146680694657,1.8943216329161492,121.83573839349981,144.99363055967444,15,lightgbm_residual
168,4.715808479171899,6.003049114441978,201.44675466477474,130.0678578740652,15,lightgbm_residual
169,1.6041463416720536,2.1322071927043926,144.05875239818238,155.57601433804248,15,lightgbm_residual
170,30.87864672754675,45.47369599744239,49.39059475894088,39.99634105077268,15,lightgbm_residual
177,2.487930564689112,3.036402969553216,159.04431005960916,120.68159540132787,15,lightgbm_residual
179,5.168406927212556,6.883814026482225,221.52629638130196,100.54937317925487,15,lightgbm_residual
181,8.402248254668887,10.529333928797744,303.9641352862245,122.07188697466063,15,lightgbm_residual
182,0.6732408262940947,1.0358189216461147,51.7464085775925,125.99868824701991,15,lightgbm_residual
186,97.63197817636303,126.08613771309719,388.8051152840014,77.43858574143574,15,lightgbm_residual
188,2.54815270200568,3.6601454526001462,107.73948805350994,95.73727397001703,15,lightgbm_residual
189,2.766249804842861,3.790044343694296,122.49404323724235,96.98154235507435,15,lightgbm_residual
191,1.3498231647055352,2.0179896251095757,106.37590969096173,140.45121748614102,15,lightgbm_residual
193,2.604702325893911,3.23552130324083,83.69887568765532,84.60204582500296,15,lightgbm_residual
195,1.568150878818497,2.2829888159962226,74.62224672277408,120.50172723897468,15,lightgbm_residual
196,1.2993447495203434,1.8240789046694612,84.91213122595619,112.34044986497561,15,lightgbm_residual
197,1.8756956473108988,2.4208473098856436,104.72753729839937,116.73929736486598,15,lightgbm_residual
198,5.396152456771841,6.54315436851204,300.5372541666941,155.2189729493003,15,lightgbm_residual
205,1.2532089739845937,1.552678288011711,85.88663889740961,139.3853440743854,15,lightgbm_residual
209,13.175726800640811,15.861832973019094,217.49144915326744,89.48035481733702,15,lightgbm_residual
211,28.28835706997035,37.00585228387755,266.61516434732897,74.19831788175391,15,lightgbm_residual
213,1.2995188730105742,1.7230153616621784,123.60033173211227,131.77167102095572,15,lightgbm_residual
215,1.7413792638427317,2.3070699860498767,88.00680300778006,128.06642925521805,15,lightgbm_residual
216,2.4466179769269965,3.167706501612804,143.64318400021477,81.92368603732552,15,lightgbm_residual
222,0.8618271027203374,1.1350945732686382,80.49755749349686,151.64499258214207,15,lightgbm_residual
223,6.785967196642321,8.213121733042334,286.63214963697953,113.2476720347856,15,lightgbm_residual
224,7.791852567194366,10.145965560645168,133.19728387502357,63.72908782147976,15,lightgbm_residual
225,5.3975993349558165,6.528702225590974,270.3725914794795,93.19934659855988,15,lightgbm_residual
226,12.927699581786149,18.778634659737612,198.7185897550031,78.1806795648972,15,lightgbm_residual
228,2.28831093673214,3.02074887376107,97.11241011557445,110.88423414883353,15,lightgbm_residual
229,23.58901057597593,32.593162179455966,48.706491301351804,38.33891265712892,15,lightgbm_residual
230,45.03655557418737,67.92148707633044,47.636929103348294,37.22596362640203,15,lightgbm_residual
231,22.129443787711022,30.06567428288553,104.2658527982615,40.55518625129252,15,lightgbm_residual
232,15.289555468145181,18.87615791380192,211.71663180998556,75.17319455903028,15,lightgbm_residual
233,16.725946747743148,24.07444798308548,47.12013162481772,40.28126965424946,15,lightgbm_residual
234,34.43256598419421,49.59048929549718,53.67491471585492,46.32798335893373,15,lightgbm_residual
235,1.2555195500884613,1.684919367299789,120.75535291127298,158.29271219643888,15,lightgbm_residual
236,96.2287173320798,131.7734606687581,45.162567994951246,51.76554808430456,15,lightgbm_residual
237,113.03856445225658,139.2462927757213,68.93240198868708,66.42661586226453,15,lightgbm_residual
238,29.35159791284819,37.7812699259618,56.813808913501305,43.08165436475812,15,lightgbm_residual
239,37.22128051641241,48.739139729139346,48.19831312048786,45.7819609055295,15,lightgbm_residual
243,7.635800748420681,9.902531170913198,230.76134253634416,92.35771991367729,15,lightgbm_residual
244,9.97465458274397,12.236797435454998,108.99068110784896,63.62992414464125,15,lightgbm_residual
246,29.69078223724527,41.35649087190614,118.7685436254849,44.74693024950753,15,lightgbm_residual
247,2.9850966307609244,4.282396133729568,198.68229297013406,129.05094997814675,15,lightgbm_residual
249,45.13135709294517,85.35633946998682,87.01232371143102,53.89852080955196,15,lightgbm_residual
254,0.9795079418762397,1.2601918717814105,65.71021306190727,130.29576075773448,15,lightgbm_residual
255,29.005193404843563,35.520769242171426,651.0867770973875,133.16054189663814,15,lightgbm_residual
256,15.959872228588699,18.745661690571154,539.9076304463865,121.22302612614617,15,lightgbm_residual
258,1.3109337474321912,1.8208982961450257,79.10677896793365,135.87526173026995,15,lightgbm_residual
260,3.460772215260217,4.861718498071552,191.81859120457167,91.41269294817562,15,lightgbm_residual
261,8.811846909576397,12.475377369104264,85.08672482889897,54.11040073721504,15,lightgbm_residual
262,26.637797621073457,41.402737791811,73.09997824025697,47.321700998858155,15,lightgbm_residual
263,34.69474216468509,46.21736210822587,60.75290064970653,41.14034744681954,15,lightgbm_residual
264,2.9797045561420514,3.9677918597235764,42.15659206167651,70.84844826284001,15,lightgbm_residual
265,2.550760440881786,3.2302898232135058,102.71711737449243,88.57518206505547,15,lightgbm_residual
4,23.742037939215674,31.682666597320736,527.0941449570755,83.90452481287973,16,lightgbm_residual
7,22.3112765671904,29.497639295389153,569.3469626948681,106.53498033325347,16,lightgbm_residual
10,2.307577732977125,2.883974927703525,133.2981017861837,106.55306131995697,16,lightgbm_residual
12,1.6545890980726299,2.256162524470392,112.47915381351052,110.33723977170541,16,lightgbm_residual
13,18.942315285641303,25.1964795372069,56.49207145460792,59.13736784550059,16,lightgbm_residual
14,2.718552840734274,3.742489061506727,125.61577858669514,134.84458685020198,16,lightgbm_residual
17,9.079758431506482,11.97235951425253,649.4939541604557,126.01416230421204,16,lightgbm_residual
24,11.526382199327452,13.386721547356082,265.7801093181789,73.70565269904073,16,lightgbm_residual
25,11.995398958558042,14.619156501145186,498.3720434054266,122.19771776347295,16,lightgbm_residual
26,1.1333585872670178,1.5256715146775253,81.43301627802505,146.4386070445516,16,lightgbm_residual
28,1.8759967299381854,2.40200911973549,133.4441558119663,122.07691635782437,16,lightgbm_residual
33,8.710110171845349,11.7818032153158,276.64528687703694,96.29563621661377,16,lightgbm_residual
35,1.640767296788609,2.022898660555644,101.06988549061093,120.7316701518446,16,lightgbm_residual
36,12.934302279552734,17.60459351913623,676.1753982292453,138.21303991062828,16,lightgbm_residual
37,18.15485027047046,21.741488535607374,730.5545548067255,135.93788594652395,16,lightgbm_residual
39,2.259284924460553,2.765234433765182,113.06904783745999,136.84356847076603,16,lightgbm_residual
40,3.14293130348693,3.8638989666658428,178.40360659883117,126.27977494700627,16,lightgbm_residual
41,27.32424705718994,31.94115996727756,387.6119385334613,84.09010395484923,16,lightgbm_residual
42,20.180736235707858,23.46951929469117,443.60217814320526,93.3077350525051,16,lightgbm_residual
43,25.829859691416562,34.66472082886298,151.05378418875378,70.29199129270303,16,lightgbm_residual
45,15.388633751860981,18.293160323283654,385.66368548058045,105.08129405280745,16,lightgbm_residual
48,70.08616615985483,103.29140760576217,175.9421490628153,52.900416198759814,16,lightgbm_residual
49,7.658588766755707,10.349009075349777,317.80235433321144,118.10847345589404,16,lightgbm_residual
50,25.60822287512009,33.29742257579425,304.7920262943382,64.74720498854832,16,lightgbm_residual
51,1.1209048279672789,1.3693329054967818,91.29532936676699,147.59463842837374,16,lightgbm_residual
52,1.9173391161645623,2.585992953787161,92.97612193528062,118.37041787765368,16,lightgbm_residual
55,0.9859022216923005,1.3429069429297245,85.79621143198311,143.6467895168014,16,lightgbm_residual
56,1.2427777147880648,1.5840238925985732,99.58473630931562,124.49886914181945,16,lightgbm_residual
61,10.331158467506441,13.745932248975102,591.2097063942946,108.34328959709774,16,lightgbm_residual
62,2.8925619649444982,3.588811547613433,158.70277420827523,139.45539396488638,16,lightgbm_residual
63,1.739559807283908,2.0068412955116735,94.64106944937926,148.26107606370795,16,lightgbm_residual
65,10.261958107718373,12.418790864818199,306.47055514392093,100.03566748797516,16,lightgbm_residual
66,8.705584502236999,11.102388532440429,268.89583620649324,99.49681411699744,16,lightgbm_residual
68,44.285485654231174,61.33309163443476,148.31851623106897,46.5689800857179,16,lightgbm_residual
69,1.4734772044136204,1.8331471379158761,100.01994474171816,127.79602231050376,16,lightgbm_residual
70,4.844722154498741,6.0924635247738825,44.936973995878745,62.259830189623955,16,lightgbm_residual
71,1.714483443153546,2.2192088281579165,71.94814822272235,118.30713328128074,16,lightgbm_residual
72,2.200798443857297,2.8958009581450477,107.4868752095433,142.92661325245763,16,lightgbm_residual
74,22.05985500271045,27.21139427927676,282.174555900681,79.43631927840403,16,lightgbm_residual
75,12.732443933447135,17.71130563103652,114.58223264219399,43.28290483698107,16,lightgbm_residual
76,3.1783632752978153,3.7903743928813967,147.12921572853426,115.50182096592566,16,lightgbm_residual
77,1.3091965354664428,1.8159203739422833,102.51697594571705,130.30895067410003,16,lightgbm_residual
78,1.4545011099974579,1.974791380219904,109.46364252984581,142.49832751374814,16,lightgbm_residual
79,105.00419824848736,169.97113889342958,322.2057597050095,70.06845319227668,16,lightgbm_residual
80,17.969384097900534,26.309783731711086,888.696433659754,134.08929035573428,16,lightgbm_residual
82,4.6024735245880635,6.744555087924908,198.4888473034946,109.11894086244372,16,lightgbm_residual
83,1.8790795412951538,2.381898043130371,115.99142504173896,140.67593100007466,16,lightgbm_residual
85,1.8566372839792427,2.3425890318649225,103.0122980822012,136.39743589327148,16,lightgbm_residual
86,0.8551160527360867,1.2892375906816904,39.99808949733868,147.89365521432603,16,lightgbm_residual
87,25.167778676751368,36.2109944682871,304.3750976884526,66.29827096401604,16,lightgbm_residual
88,15.546768219731677,19.541700336157923,424.246055355297,74.06651263299591,16,lightgbm_residual
89,3.1386316738492734,3.969053822619274,174.76677539469264,105.80379600143726,16,lightgbm_residual
90,41.050465558897635,54.47178439467467,328.4381473576385,57.988613867497314,16,lightgbm_residual
91,1.2101890614250896,1.5814997370011263,68.33887971299653,120.6040714081098,16,lightgbm_residual
92,2.862850106209118,3.9653095971694285,117.27822501402659,153.6704930605398,16,lightgbm_residual
95,6.730753429925656,9.032734539650683,325.6560917305044,131.6408936612634,16,lightgbm_residual
97,16.704493593023756,20.07129893550075,736.8088196606476,122.4936143279178,16,lightgbm_residual
100,19.215676131029074,24.393857148423837,84.38955800106514,38.223915756608136,16,lightgbm_residual
106,2.3205453465330312,2.8446896336537697,145.34786454150026,126.27461884292734,16,lightgbm_residual
107,53.58632771307577,86.18584074448934,440.9798658005202,56.60450540987055,16,lightgbm_residual
112,16.577937389701923,20.627521983749602,700.2708521683929,122.35468338875405,16,lightgbm_residual
113,32.61310340268124,43.948383451498,458.39643367359713,59.789611988506806,16,lightgbm_residual
114,42.28280912874558,57.384477929888455,444.29145995310694,70.88334969479332,16,lightgbm_residual
116,13.173365474683388,14.968554001952553,291.84094839264077,92.92289828430374,16,lightgbm_residual
117,0.7583025479920659,0.9501799216586219,69.36456695461543,144.28349336552762,16,lightgbm_residual
119,1.243305101479786,1.6323379280065171,63.665685460576405,146.37306816032174,16,lightgbm_residual
125,16.495697586436318,20.803029809740934,211.50010859479943,69.75218357618996,16,lightgbm_residual
127,6.9718457491069294,8.13962834146249,461.3177781991433,138.4520080082127,16,lightgbm_residual
129,9.2120020143946,11.42516837391415,411.97537728554374,100.9619821490132,16,lightgbm_residual
130,5.741104742545502,8.402401000433443,313.3223185135662,124.12690461033664,16,lightgbm_residual
132,41.00321984980649,53.08095898781456,23.11310695675074,25.061454438686322,16,lightgbm_residual
134,1.5875227924644217,2.090999798149697,69.71766012894585,137.38857676277848,16,lightgbm_residual
137,35.201879755506475,59.691228142922775,395.49453172412944,55.40174327193787,16,lightgbm_residual
138,40.739240321554,53.069806227724705,62.87600088309644,49.68818372189168,16,lightgbm_residual
140,43.796404242412244,56.06361409319924,74.7150363471926,52.96414865214846,16,lightgbm_residual
141,33.34528553767536,62.70313826563687,210.68619622200288,40.54200585444771,16,lightgbm_residual
142,41.507822617836034,58.29832157561525,152.8037250008647,51.632693171674255,16,lightgbm_residual
143,26.25389316431099,34.353132305908375,168.78640524613218,53.55442152872033,16,lightgbm_residual
144,40.40922220161716,50.86130905007795,323.1387862094881,76.6221244395601,16,lightgbm_residual
145,20.409822972175743,25.31251943751494,578.6441286753034,110.09633778558332,16,lightgbm_residual
146,8.246275724963255,10.31285497759809,436.01043597533453,99.8251386589627,16,lightgbm_residual
148,76.22098852507482,107.81721530961211,499.99142419482894,93.97180855697404,16,lightgbm_residual
151,16.177851181993827,20.818737745806466,111.51775978579744,52.564228407579016,16,lightgbm_residual
152,6.123235375094158,7.271408488938838,202.37614305419385,83.60606843282604,16,lightgbm_residual
155,0.7735805359166593,0.9721900714685576,48.921764748693825,136.6725335837477,16,lightgbm_residual
157,6.133659978853363,8.551316885273845,308.1621594245164,148.0492671936768,16,lightgbm_residual
158,26.695294813433602,36.04268030666662,255.878516483229,63.53360634086413,16,lightgbm_residual
159,1.8470303197249593,2.374690537588513,116.6201951139008,136.84354610927778,16,lightgbm_residual
161,166.53983276455853,202.55108983222647,262.7089307903755,96.57264020869532,16,lightgbm_residual
162,53.01412045706215,69.38625859320928,131.69062880980997,47.03127374855961,16,lightgbm_residual
163,46.1353337787933,56.729534630625146,115.14791880727044,53.077325196364455,16,lightgbm_residual
164,44.3756555151219,63.44693407302769,235.08945461629236,53.82620743664211,16,lightgbm_residual
165,0.8575820379827997,1.205755627651582,34.19307611569059,118.96979038494909,16,lightgbm_residual
166,11.949010025937973,14.928876312106691,150.23023189806145,49.80344041501232,16,lightgbm_residual
167,1.5344815146474318,2.0932195508743905,62.98466968397507,136.24787113819755,16,lightgbm_residual
168,6.150674566520952,7.092091865973719,420.8677707740359,130.90527674646378,16,lightgbm_residual
169,2.2487040041828394,2.850836595000111,176.29769217861428,153.99221500737812,16,lightgbm_residual
170,59.45713897141963,98.92684321531735,445.0730277575063,52.98033862866982,16,lightgbm_residual
177,3.456953604987587,4.34793404568306,224.2499787544074,130.5280815328879,16,lightgbm_residual
179,3.997057084639542,5.146606720158086,225.564809007406,88.90598811860691,16,lightgbm_residual
181,15.910506851354455,19.64525727812907,792.8797013440028,143.40763750928764,16,lightgbm_residual
182,0.9985038694157975,1.3288304825810304,54.0554338888218,131.92173334369215,16,lightgbm_residual
186,70.35998076172667,84.48963757018889,115.82613035062454,58.03079366408087,16,lightgbm_residual
188,3.8444505672646407,4.7021551256969305,205.2546999201097,104.93530774289111,16,lightgbm_residual
189,5.303233173508639,6.819944433701611,293.61798276927095,135.03317575234362,16,lightgbm_residual
191,1.2714965165682248,1.7934708779465929,104.48644386206341,142.13594082372867,16,lightgbm_residual
193,3.2137297375426663,4.224149647520494,85.09402510841863,89.41512534074751,16,lightgbm_residual
195,2.288245578660559,2.988464107721735,182.08083815700965,135.68646363812834,16,lightgbm_residual
196,1.729561832450431,2.149819081917813,85.59390246941554,135.3361573226967,16,lightgbm_residual
197,2.1775845346913933,3.0496762161615516,169.2629566155129,106.47131891224932,16,lightgbm_residual
198,6.8590196143737865,9.604883116803697,466.4518502918475,156.64399033091632,16,lightgbm_residual
205,1.0670190572565934,1.42148727358511,69.49352173365058,132.26672795750753,16,lightgbm_residual
209,15.0843837704505,19.154676013847375,390.46405024059345,99.69014926018296,16,lightgbm_residual
211,27.742556901085653,33.76689948035674,351.820983779006,79.74828319798364,16,lightgbm_residual
213,1.5469603854145006,1.9638241383062918,53.826812097645124,142.41414421246517,16,lightgbm_residual
215,1.1394354730655123,1.5027877192377965,73.97810851757764,110.58850437964804,16,lightgbm_residual
216,3.4192879233130675,4.296759959083389,173.2819493829143,101.3842768388344,16,lightgbm_residual
222,0.8906897165474016,1.298337853380236,192.38872881762953,151.45817884716425,16,lightgbm_residual
223,8.644305371634458,10.831643380082395,311.1834540261512,110.52038189577468,16,lightgbm_residual
224,13.712628331908519,16.527055596972204,348.8456524230359,86.00137662742061,16,lightgbm_residual
225,8.254153079507416,9.872925845750698,409.6063426079566,127.06140884782597,16,lightgbm_residual
226,10.18689245700773,13.67280207758685,280.92744070534286,82.21970797567525,16,lightgbm_residual
228,10.623698580875844,18.293173993850196,727.4211680075286,135.35575737682404,16,lightgbm_residual
229,27.71958575284805,42.486191509399255,154.1513323613758,45.076738281277436,16,lightgbm_residual
230,52.85121165129916,68.37914494928508,105.95286450423811,48.32281439892049,16,lightgbm_residual
231,24.503041615918505,40.74364639761831,261.78598373610123,48.1118599045603,16,lightgbm_residual
232,20.19015625897282,23.66245364088546,352.3296875518261,88.99323497019907,16,lightgbm_residual
233,24.350134378851948,33.73724940432725,232.33298803623055,54.48038857144619,16,lightgbm_residual
234,45.43677227315073,60.21535580710485,472.17834452367134,52.42091928666938,16,lightgbm_residual
235,1.4898256843154123,1.9088835878795152,136.4247555197285,152.2018152928085,16,lightgbm_residual
236,82.05672023524343,110.34309197720273,144.5671193206967,67.17343606413452,16,lightgbm_residual
237,105.9885909037518,125.39632214032733,113.63237330004871,62.73613193934074,16,lightgbm_residual
238,27.88991624894632,38.825970749605446,146.4094633054168,50.85770714542863,16,lightgbm_residual
239,39.42262705819087,54.81888555135313,191.44790671791048,48.19181838932777,16,lightgbm_residual
243,12.528077035401362,15.35522264953515,563.9583014828189,124.32874615566999,16,lightgbm_residual
244,11.929185608426748,13.919480492783949,249.3941006197963,82.8106123774731,16,lightgbm_residual
246,38.70407171736008,54.528387771696,298.47153019617963,53.55311785819492,16,lightgbm_residual
247,2.6507982530782854,3.395010009944701,130.82110448001959,129.32932298445144,16,lightgbm_residual
249,55.72465588354063,81.65156510245751,198.5020013718851,57.810911499376225,16,lightgbm_residual
254,1.0126016845718298,1.3618385229346321,55.70425918439867,145.87141539093489,16,lightgbm_residual
255,36.088328131093014,45.03066681742004,1331.0320818748646,152.95238919418125,16,lightgbm_residual
256,21.869491576716772,26.45668867947795,830.7464555122996,130.75942088650726,16,lightgbm_residual
258,1.2698944198925546,1.6400517712088505,47.95651012265486,118.68340718989457,16,lightgbm_residual
260,5.243968609922157,7.80410449702958,236.73386050091025,98.37368253751346,16,lightgbm_residual
261,13.178372056026559,17.277838357350323,151.6152915185474,68.62280517446949,16,lightgbm_residual
262,28.74141063279716,43.00219416895853,115.5522603055817,55.878898937533,16,lightgbm_residual
263,44.71652183177297,66.53935691363743,464.1720132505513,51.19410838384777,16,lightgbm_residual
264,2.993991201035344,3.6901065212123125,80.94894666507314,70.22691237029555,16,lightgbm_residual
265,6.182683561797183,8.607737706008143,251.63889909855138,110.77867664801484,16,lightgbm_residual
4,17.921908726568,26.00526589386066,281.1149394092347,87.96885888241037,17,lightgbm_residual
7,14.381733980903837,17.599627698000436,361.5891204513686,98.36155098077491,17,lightgbm_residual
10,2.5573587146585663,3.8295281114355766,161.44117659335006,96.76702294436343,17,lightgbm_residual
12,2.115272090575777,3.349000004465367,127.39710788809684,120.24876486317623,17,lightgbm_residual
13,14.611771905033402,22.341105542579253,54.9886061594956,51.03788698527698,17,lightgbm_residual
14,1.589881433958513,2.0015127101304957,71.98163668486008,133.04727241016442,17,lightgbm_residual
17,5.78737538574465,8.35137538286848,342.9571345280084,110.83463178772452,17,lightgbm_residual
24,6.348083494145698,7.755799531200504,72.78758846673564,55.8494679924598,17,lightgbm_residual
25,8.313938775053746,11.289819392683818,326.3616902257354,109.7311472610251,17,lightgbm_residual
26,0.9429960563224588,1.3283452049319502,68.16163282189936,110.98011396474782,17,lightgbm_residual
28,1.3371051397393003,1.7194158890706241,96.28346919715062,124.4093075468529,17,lightgbm_residual
33,5.427996166784678,7.192505575807623,166.5942713450972,83.12696000945259,17,lightgbm_residual
35,1.2776916331825692,1.7228500216368483,99.09297007213121,110.26900537848032,17,lightgbm_residual
36,9.814508479498265,15.33266981976795,530.5447181961182,136.63739378153977,17,lightgbm_residual
37,12.783980510412732,16.682971031149275,556.2399715363063,122.58104679599278,17,lightgbm_residual
39,2.18693421611501,3.154741743446336,113.7756609545628,128.3640823013172,17,lightgbm_residual
40,2.1060092035219498,2.636523410694381,117.66829913245327,130.71084700694772,17,lightgbm_residual
41,18.16515539227984,24.006972291389413,147.60040338422863,67.43440790646501,17,lightgbm_residual
42,13.547927273014288,17.5157267584348,115.20506921308889,67.06408990432139,17,lightgbm_residual
43,14.369822199773195,19.029791931234293,33.965614115933455,50.05722735406514,17,lightgbm_residual
45,11.422622601371707,14.627434391438067,270.2660316104918,96.73712701060383,17,lightgbm_residual
48,33.72644555940585,41.34791740274554,52.08666332349736,37.98962922367824,17,lightgbm_residual
49,4.583926206256751,6.576861475966504,242.66532614421723,96.9676930196614,17,lightgbm_residual
50,15.51620026808998,20.25181199281997,159.1355190029873,52.6963355522121,17,lightgbm_residual
51,1.1807995177040684,1.6146914519801283,77.58240751436043,125.3282511583883,17,lightgbm_residual
52,1.3444925906199252,1.9051494325677818,78.65717444874339,86.60360854334895,17,lightgbm_residual
55,1.1081588478028708,1.458718357935286,90.37206032944995,142.8901939762383,17,lightgbm_residual
56,1.285843810571989,1.84719647211133,131.27847487273374,119.47193988278373,17,lightgbm_residual
61,5.950198402575012,8.02873308173867,215.90585971908905,95.125389037422,17,lightgbm_residual
62,1.6648753106536136,2.2647472448951853,113.49177235144217,112.98054109026788,17,lightgbm_residual
63,1.6694145680134191,2.3326817644823157,72.10073030603793,124.20452311798745,17,lightgbm_residual
65,5.674997360922635,7.515364504727019,189.82711943870532,87.92605608021695,17,lightgbm_residual
66,8.773426585620948,12.068567205654436,207.18021209821734,109.15667637354329,17,lightgbm_residual
68,36.27937890787744,49.02512890780992,57.56616734517529,37.96486505281107,17,lightgbm_residual
69,1.6324762955838035,2.297686054322318,114.84155211316778,146.5294191288716,17,lightgbm_residual
70,9.899829726629362,13.051279127049135,139.62711077120093,85.56727112549272,17,lightgbm_residual
71,1.9258554749540033,2.578595925797132,149.3713809079403,122.43319763710213,17,lightgbm_residual
72,2.031739673132528,2.6824353606373936,105.47456254093821,122.08520284469746,17,lightgbm_residual
74,22.422902124748592,29.40572204811586,159.53718739404687,74.6384631339564,17,lightgbm_residual
75,10.894421507233373,15.324379461083792,49.97992449186571,38.47839123921546,17,lightgbm_residual
76,2.83993874312807,3.548264429017691,173.8452815510149,125.33163911440447,17,lightgbm_residual
77,1.142706300816429,1.5630851356991549,90.60521312072409,127.01501456157098,17,lightgbm_residual
78,1.1339267265762545,1.4413654634670092,73.37321470551059,158.5524276435324,17,lightgbm_residual
79,61.391548573140334,113.69200068775815,203.70662670040107,59.64957362938341,17,lightgbm_residual
80,18.405456027693546,27.044469831027893,938.5300310220025,129.06586987193626,17,lightgbm_residual
82,2.616582023163208,3.272544428614538,156.72555407625254,110.85507667092662,17,lightgbm_residual
83,1.704348175518837,2.093126231993308,115.54594775361508,138.21167648207484,17,lightgbm_residual
85,1.400164163279797,1.9362421582046796,91.94827584885086,130.78377637367723,17,lightgbm_residual
86,0.6553402912158898,0.9347730814696785,65.08510621772703,115.78512628703363,17,lightgbm_residual
87,16.860571002673996,22.839008323649715,272.26109856191647,69.69939995721717,17,lightgbm_residual
88,11.406705168258837,15.145185018240861,123.07339338405679,81.10049583270334,17,lightgbm_residual
89,1.8955211358431552,2.3503670756307478,116.56369952501211,98.13803143317868,17,lightgbm_residual
90,23.80058037196477,32.766770773048684,144.61208966402654,47.72026564275168,17,lightgbm_residual
91,1.1807948740161875,1.6362054025066695,91.91925806397921,120.27834502662877,17,lightgbm_residual
92,1.5673367617610434,2.158268500842675,124.08127345058604,101.14772315753059,17,lightgbm_residual
95,2.0167104943367513,3.009791897582979,115.00354286562624,104.7459438298871,17,lightgbm_residual
97,6.537322436340218,8.26722653806657,218.78294875048198,104.61867575357265,17,lightgbm_residual
100,25.992534238212816,31.55628356015075,66.15287649373812,50.91023578922708,17,lightgbm_residual
106,1.9265107844609257,2.704238376768445,171.79436787773216,125.62896330785907,17,lightgbm_residual
107,25.676675245220327,32.80374772691804,88.40397905961615,44.95095646911155,17,lightgbm_residual
112,11.294507218564737,14.357373018067799,491.45970738998307,120.20370853850852,17,lightgbm_residual
113,25.545740444372328,33.70396188968139,173.08487613842237,67.3343233853359,17,lightgbm_residual
114,39.64343406915735,70.7545690026219,365.26233819542296,93.35386338447411,17,lightgbm_residual
116,10.84278720196239,14.584711261014863,185.54324996876426,82.13605088769272,17,lightgbm_residual
117,0.7187361166627763,1.025574948866305,75.46236940815763,123.55941604071324,17,lightgbm_residual
119,1.5106182020108303,2.1315854723822345,98.33498890646428,145.05441089117508,17,lightgbm_residual
125,10.955451133583386,14.22274035198194,161.7895717134817,64.42028851110898,17,lightgbm_residual
127,3.833092912220962,4.771136198920077,250.18005918632954,124.32699070121805,17,lightgbm_residual
129,5.388383391040828,7.081064428514514,202.92922831897985,82.46930803599241,17,lightgbm_residual
130,3.6747802172914175,4.823305312008081,222.70404722341706,113.02240417164786,17,lightgbm_residual
132,73.30175497132448,93.71585458849208,38.34458278189008,49.05970163563622,17,lightgbm_residual
134,1.0826866550707492,1.3946892455046902,79.9533009247231,118.65688918461451,17,lightgbm_residual
137,19.46141240269562,26.435974925436653,69.34004923277047,47.30141443826431,17,lightgbm_residual
138,84.25386852205534,119.93607227886889,67.84464413977382,65.56110774904408,17,lightgbm_residual
140,57.9481398684847,82.83098162709886,42.03181636159633,53.85990003893253,17,lightgbm_residual
141,28.529929183231136,41.39132488310867,78.10040030026445,40.84098214447076,17,lightgbm_residual
142,36.82295578796178,47.347134091692496,52.704357900470136,51.320400615050836,17,lightgbm_residual
143,16.96445443874522,27.50079485374393,31.884314813694058,36.38613698615018,17,lightgbm_residual
144,30.308130653857717,44.25085359373377,357.9867733004102,73.34425612852993,17,lightgbm_residual
145,10.175207002143521,13.16503309688198,246.73143324622254,83.33616228621656,17,lightgbm_residual
146,3.786446059239252,4.725560066951384,134.4304241547085,81.11128812605898,17,lightgbm_residual
148,54.836027352594535,102.54688902394935,451.52157806004817,91.34201690589016,17,lightgbm_residual
151,11.410709709144896,14.794868865833006,35.66207069707688,42.11917749722375,17,lightgbm_residual
152,5.573284548139025,7.047387376561916,125.13655404100513,71.1735809746877,17,lightgbm_residual
155,0.812950212052058,1.1451158290287056,54.86645973147073,123.7127024256423,17,lightgbm_residual
157,2.927377947006015,4.661256704309432,135.44012037348517,138.16384280964706,17,lightgbm_residual
158,29.34046606137235,46.343870197026106,350.9774958518013,83.15672487351809,17,lightgbm_residual
159,1.9389908730992034,2.556361162972343,133.00948066465423,128.5486452336435,17,lightgbm_residual
161,125.47639519694008,169.95663023117928,59.09536855323364,64.15503332872713,17,lightgbm_residual
162,67.16615852907033,89.63987060487554,53.85790720684513,53.605004421142496,17,lightgbm_residual
163,44.367705923841875,61.857934797369275,53.103680183596914,46.50497385523496,17,lightgbm_residual
164,34.768073972969084,45.761841223321966,87.86483830716986,50.24041759386838,17,lightgbm_residual
165,1.1241935242128525,1.4825487328501794,70.03124707034631,150.56724871405538,17,lightgbm_residual
166,10.562002027521443,15.0379505684745,43.70272668020777,43.69033194512085,17,lightgbm_residual
167,1.2753237632147498,1.7785557969365544,90.60593034635022,125.76057154087646,17,lightgbm_residual
168,3.5107698317683664,4.643588384268402,174.74095439816796,116.60974687545213,17,lightgbm_residual
169,1.4292445413395434,1.9567193460128065,85.32301635125795,143.46863379899642,17,lightgbm_residual
170,41.52440402866971,53.551656302392374,58.0316685672044,48.7949530010932,17,lightgbm_residual
177,1.7843391594648736,2.307494434719316,107.90235197527267,113.87016665362665,17,lightgbm_residual
179,3.0525524173805665,3.940868583948856,125.61285854349808,84.16329317885224,17,lightgbm_residual
181,5.320300890716706,7.228994705723094,288.35490451379553,117.787658575277,17,lightgbm_residual
182,1.3636652856766702,1.8868579327876633,118.92312260445372,145.82872788534337,17,lightgbm_residual
186,92.7880187132647,119.58724335060901,78.76944116205752,72.82669371407896,17,lightgbm_residual
188,2.569248712258315,3.303220725390135,123.16056209083122,110.76269955475529,17,lightgbm_residual
189,2.057906566763173,2.9660061925839942,122.8601856356361,110.23252121546004,17,lightgbm_residual
191,1.107403658941552,1.4726424925741746,96.35325214812781,125.38988077455322,17,lightgbm_residual
193,2.152570618092787,3.098688834870629,92.42149065748664,68.34732593868716,17,lightgbm_residual
195,2.4370785305927023,3.1974800992308436,212.4106246505855,139.75933658460767,17,lightgbm_residual
196,1.2692927230535327,1.6743534763673042,99.16178740005871,133.49975450650766,17,lightgbm_residual
197,2.225959508713174,2.738517096473161,138.21376081494478,112.68906228595564,17,lightgbm_residual
198,3.425551337446278,4.832501814107217,160.10467892122102,141.19119114044972,17,lightgbm_residual
205,0.8323580486159962,1.1617079110780848,94.26738418596508,115.79494006640896,17,lightgbm_residual
209,12.610320235402554,15.583573165596572,318.1996439916128,97.08636044728564,17,lightgbm_residual
211,19.05442929768762,26.82223974140061,273.32944439594576,76.6943960848801,17,lightgbm_residual
213,1.3583976802579443,1.853461948772767,131.16004439966588,133.40961407096844,17,lightgbm_residual
215,1.3428724395255598,1.7711527629643817,84.71496551428321,117.51983010859675,17,lightgbm_residual
216,2.537515190814398,3.2613937443739607,124.31763541410372,95.81457724798467,17,lightgbm_residual
222,0.8108775943458261,1.0820347374396142,79.94185272534344,128.72733656168862,17,lightgbm_residual
223,5.176836449521674,6.315052775468056,210.47434784804247,95.4939403828301,17,lightgbm_residual
224,7.16632612200853,10.045496278347933,127.1305991926863,64.10372029747724,17,lightgbm_residual
225,5.740244582356293,7.03396864589926,263.5893082771616,118.60503040358189,17,lightgbm_residual
226,3.8433492348353653,5.268706662167764,81.17714056910374,53.65606763131578,17,lightgbm_residual
228,5.287998242641571,7.634731208878626,384.26598592973636,142.09158293277406,17,lightgbm_residual
229,22.601539485051244,29.3309027225921,102.13791310872986,45.3770142187092,17,lightgbm_residual
230,50.92914281981564,73.13085503941926,48.70992174628672,42.29816309878756,17,lightgbm_residual
231,22.367893917751342,29.148384182910615,155.73718676856305,55.47476595915802,17,lightgbm_residual
232,13.345969982569633,16.522484046432083,240.21613581960258,84.88702225434578,17,lightgbm_residual
233,13.750553334249403,20.297307320114196,56.67855490284922,39.246582869863,17,lightgbm_residual
234,48.92215826951766,66.21994389980368,269.7630050570458,60.11111735462672,17,lightgbm_residual
235,1.362748757145659,1.8460357940813785,112.7517255671472,132.1986097362468,17,lightgbm_residual
236,98.41857740282586,136.77706343909063,70.56844591895896,70.92540195108351,17,lightgbm_residual
237,109.61390644454605,142.41325899393885,101.10432797418771,71.80505946727921,17,lightgbm_residual
238,20.16762078894968,25.91777688485435,38.96047318006897,39.35037987181156,17,lightgbm_residual
239,28.860105029576946,40.57843160664699,63.035979354240055,47.19940492155822,17,lightgbm_residual
243,5.386604167452428,6.891519644771432,248.78990882467406,91.08787498353242,17,lightgbm_residual
244,10.271091277592015,13.01354450572808,142.22513345692647,77.66458072269886,17,lightgbm_residual
246,32.381718633733975,44.29531149903077,291.1551207184152,47.96313643802418,17,lightgbm_residual
247,2.4786861694979705,3.6703994649452656,176.12397236802545,130.0031432861506,17,lightgbm_residual
249,51.29786977187455,91.83489664928527,170.6909797953523,78.43456540792867,17,lightgbm_residual
254,1.1794933995460843,1.7222598456420288,86.34529836356262,138.1197299347948,17,lightgbm_residual
255,22.673070368592775,31.59194715944587,591.4348306532262,132.54446295587022,17,lightgbm_residual
256,13.93119012792963,19.33143672463155,581.4294742412108,121.80467100186063,17,lightgbm_residual
258,1.4898154835447517,2.0908059713968545,128.72489798196312,129.15482315334273,17,lightgbm_residual
260,3.5361934045520336,4.880614132660717,202.2721701987146,105.06696000507266,17,lightgbm_residual
261,9.528192554846271,12.438516326140611,77.76557027898664,61.63316409962385,17,lightgbm_residual
262,22.558514122622455,37.590805647793985,38.042904354597965,43.08550589614936,17,lightgbm_residual
263,25.776846769956638,34.7005363428781,58.40628183781088,51.77189428352643,17,lightgbm_residual
264,2.999126001921241,4.001321036754029,79.47758422199003,70.45599483283343,17,lightgbm_residual
265,3.286743829906045,4.158111571667176,125.78048616069064,103.95328656299961,17,lightgbm_residual
4,25.69008089031952,33.70503748276298,433.7846686120564,94.37616793788023,18,lightgbm_residual
7,10.277575860626587,12.817126428706075,187.07660553707387,78.04999944454612,18,lightgbm_residual
10,1.4517412633567373,1.9310277560243823,105.31316494563663,100.00565088591192,18,lightgbm_residual
12,1.4367593808151786,1.989706737145366,65.93790026583447,101.02219338012355,18,lightgbm_residual
13,12.14188895716768,16.343970447370953,67.17015914113473,57.617985920959846,18,lightgbm_residual
14,1.2157168123514102,1.4965011445169536,93.21973639470629,139.04117119240792,18,lightgbm_residual
17,3.952197772116019,5.528641970161861,245.0666763135442,90.388094429751,18,lightgbm_residual
24,7.222006607160402,9.976084802999797,84.73952549265113,50.483551620604,18,lightgbm_residual
25,7.769026541255144,9.813974360836008,404.08302550305484,110.12650500453974,18,lightgbm_residual
26,0.881386793718452,1.1920841614318571,58.75860526925185,157.88925708648648,18,lightgbm_residual
28,1.014133669371209,1.360465627007833,67.16663527365931,125.13518012223652,18,lightgbm_residual
33,5.8465031140303765,7.626427075755289,223.4395644477684,101.85793851084209,18,lightgbm_residual
35,2.380782685381293,3.0775003576690887,129.94633008466252,142.65699925816162,18,lightgbm_residual
36,10.623444347753376,13.37904247881691,532.6695364349116,136.66954461470525,18,lightgbm_residual
37,19.477400903090327,25.8836163541253,788.6232062515879,132.99547706653118,18,lightgbm_residual
39,1.8249021832560943,2.2220654944988247,75.50242561714016,140.70348053360263,18,lightgbm_residual
40,2.8879228105244934,3.625569488453235,232.4991050738897,140.68984587133366,18,lightgbm_residual
41,14.097757795053367,17.187853973949437,112.37835941450882,59.96112316809242,18,lightgbm_residual
42,12.008788885448416,14.947694663525477,114.09563352405804,65.97546122726273,18,lightgbm_residual
43,20.880265578367844,27.638740467423407,94.08482810375311,53.724279548885306,18,lightgbm_residual
45,12.529240347915453,15.155275813985256,330.79588426074673,87.62732013794972,18,lightgbm_residual
48,43.51373971174194,63.28966547781224,76.44477608645781,38.04658959785266,18,lightgbm_residual
49,4.383599419601798,5.873388639599546,296.2245386038537,103.05814070746389,18,lightgbm_residual
50,17.293403923588638,21.01818092817844,184.2040942477194,51.756400192892464,18,lightgbm_residual
51,1.0943477911684738,1.351158640359921,68.97361233211097,159.07313323727124,18,lightgbm_residual
52,1.2793091466684237,1.6403850183649509,85.01923939167263,108.82427076159352,18,lightgbm_residual
55,1.2130150298350502,1.5586854458276487,48.3401957106789,169.94965598218445,18,lightgbm_residual
56,1.321955723894323,1.6340527684508352,118.75824496026172,150.90031753906007,18,lightgbm_residual
61,6.428588107947282,7.9025037072516815,263.6019532807997,120.53605575523481,18,lightgbm_residual
62,1.5364883810167254,2.1540950218431365,103.05026693336778,121.22698104759,18,lightgbm_residual
63,1.1712142607717133,1.494122160929583,98.7174005939175,159.92979989051346,18,lightgbm_residual
65,4.594923079875335,6.514308930620292,231.095979713003,84.0591730037533,18,lightgbm_residual
66,9.150767718906728,12.264254898342497,237.34183099555077,112.37323392566039,18,lightgbm_residual
68,39.55719528245227,55.01170774159381,134.82265981119463,44.54642786101598,18,lightgbm_residual
69,1.5165199268514336,2.058301048255114,90.79023446757387,135.3204676270661,18,lightgbm_residual
70,7.814198806165034,11.160335511333015,146.0101417836151,85.519995048093,18,lightgbm_residual
71,1.3889460101328543,1.809219364053969,78.2942125221839,140.13695940717506,18,lightgbm_residual
72,1.8594182803100807,2.43932062365559,109.83238689588649,148.53552716928476,18,lightgbm_residual
74,15.688453132031357,19.370363580090014,102.80444482146265,64.63529395452922,18,lightgbm_residual
75,7.143384003534358,9.379532222235568,44.66473824486128,31.03802876058136,18,lightgbm_residual
76,2.261310958709513,2.814368829186607,132.59408966217055,110.62479305953043,18,lightgbm_residual
77,2.106952221491702,3.0573213119725593,160.0716981089197,158.90853102514637,18,lightgbm_residual
78,1.3719679664244187,1.713468108248327,97.10046172003757,168.66930155499043,18,lightgbm_residual
79,81.03811244617641,169.12945560011468,214.2855749290992,57.04430220131621,18,lightgbm_residual
80,21.298052701229096,27.553048857393637,812.2507500363586,136.44096967815838,18,lightgbm_residual
82,2.7954110444423765,3.44342429931935,188.879700890323,125.57346385685332,18,lightgbm_residual
83,1.04778658832256,1.345467325097241,60.76448620481817,129.72163243078694,18,lightgbm_residual
85,1.5546892662385225,1.889385071288073,105.40539263545885,142.62262329654126,18,lightgbm_residual
86,0.6547270408421123,0.9394139695087248,25.87387974456248,144.56375852274942,18,lightgbm_residual
87,19.160288279680234,25.827432846353723,165.47402763722528,69.0233380796439,18,lightgbm_residual
88,13.077566115450765,15.734209370720691,185.68681131686478,73.59121554435158,18,lightgbm_residual
89,1.676404739878513,2.0728526464685624,75.86920203130745,108.48850162112326,18,lightgbm_residual
90,32.153865796382604,47.32993562802604,147.5760749383652,48.3070375747821,18,lightgbm_residual
91,1.0586221194009073,1.3192918675046008,58.26112015192272,122.90875300588702,18,lightgbm_residual
92,1.5723533200606414,1.9556698329369604,130.55619218072167,150.58900690282078,18,lightgbm_residual
95,2.2766620466272824,2.933824232293118,155.57107196959385,119.35899188159856,18,lightgbm_residual
97,7.664785931047902,10.106395255302877,384.7318275907991,112.80076188571945,18,lightgbm_residual
100,22.48316401580463,29.28695963646013,100.25710417432168,40.77360943418271,18,lightgbm_residual
106,3.0531922327562495,3.930512091590072,261.64279415633615,138.0600215730975,18,lightgbm_residual
107,28.50417968622044,39.12987354645016,90.70022882591982,43.28581903656152,18,lightgbm_residual
112,20.115742710122742,25.150344498011144,814.3803404045283,133.4221068735362,18,lightgbm_residual
113,36.23615686642753,47.32216259151497,217.75345491044914,75.09820350651758,18,lightgbm_residual
114,42.12901058775481,81.97209309381626,327.2910869718084,71.61746206997633,18,lightgbm_residual
116,9.723478876749851,12.205113212214497,148.8574895188433,80.75452289861799,18,lightgbm_residual
117,0.7719614043422455,1.0479254381095153,20.49322330567316,156.72602665819866,18,lightgbm_residual
119,1.7943883853294562,2.372490851496431,63.113415548385376,170.29530177821445,18,lightgbm_residual
125,11.378479451796432,14.120075750095388,168.51498903492728,60.12066351452345,18,lightgbm_residual
127,2.340586822098458,3.112563820587241,164.0852132874085,114.06671744200166,18,lightgbm_residual
129,6.207449541848065,7.73045410478994,233.7655552131592,95.47141631528548,18,lightgbm_residual
130,4.090243308012593,4.835527016464843,175.85067277831985,115.64320444946571,18,lightgbm_residual
132,61.39258722409259,86.0761963877782,40.54081093794857,30.508195222418326,18,lightgbm_residual
134,1.1481942054532752,1.4975945558085901,80.02974317888302,110.29011911018465,18,lightgbm_residual
137,17.869622365365725,21.973639896939552,93.79704021279991,42.96666496903478,18,lightgbm_residual
138,72.25291543201135,90.27759421209129,608.5033055691673,74.77549901660694,18,lightgbm_residual
140,43.852886873724174,58.69859430503131,46.61489188114954,51.48244656369866,18,lightgbm_residual
141,19.88516310309176,27.28765298104687,50.48262881152462,32.01351294439477,18,lightgbm_residual
142,28.831201902329443,40.05312576675358,50.48195214998952,45.848772560124104,18,lightgbm_residual
143,15.364775753338938,22.359682669549507,44.07338539161275,42.754980749929985,18,lightgbm_residual
144,33.68987730700435,56.92777948642895,484.7788414362385,67.97465869901384,18,lightgbm_residual
145,10.949435725145761,13.594237432321096,236.05778114247883,81.50528769284293,18,lightgbm_residual
146,3.8747607906908996,5.025026187564953,107.6786893842086,76.74896278784222,18,lightgbm_residual
148,63.135970022777634,119.08066240493551,402.7839056138003,73.97155600377334,18,lightgbm_residual
151,10.582939160320594,14.177302418572276,38.48827911302149,37.9375180848907,18,lightgbm_residual
152,3.399689562586859,4.442030096539854,106.5401340275055,67.81532647960127,18,lightgbm_residual
155,1.051229340239474,1.326977100614432,64.2720483607507,155.11198624616668,18,lightgbm_residual
157,8.230070237838625,15.0044012475936,549.1921280048841,153.57621638791844,18,lightgbm_residual
158,34.233686760340056,55.969609647825024,219.26129168552407,63.812419507196275,18,lightgbm_residual
159,1.8773859804594721,2.301149259286879,152.54351001949462,140.55947358737518,18,lightgbm_residual
161,79.92140368444012,110.30874261252022,61.86497221321518,48.555506994536834,18,lightgbm_residual
162,42.76572039239068,55.466260031917415,56.44052712581681,37.93124514072982,18,lightgbm_residual
163,26.480265049125506,35.05711389439747,66.1931065387988,37.6920995082889,18,lightgbm_residual
164,36.078420457496,46.68925068191056,111.70238789172376,49.68746693970122,18,lightgbm_residual
165,0.9430192494206299,1.2104515897943582,41.95159186088256,166.01602700565243,18,lightgbm_residual
166,19.28917212067579,26.40853553429668,98.44413538491283,61.81031633247335,18,lightgbm_residual
167,1.3499586413651459,1.6842613451934696,117.30241203714975,170.8596080790567,18,lightgbm_residual
168,2.4000617682752936,3.287318231774286,170.17626174785613,119.5368211716047,18,lightgbm_residual
169,1.1944975392177557,1.5558000364684863,81.86150147014385,166.70548677374936,18,lightgbm_residual
170,28.000804743372353,35.970389969871746,102.863507181221,40.34454980094331,18,lightgbm_residual
177,2.1478070027416467,2.6074457122735706,155.5035979406496,130.1242963337654,18,lightgbm_residual
179,2.829853106096429,3.5885424878169156,142.10813308971134,84.44706050798894,18,lightgbm_residual
181,6.860208541728791,8.525418747885123,370.9842477804325,113.11614672085443,18,lightgbm_residual
182,0.9722171487390948,1.2599306189550583,79.60385692475316,163.61463388801374,18,lightgbm_residual
186,63.91278489827308,78.71628732473124,150.59818729183164,55.948725833706,18,lightgbm_residual
188,2.8594820028667183,3.568821298652178,198.62437605161284,125.76165812538056,18,lightgbm_residual
189,3.238460271141587,4.444820222033142,197.4871739454968,121.6724456107242,18,lightgbm_residual
191,1.0689957968061046,1.3731975849398954,93.31808886529521,158.5517866882101,18,lightgbm_residual
193,1.76157327020573,2.598564255170626,68.32092197410678,71.8130169801221,18,lightgbm_residual
195,1.3588203346463577,1.7787266133631716,78.70594057510914,122.02503716934915,18,lightgbm_residual
196,0.9747482135360434,1.3634275812232801,77.15150895883173,117.4209587579951,18,lightgbm_residual
197,2.1812973437787746,3.076503488895858,105.92499748861238,109.22787760758861,18,lightgbm_residual
198,4.770667891722884,6.7391085367034185,368.3009971807909,142.64138751100683,18,lightgbm_residual
205,1.5675795406354343,2.0800656610680393,161.04907980142445,167.31093456154133,18,lightgbm_residual
209,14.483337733434519,17.523334861300203,394.47032179091906,107.83976709824508,18,lightgbm_residual
211,18.544405293509097,26.75277270049306,199.50290466378632,69.09458172270774,18,lightgbm_residual
213,1.2340717593602317,1.6203874606346809,65.80388220101524,136.91356768604064,18,lightgbm_residual
215,0.8973522413159793,1.1383470687580084,53.953610726779935,112.97620346746073,18,lightgbm_residual
216,2.75815727749892,3.4161811457556186,121.11213935925953,94.20951412737618,18,lightgbm_residual
222,0.7328780643913083,1.013745947539902,42.149331922291736,155.9059426059484,18,lightgbm_residual
223,3.117380836670296,3.7110385164011594,131.5208518311001,79.72956588427036,18,lightgbm_residual
224,10.171312929329032,12.508526196849017,157.44036244444604,77.38692628376187,18,lightgbm_residual
225,4.225148174815378,5.469591755544028,214.90435577303373,95.5865091127968,18,lightgbm_residual
226,6.0914406260989304,7.712317307441823,156.88758658927034,65.43566971062035,18,lightgbm_residual
228,5.83647317758895,8.530034660840252,327.2245243687067,123.4120232118586,18,lightgbm_residual
229,15.355466383755504,19.563659280424954,79.11369360867856,33.5503541816528,18,lightgbm_residual
230,42.76534134129053,59.80158487017156,57.47124902963579,35.80416438365438,18,lightgbm_residual
231,21.054228485397342,30.698545581334844,254.80005812382083,49.404417717919166,18,lightgbm_residual
232,16.045358631269497,19.408844653252952,278.0216017742871,82.77175490876995,18,lightgbm_residual
233,14.45870725237909,18.826585403650707,73.84983340315324,37.62763410983479,18,lightgbm_residual
234,65.9575670559907,87.31302669047577,228.57511472534776,80.83433539651578,18,lightgbm_residual
235,1.4933215274645588,2.1180339076567085,66.73285570009223,156.950875665759,18,lightgbm_residual
236,69.16878492520505,95.25261035374807,113.58606439943478,59.91535012289975,18,lightgbm_residual
237,80.55485747206038,108.59106483442784,101.66668242498092,51.604051389221375,18,lightgbm_residual
238,16.822767905050032,22.88930367223819,67.2835622973297,32.66298086748782,18,lightgbm_residual
239,27.196849189031564,34.50020895511532,84.2155528421628,41.65702388335625,18,lightgbm_residual
243,5.754015726257857,7.849008052084209,332.1035585173638,97.29139374269387,18,lightgbm_residual
244,7.142754371741385,9.531031277091301,100.00818165097823,65.03240058146527,18,lightgbm_residual
246,35.79104551842912,49.86177764331084,193.75228817776807,41.9883899340465,18,lightgbm_residual
247,2.087305426427291,3.564549873815783,92.19071401065413,125.49141787387198,18,lightgbm_residual
249,61.15396845212655,113.0399200083654,179.9406223516466,83.47974119337341,18,lightgbm_residual
254,1.0002267555058084,1.2962901162358795,66.3633512426921,160.5879856394687,18,lightgbm_residual
255,29.80625611444526,35.09309514586628,1018.5261009574176,150.45859959436737,18,lightgbm_residual
256,18.735415567351858,21.213069384145093,865.9715874027461,133.41957096360005,18,lightgbm_residual
258,1.184146107164093,1.5292984848352733,51.44104705208665,147.9271186336566,18,lightgbm_residual
260,2.782195771029654,3.4710876445862677,146.42471054214118,100.67841882600642,18,lightgbm_residual
261,12.716692083047695,16.300413525934985,164.93135253290566,66.26632052812278,18,lightgbm_residual
262,20.534300832658175,32.233806658157185,68.96156101620426,43.935387274912024,18,lightgbm_residual
263,20.563105839318066,28.3883342013446,67.99157050250652,41.76358877964796,18,lightgbm_residual
264,2.886337487338148,3.599361255797594,119.22350897553027,80.5243131343814,18,lightgbm_residual
265,4.081758518851473,5.128632551625486,171.29165224158746,95.67027745268472,18,lightgbm_residual
4,10.414485602388286,13.524046718909814,188.1450730618216,72.15354197971428,19,lightgbm_residual
7,12.591701979907567,16.002274561230465,281.01500693411197,93.25083312529978,19,lightgbm_residual
10,2.168991383732715,2.710236162725427,121.70191151432108,102.56165913758319,19,lightgbm_residual
12,2.1185575298283728,3.063195898949627,103.35184356551433,105.0040808479107,19,lightgbm_residual
13,17.37235454468451,25.114896150792617,66.46917595380805,80.1058956597837,19,lightgbm_residual
14,1.0205966161402293,1.3305507216738715,80.90511264873503,130.0038465187545,19,lightgbm_residual
17,3.1202633021067716,4.080175365406199,173.61641052353008,122.4341709380247,19,lightgbm_residual
24,5.6319094852052425,7.680369871309981,86.5741483174518,53.88741935364922,19,lightgbm_residual
25,4.036799270068593,5.758239566094647,116.98951993147604,104.79739032142466,19,lightgbm_residual
26,0.6639653510665542,0.9972535314549271,59.13428098242923,117.15343365347661,19,lightgbm_residual
28,1.1168090459863282,1.4571463304585888,71.25331305280122,130.77554314404472,19,lightgbm_residual
33,4.2846122672500675,6.100284408668304,165.01961127200613,77.15829452309823,19,lightgbm_residual
35,1.3418531045767885,1.693410455896979,84.56967378230729,141.39065949079912,19,lightgbm_residual
36,7.996167150838989,11.65477339908516,515.0894304583072,146.05869308273432,19,lightgbm_residual
37,10.561374551932866,15.304000158481436,503.9976678923932,129.03184217424112,19,lightgbm_residual
39,2.2170064036176953,3.0092095815476023,73.82433602291466,134.34708871078462,19,lightgbm_residual
40,1.2812186925220275,1.7836978785518893,76.5757695551843,104.34772166933772,19,lightgbm_residual
41,8.647687643091933,10.393413746938402,91.14151727562539,58.64990684179413,19,lightgbm_residual
42,6.112326616809898,8.624712807921657,83.74083471690548,55.986905331428716,19,lightgbm_residual
43,14.17708098497949,19.999010163662383,39.13657737345644,57.69252857938731,19,lightgbm_residual
45,6.208686279276518,9.041199348553294,126.502392071334,57.986200651283944,19,lightgbm_residual
48,29.76707496528282,35.62811126948589,70.19952561785493,40.05539375832038,19,lightgbm_residual
49,3.165403849700755,4.038417142769144,157.90012339991745,124.88052533858774,19,lightgbm_residual
50,18.519244827796207,23.374171520812006,93.15747374192235,56.879880279919156,19,lightgbm_residual
51,0.7654256434828964,1.0684944391396716,60.90608481658658,123.6152612538226,19,lightgbm_residual
52,1.1563050399529553,1.5534133083514814,107.69251590623523,119.53967142784161,19,lightgbm_residual
55,1.0154006521075394,1.3353130772977124,59.14842994422516,136.87026839963804,19,lightgbm_residual
56,0.9940770645501186,1.4780857280623383,67.89925698496471,122.52514109400505,19,lightgbm_residual
61,4.289432355481785,5.757641493504179,162.83923202297527,108.18401418566282,19,lightgbm_residual
62,1.2266808660056032,1.6632452867306,65.20474281069804,150.60146815314647,19,lightgbm_residual
63,1.5554045309639968,2.3696527633024465,78.93128222780825,113.0047204973157,19,lightgbm_residual
65,4.077536118950363,5.597507056603435,165.94883345115034,83.16765260607818,19,lightgbm_residual
66,6.249148327798991,8.701819451993753,306.8455073690126,94.50281855700025,19,lightgbm_residual
68,34.9195195791422,47.01401835862798,65.25981457175246,41.025335841845575,19,lightgbm_residual
69,1.3221901331855686,2.0691528286040057,91.88536452236241,117.00537632751686,19,lightgbm_residual
70,6.290698194505641,8.765324787414848,76.8966050437825,68.99051846369446,19,lightgbm_residual
71,1.1167750446311129,1.4638007025018176,66.9243679612179,130.82809443011578,19,lightgbm_residual
72,1.0232697220674198,1.3733440231786425,73.36760563450062,110.24162629443056,19,lightgbm_residual
74,13.590437456752184,17.609884438652394,134.29898944794334,71.9135676172975,19,lightgbm_residual
75,15.398578759322007,21.207432245400167,55.05430528633218,54.03955297542135,19,lightgbm_residual
76,3.1962420174690807,4.552542976559623,149.54115912268662,121.11536695270597,19,lightgbm_residual
77,1.086535558114958,1.4279077292200955,83.7841647767605,138.98217452605385,19,lightgbm_residual
78,1.3846016074698504,2.194521416633521,166.94572709331018,123.7115984109238,19,lightgbm_residual
79,38.47468028980431,50.85611920583263,115.27166924338756,56.90819311650201,19,lightgbm_residual
80,10.083395853115665,16.969665056394252,555.1020087619354,105.38482577576553,19,lightgbm_residual
82,2.292008351090644,2.9155875354832355,130.06352895011273,127.066287153613,19,lightgbm_residual
83,1.2045598836687212,1.590560523376612,104.95750616560491,124.46504637244406,19,lightgbm_residual
85,1.1812122542701242,1.4492925636874856,76.14528423734038,130.22271986006706,19,lightgbm_residual
86,0.8548442229925453,1.23867527919,56.35757500364842,136.94287259944306,19,lightgbm_residual
87,15.959028861643915,21.65904824520176,167.50696167407864,64.75752576278369,19,lightgbm_residual
88,8.67263266686919,11.886162402980439,134.43848099113453,60.241338521769535,19,lightgbm_residual
89,1.9848586322514745,2.9982324870704335,67.91019421138658,108.53676961895103,19,lightgbm_residual
90,22.27090209741966,26.317410831808097,86.5811313263503,51.15385650565224,19,lightgbm_residual
91,1.3862746521818332,2.1735522334130555,66.83868688970747,136.71917081098138,19,lightgbm_residual
92,1.793694323712403,2.6200090029957317,156.39897696702312,119.87559153826555,19,lightgbm_residual
95,1.9044296184525702,2.558207264979748,147.45873915098244,136.2074253348252,19,lightgbm_residual
97,3.8332665501082275,5.153250545006734,161.12755485971158,93.90129408174796,19,lightgbm_residual
100,22.8213625041065,29.304755730890093,61.87335212109145,45.78591466827862,19,lightgbm_residual
106,0.9700744195365084,1.337153107192989,70.74735594819599,126.43100403796261,19,lightgbm_residual
107,23.649780893495954,31.5359868782271,50.634629242004934,44.77374611839357,19,lightgbm_residual
112,6.371396272804198,9.073420347179454,224.86752868426453,100.65823034547793,19,lightgbm_residual
113,16.47582635608612,21.840329981732303,129.66069046855745,59.444256396240384,19,lightgbm_residual
114,21.5486446337466,30.358368577120483,122.83983087613576,64.15103374044122,19,lightgbm_residual
116,6.386153802721484,8.672185003415006,120.24679163473628,71.58005908661444,19,lightgbm_residual
117,0.8837916350422348,1.2209384129918202,74.51738613501576,144.33395693514126,19,lightgbm_residual
119,0.6693497485575488,0.9123829178168673,65.510948674261,135.79336257068397,19,lightgbm_residual
125,7.813220110721244,9.697011576746062,82.16661895831406,58.07100478687355,19,lightgbm_residual
127,1.8605522581381801,2.240762772572025,103.43929483370948,119.28122094971343,19,lightgbm_residual
129,4.172000410870221,5.305853926190122,177.85152490953365,79.60227606422724,19,lightgbm_residual
130,3.433642930072301,4.302967749801129,149.4284395217615,112.4392567217845,19,lightgbm_residual
132,59.4124986002536,80.36280393521984,46.41217439175486,31.621575259742325,19,lightgbm_residual
134,1.1452434302856132,1.4927079765850408,75.76709493486999,124.65067748247405,19,lightgbm_residual
137,16.14038845752425,20.29161589530764,53.89778078547728,46.51259485824167,19,lightgbm_residual
138,53.315476014876005,78.28115410033878,55.03834721741514,57.437051557382915,19,lightgbm_residual
140,58.20398116884002,76.5869748757717,49.567092922418816,66.65104027974085,19,lightgbm_residual
141,38.78252104400779,48.687818434748834,55.6018441444951,53.97644700410721,19,lightgbm_residual
142,41.6170195174166,62.00236145780629,56.83984648864197,56.80845105550039,19,lightgbm_residual
143,19.131013689392628,30.164040029123317,42.68903256108011,56.80428826154428,19,lightgbm_residual
144,20.476590415478466,26.56452508873502,211.09971748952293,62.925469110401146,19,lightgbm_residual
145,10.273052767803291,15.189503630174329,198.6973477993126,102.50324656689968,19,lightgbm_residual
146,4.313840556056824,5.768234017881915,186.8186038108067,84.58876602584155,19,lightgbm_residual
148,38.942615464833146,60.325817956131495,291.7633032325256,86.1418421164754,19,lightgbm_residual
151,9.943801745991225,14.147422081465777,49.12006969595403,49.3494165843258,19,lightgbm_residual
152,4.2760191600243305,5.26945871548276,138.34297009699048,80.7898712595288,19,lightgbm_residual
155,0.7737382741064923,1.013134316775418,65.02943738712048,126.3877659820375,19,lightgbm_residual
157,4.901784595437956,7.986129381830939,250.2191787606874,149.9099271571998,19,lightgbm_residual
158,17.506696462594494,25.022308762835717,175.3617267609405,73.13520382272502,19,lightgbm_residual
159,1.299446178974912,1.7714258813691228,138.49398955900284,110.64687239700511,19,lightgbm_residual
161,84.96419118151874,127.25739816252359,46.29738594379621,50.274123193716726,19,lightgbm_residual
162,48.44592556359865,70.02182436107574,67.68781796527789,54.92098157338387,19,lightgbm_residual
163,50.3296312437528,76.2120794435238,49.97452576475103,55.138823972027815,19,lightgbm_residual
164,25.8219075143887,34.30790809226553,51.273212030633175,42.39337257166138,19,lightgbm_residual
165,0.659533644009642,0.940604407576822,45.28967975178767,120.29891967183426,19,lightgbm_residual
166,7.567919296233252,10.410636744746958,62.9751414800494,49.79270561677051,19,lightgbm_residual
167,1.1579070306991663,1.5510304980893534,67.52961543780897,135.57451301334993,19,lightgbm_residual
168,2.4176783030496782,2.9573834192317174,192.9893216735735,136.53651211589315,19,lightgbm_residual
169,0.8809137222330952,1.3004037852743904,83.06673832360812,125.26773208658737,19,lightgbm_residual
170,33.21115908848431,43.05918219629474,47.044191274441985,45.27809774516955,19,lightgbm_residual
177,2.080314302529952,2.9212746419254705,147.69637088692525,129.44482251995,19,lightgbm_residual
179,3.008405831482255,4.229947056245003,125.4282860845431,95.6966432822777,19,lightgbm_residual
181,3.5148841847715553,5.521384490339996,172.4252351301726,113.63472210009495,19,lightgbm_residual
182,0.8920849538501278,1.1413604093947811,84.82093526265211,144.56441008539164,19,lightgbm_residual
186,79.56686303198599,107.44418458795317,64.40508433824124,54.51804355180227,19,lightgbm_residual
188,2.1419440126378513,3.064302493594655,112.25885296737215,100.0657420859285,19,lightgbm_residual
189,1.355870846332996,1.775137316385245,90.30566808915601,114.74989562721653,19,lightgbm_residual
191,0.9891457668863471,1.2811009924923318,95.97608156507498,136.92285256777976,19,lightgbm_residual
193,2.632768609054446,3.629311262276215,65.62992002108709,74.10461010458467,19,lightgbm_residual
195,1.249364322385688,1.9001647272104563,68.90622317702622,123.47056835473033,19,lightgbm_residual
196,1.2377566296517284,1.7649489877124107,105.58414358695636,128.5239802074124,19,lightgbm_residual
197,3.004139349653711,4.133916714090547,180.4455947778049,123.36125962776426,19,lightgbm_residual
198,3.455748813160651,4.993468068427009,277.7938870019812,137.35336933948182,19,lightgbm_residual
205,1.3226302904397544,2.0403708040204416,89.44100840241039,134.679459562649,19,lightgbm_residual
209,6.9208539495783015,9.795691547790177,162.44552412967735,78.84680132606177,19,lightgbm_residual
211,13.105977213295494,17.37404629111405,142.9246025836986,69.00352821349911,19,lightgbm_residual
213,0.8511975847550852,1.1577238464765385,72.06176739227269,130.5885569070012,19,lightgbm_residual
215,1.5920483167220434,2.0668131775951064,81.54028699102594,139.70440426996265,19,lightgbm_residual
216,4.179970854958885,5.426459788827128,226.4422989098517,103.60382151097015,19,lightgbm_residual
222,0.7193297007554517,1.1485336961404404,62.589809715855985,129.0705386101445,19,lightgbm_residual
223,2.9847065907346093,3.8695208916773827,129.90380528887314,85.72431761697628,19,lightgbm_residual
224,4.379855373698563,6.069940303163701,56.192164424920485,51.85290881846646,19,lightgbm_residual
225,3.1887946011963106,4.858783314936164,208.22150746707388,86.99845962846557,19,lightgbm_residual
226,4.950326963845331,6.1788257162293165,105.21720338444732,72.866929479724,19,lightgbm_residual
228,3.076754029464501,4.279388872418254,231.2545901930256,137.2695992273153,19,lightgbm_residual
229,22.667493497771716,30.48257898954243,54.94965511190686,48.60172342710314,19,lightgbm_residual
230,39.17691300352035,61.024662615230575,34.043196311436304,31.332627122459417,19,lightgbm_residual
231,20.998430214688774,25.564814899627773,96.73101061043491,58.67209048151977,19,lightgbm_residual
232,11.037368507705558,15.297241027905988,220.59730364281344,73.52953688440338,19,lightgbm_residual
233,18.21247773268097,25.893907388975716,57.685493637459054,51.31475042607303,19,lightgbm_residual
234,43.985233978951975,53.62023266921033,138.9193773367262,66.64397447735978,19,lightgbm_residual
235,0.895394655472182,1.4342066107698994,112.59817976079272,112.9633258844385,19,lightgbm_residual
236,96.58180553495986,127.04936287859053,71.86466896432533,82.08470347373441,19,lightgbm_residual
237,101.88727278647758,130.9056054934167,96.83810924982191,78.51915658054182,19,lightgbm_residual
238,24.506421650266645,32.854902035528916,43.02086668839713,52.358478686792125,19,lightgbm_residual
239,31.939626994821115,41.69231520740242,59.61942521737177,51.33773910499125,19,lightgbm_residual
243,3.549162075607055,4.328965966435072,154.53439924489663,92.35876804340334,19,lightgbm_residual
244,5.40008120812026,6.832763296239336,76.8507348934672,59.783684550119624,19,lightgbm_residual
246,23.758608740334125,32.87242368882729,125.12070194860698,40.27101104822761,19,lightgbm_residual
247,1.5766003248072042,2.0603910251349937,95.38598325891093,119.59607618386599,19,lightgbm_residual
249,26.93376641107253,37.118546657844,74.22225238738086,58.81526982633605,19,lightgbm_residual
254,0.837906570886369,1.1731508979296212,56.845763738534274,117.54463505137396,19,lightgbm_residual
255,18.285695659389713,25.308205418231413,680.2658597147292,128.87608343273658,19,lightgbm_residual
256,11.069808993819118,15.578426775470263,474.620816267218,122.70980310529842,19,lightgbm_residual
258,1.4318216784379134,2.236537694109394,74.95647056274082,122.43768343718739,19,lightgbm_residual
260,2.887385649899494,3.758899339148888,155.13639306415897,115.53676547092812,19,lightgbm_residual
261,5.694582256786471,7.6743831342379325,55.23813350894561,54.67092522262114,19,lightgbm_residual
262,32.06071840217916,49.268437547672555,61.12125689367646,72.60051314895126,19,lightgbm_residual
263,29.437986229967418,42.101401491081354,50.48191658299319,50.55009548913196,19,lightgbm_residual
264,3.2694441369622464,4.53200939004599,68.21784344921863,86.11334694711468,19,lightgbm_residual
265,6.1845612435195205,8.324164285759942,332.88873996811606,110.36221977030391,19,lightgbm_residual
4,21.181359240123115,31.684475561960213,367.36157656264703,88.88247110205513,20,lightgbm_residual
7,7.978682011021682,10.517566410951273,162.11985901180063,76.61904069369395,20,lightgbm_residual
10,1.5980038251206785,2.186493481115606,82.70141385499558,89.4871601825593,20,lightgbm_residual
12,2.3969211847323275,3.222435163827115,180.0144528168752,125.70944198007389,20,lightgbm_residual
13,17.97052867390028,26.558745747297436,47.3052097467144,67.66782990070477,20,lightgbm_residual
14,1.4318240662127446,1.7639095511663447,102.84839693589758,134.9141367614802,20,lightgbm_residual
17,4.200858372659479,5.6728461629143325,210.23032122528562,101.4821184398442,20,lightgbm_residual
24,5.875877384971634,7.42900317255033,81.84115976843883,50.33670351065698,20,lightgbm_residual
25,6.157576166744466,7.969802536979288,287.65753774156155,96.52195769026206,20,lightgbm_residual
26,0.9224409262347315,1.1672690355401432,53.10955877183554,168.4265424112066,20,lightgbm_residual
28,1.0202077090885615,1.301631948672603,58.12368787123945,128.7806314003325,20,lightgbm_residual
33,3.691656343729162,5.064737562408344,85.32074890380574,69.88852826107394,20,lightgbm_residual
35,1.679007254639555,2.1034482629409537,78.54605619034363,130.3838712248745,20,lightgbm_residual
36,9.583732305152497,14.523724452513349,652.4647828510954,136.5569652814679,20,lightgbm_residual
37,13.834950562821312,19.126522632699352,689.906851288078,121.72132966654351,20,lightgbm_residual
39,1.85378044953618,2.342863955626362,117.76829180390254,125.07453113211699,20,lightgbm_residual
40,2.361953176228093,3.4929677188115686,133.91499054388098,119.19941469337488,20,lightgbm_residual
41,16.83667258869059,20.966825783985787,106.31789517974445,68.63367123900798,20,lightgbm_residual
42,12.218710946917875,15.455999985022112,123.02138140692813,71.4146573251074,20,lightgbm_residual
43,11.309810666976356,15.245456932792257,52.06078373431329,39.01264811433978,20,lightgbm_residual
45,10.05992587944323,12.132949926243091,199.00283363320224,78.72531429403557,20,lightgbm_residual
48,36.75078683425909,53.21361159181784,79.38151895694557,40.25406977492136,20,lightgbm_residual
49,4.800290723714589,6.146847053995151,281.00116673557505,105.18786369562831,20,lightgbm_residual
50,19.626070835912163,24.69689503674476,188.56435861932795,60.914294237868866,20,lightgbm_residual
51,1.2098629333320856,1.5390322581730154,102.08342764825957,148.10600559197934,20,lightgbm_residual
52,1.6969262177466413,2.2813073264990185,94.29215314703562,109.22467406678913,20,lightgbm_residual
55,1.3725641834500415,1.683229770415388,140.76331901349818,154.87356934681998,20,lightgbm_residual
56,1.2919923948753618,1.801889875453143,55.634510316253824,144.33568594215413,20,lightgbm_residual
61,5.600267603102963,7.3645246996591265,261.777882050838,102.81440984908066,20,lightgbm_residual
62,1.3912671856679328,1.708834231139096,74.89010574065182,147.0147413360302,20,lightgbm_residual
63,1.368842919744503,1.8844283476945496,86.87025006706908,127.2655284185878,20,lightgbm_residual
65,4.533926685858024,6.043347694024389,146.15147149266198,79.28856677156482,20,lightgbm_residual
66,7.310698035745598,9.388175585155407,192.7249269171438,89.2883144925952,20,lightgbm_residual
68,33.086235144197225,45.565414134801486,91.1430700805042,36.38209059915338,20,lightgbm_residual
69,3.3173805492828734,4.9064118510288655,182.06291064126103,136.14756811609294,20,lightgbm_residual
70,9.915568943332866,12.761335013126452,151.8632749390368,83.78192890566181,20,lightgbm_residual
71,1.268754780267567,1.667091682198294,91.42226408306412,110.17266187764817,20,lightgbm_residual
72,1.3641973456314176,1.7161743890198575,78.73622033236606,121.0895375602956,20,lightgbm_residual
74,15.137267605133127,18.60363526900799,106.68672725165248,65.58541326875734,20,lightgbm_residual
75,11.707560443504681,15.862467855195694,69.98805080367264,42.715351318168736,20,lightgbm_residual
76,2.2805372616246085,2.8114395845463434,126.58955058384325,110.2433814909363,20,lightgbm_residual
77,1.5658986773019221,2.3665603273323566,191.31708203349154,146.18066024846982,20,lightgbm_residual
78,0.9202778713201886,1.2201926831596153,60.110954579929135,141.4615861312398,20,lightgbm_residual
79,73.33074445174363,155.85525124844366,245.00035330479176,54.09228918978203,20,lightgbm_residual
80,15.713722106449836,26.36137805514323,1070.4968472439186,139.7796098612279,20,lightgbm_residual
82,2.17002952392666,2.602681862116427,127.28458254658803,119.46103459460382,20,lightgbm_residual
83,1.1063446772733303,1.3653503438419772,92.14924336663645,131.38409605157804,20,lightgbm_residual
85,1.5504760099512869,2.005759129592078,90.05331577712387,136.5849149877437,20,lightgbm_residual
86,0.946335838726165,1.2028751299398381,84.29186041296882,150.86383566632097,20,lightgbm_residual
87,17.284604255756516,26.55882700600339,214.03926815848257,62.648332672584615,20,lightgbm_residual
88,9.478205423551968,12.634279148367034,163.75839670296847,62.35444932951688,20,lightgbm_residual
89,1.9621354774666837,2.4124857714539183,121.24103936549302,102.08032777979814,20,lightgbm_residual
90,24.61630268527723,39.82756592336804,136.70281811737618,42.88660666578221,20,lightgbm_residual
91,1.0321052302585245,1.4045929627529286,68.7163012232462,119.54368315342852,20,lightgbm_residual
92,1.9088288452705313,2.539447275315791,148.70924604389654,137.9479701983237,20,lightgbm_residual
95,2.0625475227719803,2.86819707190853,108.95606640180549,118.3054814551815,20,lightgbm_residual
97,11.415293109049719,15.945418541685951,374.5335660352911,101.81104295537159,20,lightgbm_residual
100,20.601563580445134,26.380702203623137,71.69334262003167,41.53397703117418,20,lightgbm_residual
106,1.8973713270461603,2.48014861776879,116.93175071104108,138.89071818915724,20,lightgbm_residual
107,30.52616651140423,47.269338155751306,139.07091738946303,56.668378668959555,20,lightgbm_residual
112,10.336428008646664,17.600981129739377,307.1199385592915,118.15877444629085,20,lightgbm_residual
113,21.677042350126396,31.014225291045992,176.05075269809046,49.594625811406196,20,lightgbm_residual
114,41.03433243659268,76.76254140339582,365.76781608076453,59.53029658860706,20,lightgbm_residual
116,6.870379254911934,8.44460442631665,98.7441559258413,68.69190278220391,20,lightgbm_residual
117,0.9132175035317204,1.2407981613100774,51.67946319063314,152.9418447744545,20,lightgbm_residual
119,3.6440773803857063,4.872531568264302,176.76071966132722,163.95989400191704,20,lightgbm_residual
125,11.951782201272046,15.228918495691975,115.49801306106502,58.446845688212846,20,lightgbm_residual
127,3.3814027270650135,4.384963500794782,198.72868805145373,130.36453683624066,20,lightgbm_residual
129,4.608608056424087,6.228545820025634,263.5903175490592,91.07135903113893,20,lightgbm_residual
130,3.0132431839157583,3.9221526505465216,129.9501490392557,95.71579982792917,20,lightgbm_residual
132,45.13802009027077,59.74211163172041,35.42273923934422,26.44269620202473,20,lightgbm_residual
134,1.6818182862272,2.391918543044361,97.69468033120435,118.01722738794456,20,lightgbm_residual
137,17.00178831174934,23.15934273371132,92.15165013999828,43.34979983213666,20,lightgbm_residual
138,37.0622983158627,46.943830160046105,129.99983874610152,52.636823691914834,20,lightgbm_residual
140,50.343769558048116,66.8190474926238,55.651652081874914,55.6891173260074,20,lightgbm_residual
141,29.29277302819817,39.179149175771826,124.73374396513421,52.774028951341116,20,lightgbm_residual
142,36.76017850238858,58.93955795417613,55.696043210201886,49.92237984242838,20,lightgbm_residual
143,15.478980528054768,21.71221068873495,73.67251561228792,50.37371622371643,20,lightgbm_residual
144,39.39154201183868,57.03740967132309,607.1090525461871,80.93662223728195,20,lightgbm_residual
145,10.263789537533851,13.384948528962102,173.7242031843977,80.84768052052927,20,lightgbm_residual
146,3.9055516515215523,5.486106223772816,145.41177899688537,73.94263531738137,20,lightgbm_residual
148,53.89925656504721,110.63600239899087,346.32286767656075,69.54004619149583,20,lightgbm_residual
151,12.782075272697028,16.502181385819778,61.11192044587075,45.54222718601438,20,lightgbm_residual
152,5.566361153851314,7.035181313525357,210.06002898422093,87.30660008353016,20,lightgbm_residual
155,0.5918862558322572,0.7846822505971641,66.34210432532377,141.82057478110804,20,lightgbm_residual
157,7.383021580236307,11.824382176858183,788.4451200511256,171.75429789327163,20,lightgbm_residual
158,26.648938698632012,44.610832545149755,483.2718006177698,60.41971324567564,20,lightgbm_residual
159,1.5082241939317174,1.8923358271339599,110.60764929693671,133.95171471317167,20,lightgbm_residual
161,106.62817485392615,156.83779329081847,51.77061788026472,61.28195657715769,20,lightgbm_residual
162,71.77769243587595,97.21505984394001,59.28204284497111,62.277753629785614,20,lightgbm_residual
163,33.3479050370881,47.61917879570599,70.76091529978828,47.47611344686859,20,lightgbm_residual
164,29.304490316001864,41.371248576276365,77.14590922088043,41.11219944025595,20,lightgbm_residual
165,0.7701782705154665,1.0925571757042,31.670096417648658,145.69568197632543,20,lightgbm_residual
166,9.692740976646435,12.632605070012923,78.10561423726902,50.607630834412596,20,lightgbm_residual
167,1.5960763333977794,2.018269646727045,64.65218950157112,155.35011861326072,20,lightgbm_residual
168,2.5273811027012134,3.156187323953559,114.67982967717893,105.22660156883269,20,lightgbm_residual
169,1.3882616623110728,1.8273951087823428,34.37823121926052,162.49593197199908,20,lightgbm_residual
170,36.12896695564038,49.94865427345529,64.94528074880527,44.485863086046756,20,lightgbm_residual
177,1.792286382401833,2.445326468028501,77.86392421674215,124.70825086055811,20,lightgbm_residual
179,2.955520061220741,3.903821888758393,132.8934000163668,80.70211351422022,20,lightgbm_residual
181,6.32694389773538,8.669643740650727,269.8920019543379,119.09843156416385,20,lightgbm_residual
182,0.9367472704119745,1.4315562441712444,32.66199785006669,145.58829501414942,20,lightgbm_residual
186,77.25260842414785,92.9931261517339,97.06730178453792,61.22564464081477,20,lightgbm_residual
188,2.449684005536793,3.128867150663074,163.56560511091556,107.50445146687959,20,lightgbm_residual
189,2.4385334198763853,3.3125591299100203,147.6490650869285,106.61256871800867,20,lightgbm_residual
191,1.014136547759742,1.3689722428457207,91.0676618642428,141.48835985519375,20,lightgbm_residual
193,2.632357635026224,3.4071569836988367,61.71030476414504,84.97808339645168,20,lightgbm_residual
195,2.228658660233283,3.3937518905036095,181.10882617830188,130.1316237805042,20,lightgbm_residual
196,1.3227576776320384,1.5939376196177233,76.9485659605239,149.78864946513124,20,lightgbm_residual
197,1.69177845101143,2.093611110542985,132.83918193010078,97.87004044923272,20,lightgbm_residual
198,3.471534212318416,4.731771004874816,275.3822348354802,131.69735943507234,20,lightgbm_residual
205,0.9746888856422272,1.1822103421708003,74.00883463238989,149.2104855754549,20,lightgbm_residual
209,9.853791831130017,12.527364104591324,218.21268682479072,88.8264427459474,20,lightgbm_residual
211,19.828539390120824,27.158406300387878,389.1803259931586,74.28958052871161,20,lightgbm_residual
213,1.2508765048507253,1.6000935798940426,84.86591444644928,151.82275401832018,20,lightgbm_residual
215,1.1911148641144995,1.6001999503618118,79.1331329273117,101.24417618506594,20,lightgbm_residual
216,1.880102920576255,2.4005010241949836,97.02999933359729,73.21624299330428,20,lightgbm_residual
222,0.7300965347896056,0.9918848307644789,76.76857309155876,146.83077397957337,20,lightgbm_residual
223,3.5527345437898994,4.628023537794546,157.52673204658325,91.84006118399138,20,lightgbm_residual
224,8.41996233639135,10.527203436092044,164.29367952509745,73.85545909005998,20,lightgbm_residual
225,4.653465959495076,5.535013164825842,209.62370814681344,107.42550466260043,20,lightgbm_residual
226,3.4862978068895516,4.5922817314235544,83.56383367672494,45.698009931004286,20,lightgbm_residual
228,2.548039196313115,3.379812402634254,131.61067895429883,125.73585701249253,20,lightgbm_residual
229,19.60266111072548,27.32346334658051,77.80710834268795,44.280457635889626,20,lightgbm_residual
230,42.829287855522146,61.347121174274314,68.85103375670522,37.102800270810235,20,lightgbm_residual
231,26.020323492917452,37.98663383188261,135.80378213566854,57.65613763755973,20,lightgbm_residual
232,12.766654262402403,16.19833816355293,210.03029663225684,71.94939392598404,20,lightgbm_residual
233,15.12058488764501,19.85144453071792,72.30053526770418,40.47621910068802,20,lightgbm_residual
234,49.62223990470155,69.35628816022228,99.73437266383249,51.910180060488464,20,lightgbm_residual
235,1.1758445896888745,1.5479829611849398,56.308646587311465,154.02923141714842,20,lightgbm_residual
236,76.58793515524174,106.65825896843452,61.5301038686416,59.26230301236783,20,lightgbm_residual
237,91.0913655926425,116.41361669001786,80.05855172522854,66.29080579797012,20,lightgbm_residual
238,18.589768878138717,24.345284063360005,80.63399554860594,41.26435999439311,20,lightgbm_residual
239,27.28210811500831,36.61016159307952,97.64121288361912,50.218146347359955,20,lightgbm_residual
243,4.784815635333068,5.952790094954295,233.02463307759874,91.54152197172142,20,lightgbm_residual
244,7.781599015493988,10.620570458190937,111.21751203706536,62.12554001475104,20,lightgbm_residual
246,32.12481441826498,47.27061728006004,269.3464811800877,48.920659200841726,20,lightgbm_residual
247,7.668966301121845,12.22685975581523,279.76329009050016,150.2193780340704,20,lightgbm_residual
249,41.7627156661381,90.84157656188694,142.85099975111055,52.549115046043255,20,lightgbm_residual
254,1.0881909211972511,1.4384439614475006,70.23155584602058,148.0449239437419,20,lightgbm_residual
255,26.101708337122634,35.61288327049104,705.6456468559765,138.3018155050838,20,lightgbm_residual
256,16.006736179758185,20.153688402192447,719.2205324727835,130.30804769021304,20,lightgbm_residual
258,1.2639853069834288,1.588715115315477,75.49057214915071,136.09551635309182,20,lightgbm_residual
260,2.8270227343410723,3.598196865808319,161.87866614859107,99.03925973510297,20,lightgbm_residual
261,8.699271025751335,11.650282704581056,106.81446121104685,60.302710852608776,20,lightgbm_residual
262,21.450291497836556,36.64291776356268,66.21326408494932,41.83254653526188,20,lightgbm_residual
263,27.812181292947837,41.6148176488337,113.64744717126658,41.781814576078965,20,lightgbm_residual
264,2.849216957623568,3.656512853453166,60.804741906164296,74.48063038186385,20,lightgbm_residual
265,3.790323446873428,4.603529883859884,277.90404887085646,113.94158254894576,20,lightgbm_residual
